timestamp,fps,cpu_percent,memory_mb
1786397223.0350451,0.0,0.0,36.7421875
1786397223.051381,0.0,120.2,38.35546875
1786397223.0645685,0.0,0.0,38.35546875
1786397223.0785675,0.0,140.8,38.359375
1786397223.0926275,0.0,72.1,38.359375
1786397223.1104553,0.0,56.2,38.359375
1786397223.1241264,0.0,0.0,38.359375
1786397223.1404765,0.0,61.2,38.36328125
1786397223.1559608,0.0,64.5,38.36328125
1786397223.1715515,0.0,0.0,38.36328125
1786397223.18698,59.52381134033203,64.4,38.36328125
1786397223.2024457,59.52381134033203,0.0,38.36328125
1786397223.21831,59.52381134033203,63.5,38.36328125
1786397223.2372375,59.52381134033203,0.0,38.36328125
1786397223.2541149,59.52381134033203,59.3,38.36328125
1786397223.2704797,59.52381134033203,61.1,38.3671875
1786397223.288345,59.52381134033203,56.0,38.3671875
1786397223.3066642,59.52381134033203,54.6,38.3671875
1786397223.3287883,59.52381134033203,45.0,38.3671875
1786397223.3437781,59.52381134033203,133.5,38.3671875
1786397223.3537407,60.975608825683594,100.6,38.3671875
1786397223.3685145,60.975608825683594,0.0,38.3671875
1786397223.3835564,60.975608825683594,66.5,38.3671875
1786397223.3987415,60.975608825683594,0.0,38.375
1786397223.4181063,60.975608825683594,51.5,38.375
1786397223.4355288,60.975608825683594,57.5,38.375
1786397223.4476764,60.975608825683594,82.4,38.375
1786397223.4654636,60.975608825683594,0.0,38.375
1786397223.481729,60.975608825683594,61.5,38.375
1786397223.4978375,60.975608825683594,0.0,38.375
1786397223.5128698,62.5,65.8,38.375
1786397223.5289574,62.5,62.1,38.375
1786397223.5446217,62.5,64.7,38.375
1786397223.5618024,62.5,58.3,38.37890625
1786397223.5777266,62.5,0.0,38.37890625
1786397223.5955975,62.5,55.9,38.37890625
1786397223.6105776,62.5,66.9,38.37890625
1786397223.6281123,62.5,56.7,38.37890625
1786397223.6495938,62.5,93.4,38.37890625
1786397223.6688893,62.5,103.7,38.37890625
1786397223.681505,60.975608825683594,79.4,38.37890625
1786397223.6994448,60.975608825683594,55.7,38.37890625
1786397223.7123635,60.975608825683594,77.3,38.37890625
1786397223.7249188,60.975608825683594,79.9,38.37890625
1786397223.7401814,60.975608825683594,65.6,38.37890625
1786397223.7588966,60.975608825683594,53.4,38.3828125
1786397223.7748013,60.975608825683594,62.9,38.3828125
1786397223.7902575,60.975608825683594,64.7,38.3828125
1786397223.8049946,60.975608825683594,0.0,38.38671875
1786397223.8211029,60.975608825683594,62.1,38.390625
1786397223.8385975,61.7283935546875,0.0,38.390625
1786397223.8538072,61.7283935546875,65.6,38.390625
1786397223.8725734,61.7283935546875,53.3,38.390625
1786397223.8906343,61.7283935546875,55.4,38.390625
1786397223.9066703,61.7283935546875,62.2,38.39453125
1786397223.924385,61.7283935546875,56.6,38.39453125
1786397223.9388964,61.7283935546875,137.7,38.39453125
1786397223.9497526,61.7283935546875,0.0,38.39453125
1786397223.967944,61.7283935546875,55.0,38.39453125
1786397223.9868937,61.7283935546875,52.7,38.39453125
1786397224.0044498,62.5,56.9,38.39453125
1786397224.015314,62.5,92.6,38.39453125
1786397224.0311859,62.5,0.0,38.3984375
1786397224.0487928,62.5,56.8,38.3984375
1786397224.0657783,62.5,58.8,38.3984375
1786397224.0823684,62.5,60.1,38.40234375
1786397224.0979564,62.5,0.0,38.40234375
1786397224.1163297,62.5,54.4,38.40234375
1786397224.126915,62.5,94.5,38.40234375
1786397224.145334,62.5,54.3,38.40234375
1786397224.1627321,61.349693298339844,0.0,38.40234375
1786397224.1803675,61.349693298339844,56.8,38.40234375
1786397224.1951962,61.349693298339844,67.5,38.40234375
1786397224.2140167,61.349693298339844,52.7,38.40234375
1786397224.2303972,61.349693298339844,61.1,38.40234375
1786397224.247078,61.349693298339844,60.1,38.40234375
1786397224.260537,61.349693298339844,74.9,38.40234375
1786397224.2787974,61.349693298339844,54.6,38.40625
1786397224.293894,61.349693298339844,66.4,38.40625
1786397224.313883,61.349693298339844,49.9,38.40625
1786397224.3295488,60.975608825683594,63.3,38.40625
1786397224.3454773,60.975608825683594,63.4,38.40625
1786397224.3626857,60.975608825683594,57.9,38.40625
1786397224.3756351,60.975608825683594,77.6,38.40625
1786397224.3927913,60.975608825683594,58.2,38.40625
1786397224.4120939,60.975608825683594,51.7,38.41015625
1786397224.4275284,60.975608825683594,65.0,38.4140625
1786397224.440014,60.975608825683594,79.9,38.4140625
1786397224.455736,60.975608825683594,63.8,38.4140625
1786397224.4704342,60.975608825683594,0.0,38.4140625
1786397224.4876766,60.975608825683594,58.0,38.4140625
1786397224.50555,60.975608825683594,0.0,38.41796875
1786397224.5225945,60.975608825683594,58.1,38.41796875
1786397224.5393019,60.975608825683594,60.4,38.41796875
1786397224.5543633,60.975608825683594,0.0,38.41796875
1786397224.57468,60.975608825683594,98.2,38.41796875
1786397224.5966847,60.975608825683594,45.2,38.41796875
1786397224.6049795,60.975608825683594,123.2,38.41796875
1786397224.619925,60.975608825683594,0.0,38.41796875
1786397224.6376755,60.975608825683594,56.2,38.41796875
1786397224.6518111,61.349693298339844,0.0,38.421875
1786397224.6695783,61.349693298339844,56.3,38.421875
1786397224.6862824,61.349693298339844,119.4,38.421875
1786397224.7036698,61.349693298339844,57.5,38.421875
1786397224.7178364,61.349693298339844,0.0,38.421875
1786397224.734584,61.349693298339844,59.8,38.421875
1786397224.7516901,61.349693298339844,58.0,38.421875
1786397224.7687883,61.349693298339844,117.9,38.4296875
1786397224.7825701,61.349693298339844,72.5,38.4296875
1786397224.8006964,61.349693298339844,55.2,38.4296875
1786397224.8135111,62.5,76.2,38.4296875
1786397224.8314176,62.5,56.8,38.4296875
1786397224.847064,62.5,63.8,38.4296875
1786397224.8627372,62.5,63.8,38.4296875
1786397224.8768244,62.5,0.0,38.4296875
1786397224.892268,62.5,64.8,38.4296875
1786397224.9108138,62.5,53.8,38.4296875
1786397224.928137,62.5,57.7,38.4296875
1786397224.943284,62.5,66.1,38.43359375
1786397224.9612463,62.5,55.3,38.43359375
1786397224.9782043,61.7283935546875,59.3,38.43359375
1786397224.995274,61.7283935546875,58.6,38.43359375
1786397225.0122237,61.7283935546875,118.0,38.43359375
1786397225.0299706,61.7283935546875,56.4,38.43359375
1786397225.0397427,61.7283935546875,0.0,38.43359375
1786397225.0559132,61.7283935546875,61.9,38.43359375
1786397225.0718825,61.7283935546875,62.6,38.43359375
1786397225.08821,61.7283935546875,0.0,38.43359375
1786397225.1052952,61.7283935546875,58.6,38.4375
1786397225.1225245,61.7283935546875,57.8,38.4375
1786397225.1383781,61.7283935546875,63.3,38.4375
1786397225.1559129,61.7283935546875,113.9,38.4375
1786397225.1752262,61.7283935546875,52.0,38.4375
1786397225.185904,61.7283935546875,0.0,38.4375
1786397225.2019827,61.7283935546875,62.2,38.4375
1786397225.217669,61.7283935546875,63.8,38.4375
1786397225.232529,61.7283935546875,0.0,38.4375
1786397225.2502658,61.7283935546875,56.3,38.4375
1786397225.2686005,61.7283935546875,54.6,38.4375
1786397225.285084,61.7283935546875,60.2,38.4375
1786397225.2996902,61.7283935546875,68.9,38.4375
1786397225.3180826,61.7283935546875,54.4,38.4375
1786397225.3342884,61.7283935546875,61.7,38.4375
1786397225.3527448,61.7283935546875,53.9,38.4375
1786397225.366968,61.7283935546875,70.7,38.4375
1786397225.3846638,61.7283935546875,56.5,38.4375
1786397225.3999448,61.7283935546875,130.9,38.4375
1786397225.4195657,61.7283935546875,50.9,38.4375
1786397225.4308767,61.7283935546875,88.7,38.44140625
1786397225.4450893,61.7283935546875,0.0,38.44140625
1786397225.4604828,61.349693298339844,65.0,38.4453125
1786397225.4779809,61.349693298339844,0.0,38.4453125
1786397225.495341,61.349693298339844,57.8,38.44921875
1786397225.5085666,61.349693298339844,75.7,38.44921875
1786397225.5257227,61.349693298339844,58.3,38.44921875
1786397225.5408983,61.349693298339844,0.0,38.44921875
1786397225.5585763,61.349693298339844,56.6,38.44921875
1786397225.5762615,61.349693298339844,0.0,38.44921875
1786397225.590562,61.349693298339844,70.0,38.44921875
1786397225.607381,61.349693298339844,59.4,38.44921875
1786397225.6251194,61.7283935546875,0.0,38.44921875
1786397225.6425288,61.7283935546875,57.6,38.44921875
1786397225.657298,61.7283935546875,67.8,38.44921875
1786397225.6738155,61.7283935546875,60.5,38.44921875
1786397225.6896038,61.7283935546875,0.0,38.44921875
1786397225.707297,61.7283935546875,56.1,38.44921875
1786397225.7236311,61.7283935546875,61.7,38.44921875
1786397225.7406144,61.7283935546875,117.5,38.44921875
1786397225.7546127,61.7283935546875,71.7,38.44921875
1786397225.7733834,61.7283935546875,53.1,38.44921875
1786397225.7869945,62.11180114746094,71.9,38.44921875
1786397225.8087013,62.11180114746094,93.3,38.44921875
1786397225.8203576,62.11180114746094,86.0,38.44921875
1786397225.8308613,62.11180114746094,0.0,38.44921875
1786397225.850557,62.11180114746094,50.7,38.44921875
1786397225.8652606,62.11180114746094,68.0,38.44921875
1786397225.8829174,62.11180114746094,56.5,38.44921875
1786397225.9006522,62.11180114746094,56.4,38.44921875
1786397225.914494,62.11180114746094,0.0,38.44921875
1786397225.9290674,62.11180114746094,67.9,38.44921875
1786397225.9450498,61.7283935546875,62.6,38.44921875
1786397225.962209,61.7283935546875,0.0,38.44921875
1786397225.981947,61.7283935546875,50.8,38.453125
1786397225.9945898,61.7283935546875,78.6,38.453125
1786397226.0109847,61.7283935546875,60.5,38.453125
1786397226.0286863,61.7283935546875,57.0,38.453125
1786397226.0464787,61.7283935546875,0.0,38.453125
1786397226.0655625,61.7283935546875,105.1,38.453125
1786397226.0792437,61.7283935546875,72.6,38.453125
1786397226.0964515,61.7283935546875,58.5,38.453125
1786397226.112681,61.7283935546875,61.4,38.453125
1786397226.1286771,61.7283935546875,61.4,38.453125
1786397226.145026,61.7283935546875,61.4,38.453125
1786397226.1603482,61.7283935546875,66.4,38.453125
1786397226.1747308,61.7283935546875,69.7,38.453125
1786397226.1900048,61.7283935546875,0.0,38.453125
1786397226.2058642,61.7283935546875,63.0,38.453125
1786397226.2230246,61.7283935546875,58.2,38.453125
1786397226.2393277,61.7283935546875,0.0,38.453125
1786397226.254695,61.7283935546875,64.4,38.453125
1786397226.2711112,61.7283935546875,61.6,38.453125
1786397226.2903616,61.7283935546875,51.8,38.453125
1786397226.3157914,61.7283935546875,78.7,38.45703125
1786397226.3299425,61.7283935546875,70.5,38.45703125
1786397226.3433192,61.7283935546875,150.1,38.45703125
1786397226.3558125,61.7283935546875,0.0,38.45703125
1786397226.3745716,61.7283935546875,53.4,38.45703125
1786397226.387765,61.7283935546875,74.7,38.45703125
1786397226.4017437,61.7283935546875,0.0,38.45703125
1786397226.4188478,61.7283935546875,58.4,38.45703125
1786397226.4369526,60.60606002807617,53.7,38.45703125
1786397226.450646,60.60606002807617,75.9,38.45703125
1786397226.4676425,60.60606002807617,58.8,38.45703125
1786397226.4823039,60.60606002807617,0.0,38.45703125
1786397226.5007894,60.60606002807617,54.8,38.4609375
1786397226.5176985,60.60606002807617,59.0,38.4609375
1786397226.5380747,60.60606002807617,48.9,38.4609375
1786397226.5601091,60.60606002807617,90.9,38.4609375
1786397226.576236,60.60606002807617,124.3,38.4609375
1786397226.5902925,60.60606002807617,71.3,38.4609375
1786397226.5979226,60.975608825683594,130.1,38.4609375
1786397226.6174374,60.975608825683594,0.0,38.4609375
1786397226.6311731,60.975608825683594,72.7,38.4609375
1786397226.649627,60.975608825683594,54.2,38.4609375
1786397226.663314,60.975608825683594,0.0,38.4609375
1786397226.6809974,60.975608825683594,0.0,38.4609375
1786397226.7026813,60.975608825683594,92.0,38.4609375
1786397226.7219865,60.975608825683594,51.9,38.4609375
1786397226.7418163,60.975608825683594,100.9,38.4609375
1786397226.754623,60.975608825683594,156.1,38.4609375
1786397226.7656147,60.240966796875,90.7,38.4609375
1786397226.7811556,60.240966796875,64.1,38.4609375
1786397226.797788,60.240966796875,0.0,38.4609375
1786397226.8135881,60.240966796875,63.2,38.4609375
1786397226.8283665,60.240966796875,0.0,38.4609375
1786397226.8445292,60.240966796875,61.9,38.4609375
1786397226.8604739,60.240966796875,0.0,38.4609375
1786397226.8786151,60.240966796875,54.5,38.4609375
1786397226.8989005,60.240966796875,49.8,38.4609375
1786397226.910198,60.240966796875,88.4,38.4609375
1786397226.925767,61.7283935546875,0.0,38.4609375
1786397226.9417677,61.7283935546875,62.6,38.4609375
1786397226.9587357,61.7283935546875,0.0,38.4609375
1786397226.9777966,61.7283935546875,52.3,38.4609375
1786397226.9990768,61.7283935546875,93.3,38.4609375
1786397227.0100877,61.7283935546875,0.0,38.4609375
1786397227.0262158,61.7283935546875,61.7,38.46484375
1786397227.0414417,61.7283935546875,66.0,38.46484375
1786397227.059544,61.7283935546875,110.4,38.46484375
1786397227.074148,61.7283935546875,67.8,38.46484375
1786397227.0936093,61.7283935546875,51.7,38.46484375
1786397227.110827,61.7283935546875,58.1,38.46484375
1786397227.1257517,61.7283935546875,66.7,38.46484375
1786397227.140906,61.7283935546875,65.3,38.46875
1786397227.1550176,61.7283935546875,71.0,38.46875
1786397227.171408,61.7283935546875,61.3,38.46875
1786397227.1868255,61.7283935546875,0.0,38.46875
1786397227.2039561,61.7283935546875,58.2,38.46875
1786397227.2191713,61.7283935546875,65.5,38.46875
1786397227.235231,61.7283935546875,0.0,38.46875
1786397227.2518933,60.975608825683594,60.0,38.46875
1786397227.2683947,60.975608825683594,0.0,38.46875
1786397227.2879727,60.975608825683594,51.1,38.46875
1786397227.303743,60.975608825683594,63.3,38.46875
1786397227.3233216,60.975608825683594,50.5,38.46875
1786397227.336256,60.975608825683594,78.8,38.46875
1786397227.3576398,60.975608825683594,46.8,38.46875
1786397227.3837712,60.975608825683594,114.6,38.46875
1786397227.3986588,60.975608825683594,67.4,38.46875
1786397227.413735,60.975608825683594,65.5,38.46875
1786397227.424986,58.82352828979492,90.3,38.46875
1786397227.445429,58.82352828979492,48.9,38.46875
1786397227.4603777,58.82352828979492,66.9,38.46875
1786397227.4765124,58.82352828979492,62.1,38.46875
1786397227.4909434,58.82352828979492,69.0,38.46875
1786397227.508776,58.82352828979492,56.3,38.46875
1786397227.5307105,58.82352828979492,96.0,38.46875
1786397227.5633597,58.82352828979492,128.3,38.46875
1786397227.587086,58.82352828979492,83.7,38.47265625
1786397227.6095665,58.82352828979492,89.6,38.47265625
1786397227.628337,51.81346893310547,105.2,38.47265625
1786397227.6475952,51.81346893310547,104.9,38.47265625
1786397227.6638906,51.81346893310547,61.5,38.47265625
1786397227.6827433,51.81346893310547,106.0,38.47265625
1786397227.693258,51.81346893310547,95.7,38.47265625
1786397227.7086072,51.81346893310547,65.3,38.47265625
1786397227.7204657,51.81346893310547,84.1,38.47265625
1786397227.7405744,51.81346893310547,49.7,38.47265625
1786397227.7519863,51.81346893310547,0.0,38.47265625
1786397227.7681713,51.81346893310547,62.1,38.47265625
1786397227.7847233,58.479530334472656,0.0,38.47265625
1786397227.8007076,58.479530334472656,62.6,38.47265625
1786397227.818489,58.479530334472656,0.0,38.47265625
1786397227.8360448,58.479530334472656,56.8,38.47265625
1786397227.8547053,58.479530334472656,107.2,38.47265625
1786397227.8713608,58.479530334472656,60.1,38.47265625
1786397227.8824909,58.479530334472656,90.2,38.47265625
1786397227.906948,58.479530334472656,40.8,38.47265625
1786397227.9249341,58.479530334472656,111.5,38.47265625
1786397227.9390857,58.479530334472656,70.6,38.47265625
1786397227.9497766,62.5,93.8,38.47265625
1786397227.9678779,62.5,0.0,38.47265625
1786397227.9829788,62.5,66.3,38.47265625
1786397227.9952126,62.5,80.7,38.47265625
1786397228.0140693,62.5,107.1,38.4765625
1786397228.0292265,62.5,0.0,38.4765625
1786397228.0496292,62.5,98.0,38.4765625
1786397228.069997,62.5,49.0,38.4765625
1786397228.08455,62.5,68.9,38.4765625
1786397228.094426,62.5,101.3,38.48046875
1786397228.109961,61.7283935546875,0.0,38.48046875
1786397228.1243236,61.7283935546875,69.7,38.48046875
1786397228.1428306,61.7283935546875,54.0,38.48046875
1786397228.1592915,61.7283935546875,60.9,38.48046875
1786397228.176741,61.7283935546875,0.0,38.48046875
1786397228.1943233,61.7283935546875,57.0,38.48046875
1786397228.2091274,61.7283935546875,134.0,38.48046875
1786397228.2289026,61.7283935546875,50.9,38.48046875
1786397228.2457328,61.7283935546875,59.4,38.48046875
1786397228.2567139,61.7283935546875,91.1,38.48046875
1786397228.270831,61.349693298339844,0.0,38.48046875
1786397228.2891538,61.349693298339844,54.5,38.48046875
1786397228.3043776,61.349693298339844,65.9,38.48046875
1786397228.324259,61.349693298339844,0.0,38.48046875
1786397228.340082,61.349693298339844,63.2,38.48046875
1786397228.3559804,61.349693298339844,62.9,38.48046875
1786397228.3704305,61.349693298339844,0.0,38.48046875
1786397228.3873305,61.349693298339844,59.0,38.48046875
1786397228.401878,61.349693298339844,69.3,38.48046875
1786397228.4190102,61.349693298339844,0.0,38.48046875
1786397228.437354,60.975608825683594,53.6,38.48046875
1786397228.452916,60.975608825683594,0.0,38.48046875
1786397228.470862,60.975608825683594,55.5,38.48046875
1786397228.4854562,60.975608825683594,69.3,38.48046875
1786397228.500985,60.975608825683594,64.3,38.48046875
1786397228.5189266,60.975608825683594,55.7,38.48046875
1786397228.5341916,60.975608825683594,65.6,38.48046875
1786397228.5503602,60.975608825683594,0.0,38.48046875
1786397228.568371,60.975608825683594,55.5,38.48046875
1786397228.5848513,60.975608825683594,60.8,38.48046875
1786397228.6061032,62.11180114746094,94.0,38.48046875
1786397228.6237352,62.11180114746094,113.4,38.484375
1786397228.6388674,62.11180114746094,63.9,38.484375
1786397228.6516478,62.11180114746094,81.6,38.484375
1786397228.6633651,62.11180114746094,84.5,38.484375
1786397228.6800172,62.11180114746094,60.5,38.484375
1786397228.694648,62.11180114746094,0.0,38.484375
1786397228.7109854,62.11180114746094,60.1,38.48828125
1786397228.7357981,62.11180114746094,39.8,38.48828125
1786397228.7577283,62.11180114746094,93.8,38.48828125
1786397228.7672594,59.52381134033203,103.9,38.48828125
1786397228.7806718,59.52381134033203,75.1,38.48828125
1786397228.7995803,59.52381134033203,52.9,38.48828125
1786397228.814802,59.52381134033203,65.6,38.48828125
1786397228.831227,59.52381134033203,60.8,38.48828125
1786397228.844538,59.52381134033203,0.0,38.48828125
1786397228.8606367,59.52381134033203,62.2,38.4921875
1786397228.878095,59.52381134033203,0.0,38.4921875
1786397228.8946245,59.52381134033203,60.5,38.4921875
1786397228.9077666,59.52381134033203,153.5,38.4921875
1786397228.92477,62.5,0.0,38.4921875
1786397228.9412067,62.5,60.8,38.4921875
1786397228.957122,62.5,0.0,38.4921875
1786397228.9758122,62.5,54.2,38.4921875
1786397228.9910512,62.5,65.6,38.4921875
1786397229.0070019,62.5,0.0,38.4921875
1786397229.024899,62.5,55.9,38.4921875
1786397229.0437205,62.5,53.1,38.4921875
1786397229.0566294,62.5,77.3,38.4921875
1786397229.0726805,62.5,62.6,38.4921875
1786397229.0881178,61.7283935546875,64.7,38.4921875
1786397229.105265,61.7283935546875,0.0,38.4921875
1786397229.1202617,61.7283935546875,67.2,38.4921875
1786397229.1342182,61.7283935546875,71.8,38.49609375
1786397229.1530433,61.7283935546875,52.7,38.49609375
1786397229.169403,61.7283935546875,61.5,38.49609375
1786397229.1856937,61.7283935546875,61.5,38.49609375
1786397229.201654,61.7283935546875,62.1,38.49609375
1786397229.2176156,61.7283935546875,63.3,38.49609375
1786397229.2335427,61.7283935546875,0.0,38.49609375
1786397229.2477028,62.5,70.7,38.49609375
1786397229.2625575,62.5,67.4,38.49609375
1786397229.280989,62.5,0.0,38.49609375
1786397229.2967653,62.5,63.4,38.49609375
1786397229.313302,62.5,60.5,38.49609375
1786397229.3308215,62.5,57.0,38.49609375
1786397229.3479316,62.5,58.2,38.49609375
1786397229.3641365,62.5,62.0,38.49609375
1786397229.37452,62.5,96.6,38.49609375
1786397229.3898082,62.5,0.0,38.49609375
1786397229.4093559,62.5,51.2,38.49609375
1786397229.4262445,62.5,0.0,38.49609375
1786397229.4420307,62.5,63.4,38.49609375
1786397229.457799,62.5,63.6,38.49609375
1786397229.4706094,62.5,78.1,38.49609375
1786397229.4899821,62.5,51.5,38.49609375
1786397229.5078087,62.5,112.2,38.49609375
1786397229.52268,62.5,67.2,38.49609375
1786397229.5410988,62.5,0.0,38.49609375
1786397229.5550003,62.5,72.3,38.49609375
1786397229.5708337,62.5,62.9,38.49609375
1786397229.583501,62.5,79.2,38.49609375
1786397229.601721,62.5,54.7,38.49609375
1786397229.616913,62.5,65.7,38.49609375
1786397229.6330888,62.5,60.8,38.49609375
1786397229.6488848,62.5,64.7,38.5
1786397229.6661394,62.5,0.0,38.50390625
1786397229.6843894,62.5,54.6,38.50390625
1786397229.7056122,62.5,94.1,38.50390625
1786397229.7239568,62.5,107.1,38.50390625
1786397229.7390792,60.975608825683594,67.8,38.50390625
1786397229.7498975,60.975608825683594,92.4,38.50390625
1786397229.765288,60.975608825683594,64.6,38.50390625
1786397229.780658,60.975608825683594,0.0,38.50390625
1786397229.7981794,60.975608825683594,57.1,38.50390625
1786397229.81451,60.975608825683594,61.1,38.50390625
1786397229.8317425,60.975608825683594,57.3,38.50390625
1786397229.8481212,60.975608825683594,62.0,38.50390625
1786397229.8647878,60.975608825683594,60.0,38.50390625
1786397229.881946,60.975608825683594,58.1,38.50390625
1786397229.8991034,61.349693298339844,58.4,38.50390625
1786397229.9170697,61.349693298339844,109.0,38.50390625
1786397229.9363832,61.349693298339844,105.3,38.50390625
1786397229.9500933,61.349693298339844,73.1,38.50390625
1786397229.9601417,61.349693298339844,99.9,38.50390625
1786397229.9774246,61.349693298339844,0.0,38.50390625
1786397229.9943593,61.349693298339844,59.3,38.50390625
1786397230.012602,61.349693298339844,108.6,38.50390625
1786397230.0280643,61.349693298339844,65.3,38.50390625
1786397230.041389,61.349693298339844,0.0,38.50390625
1786397230.058951,61.349693298339844,57.0,38.50390625
1786397230.0757427,61.349693298339844,59.4,38.50390625
1786397230.0914965,61.349693298339844,63.5,38.50390625
1786397230.1077724,61.349693298339844,61.4,38.50390625
1786397230.1252708,61.349693298339844,0.0,38.50390625
1786397230.1420937,61.349693298339844,58.8,38.50390625
1786397230.157848,61.349693298339844,128.3,38.50390625
1786397230.171161,61.349693298339844,0.0,38.5078125
1786397230.1844337,61.349693298339844,75.4,38.5078125
1786397230.2029257,61.349693298339844,54.0,38.5078125
1786397230.2215781,62.11180114746094,53.6,38.5078125
1786397230.237606,62.11180114746094,61.8,38.5078125
1786397230.2543077,62.11180114746094,60.0,38.5078125
1786397230.2699552,62.11180114746094,64.3,38.5078125
1786397230.286572,62.11180114746094,60.1,38.5078125
1786397230.3014572,62.11180114746094,67.3,38.5078125
1786397230.3181965,62.11180114746094,59.7,38.5078125
1786397230.3351202,62.11180114746094,59.1,38.5078125
1786397230.3508055,62.11180114746094,63.8,38.5078125
1786397230.3657808,62.11180114746094,0.0,38.5078125
1786397230.3834546,61.7283935546875,56.6,38.5078125
1786397230.3995721,61.7283935546875,62.0,38.5078125
1786397230.4165692,61.7283935546875,58.8,38.5078125
1786397230.4309788,61.7283935546875,69.5,38.5078125
1786397230.4534776,61.7283935546875,84.9,38.5078125
1786397230.4733338,61.7283935546875,104.9,38.5078125
1786397230.4836342,61.7283935546875,99.6,38.5078125
1786397230.4965217,61.7283935546875,77.3,38.51171875
1786397230.5135689,61.7283935546875,0.0,38.51171875
1786397230.5291033,61.7283935546875,64.3,38.51171875
1786397230.5430768,60.60606002807617,71.9,38.51171875
1786397230.5600672,60.60606002807617,0.0,38.51171875
1786397230.5765305,60.60606002807617,60.7,38.51171875
1786397230.5944254,60.60606002807617,55.9,38.51171875
1786397230.6106706,60.60606002807617,0.0,38.51171875
1786397230.6276953,60.60606002807617,58.6,38.51171875
1786397230.6455364,60.60606002807617,56.1,38.51171875
1786397230.6610715,60.60606002807617,64.3,38.51171875
1786397230.6856523,60.60606002807617,80.8,38.51171875
1786397230.7017186,60.60606002807617,126.1,38.515625
1786397230.7084017,60.975608825683594,0.0,38.515625
1786397230.725797,60.975608825683594,57.4,38.515625
1786397230.7430723,60.975608825683594,57.6,38.515625
1786397230.7595766,60.975608825683594,0.0,38.515625
1786397230.776002,60.975608825683594,60.8,38.515625
1786397230.7921429,60.975608825683594,62.0,38.515625
1786397230.8105419,60.975608825683594,54.3,38.515625
1786397230.8242114,60.975608825683594,73.2,38.515625
1786397230.8434439,60.975608825683594,51.9,38.515625
1786397230.858721,60.975608825683594,65.6,38.515625
1786397230.8749619,60.975608825683594,61.5,38.515625
1786397230.8911383,60.975608825683594,0.0,38.515625
1786397230.9072268,60.975608825683594,62.1,38.515625
1786397230.923666,60.975608825683594,60.9,38.515625
1786397230.9392467,60.975608825683594,0.0,38.515625
1786397230.9593053,60.975608825683594,99.7,38.515625
1786397230.9751446,60.975608825683594,62.9,38.515625
1786397230.9935892,60.975608825683594,54.3,38.515625
1786397231.0079432,60.975608825683594,69.8,38.515625
1786397231.0221891,60.975608825683594,0.0,38.515625
1786397231.041465,60.60606002807617,51.9,38.515625
1786397231.0621223,60.60606002807617,96.7,38.515625
1786397231.076691,60.60606002807617,137.2,38.515625
1786397231.0986161,60.60606002807617,45.6,38.515625
1786397231.1088004,60.60606002807617,98.8,38.515625
1786397231.121878,60.60606002807617,76.4,38.515625
1786397231.1388547,60.60606002807617,58.9,38.515625
1786397231.155628,60.60606002807617,59.6,38.515625
1786397231.1722383,60.60606002807617,60.0,38.515625
1786397231.19059,60.60606002807617,54.6,38.515625
1786397231.206123,61.349693298339844,64.4,38.515625
1786397231.2245514,61.349693298339844,108.5,38.51953125
1786397231.2398362,61.349693298339844,65.5,38.51953125
1786397231.2545831,61.349693298339844,67.9,38.51953125
1786397231.2673924,61.349693298339844,0.0,38.51953125
1786397231.2850337,61.349693298339844,56.2,38.51953125
1786397231.2975967,61.349693298339844,80.7,38.51953125
1786397231.3138287,61.349693298339844,0.0,38.51953125
1786397231.3326244,61.349693298339844,52.9,38.5234375
1786397231.3482642,61.349693298339844,64.3,38.5234375
1786397231.3667173,62.11180114746094,52.9,38.5234375
1786397231.3820422,62.11180114746094,59.7,38.5234375
1786397231.4010286,62.11180114746094,115.6,38.5234375
1786397231.4124546,62.11180114746094,85.5,38.5234375
1786397231.434065,62.11180114746094,47.2,38.5234375
1786397231.4479752,62.11180114746094,72.0,38.5234375
1786397231.4612408,62.11180114746094,75.3,38.5234375
1786397231.478299,62.11180114746094,117.3,38.5234375
1786397231.4907973,62.11180114746094,0.0,38.5234375
1786397231.5068898,62.11180114746094,62.0,38.5234375
1786397231.5229707,62.11180114746094,0.0,38.5234375
1786397231.5399225,62.11180114746094,59.1,38.5234375
1786397231.5542386,62.11180114746094,69.7,38.5234375
1786397231.5747104,62.11180114746094,48.8,38.5234375
1786397231.5929513,62.11180114746094,54.9,38.5234375
1786397231.6038492,62.11180114746094,0.0,38.5234375
1786397231.6208103,62.11180114746094,58.9,38.5234375
1786397231.636768,62.11180114746094,0.0,38.5234375
1786397231.6542006,62.11180114746094,57.3,38.5234375
1786397231.6757133,62.11180114746094,45.5,38.5234375
1786397231.6863537,61.7283935546875,98.7,38.5234375
1786397231.7049325,61.7283935546875,53.7,38.5234375
1786397231.7262316,61.7283935546875,46.9,38.5234375
1786397231.7339246,61.7283935546875,130.6,38.52734375
1786397231.7496328,61.7283935546875,63.7,38.52734375
1786397231.7694483,61.7283935546875,50.4,38.52734375
1786397231.7834375,61.7283935546875,70.8,38.52734375
1786397231.805954,61.7283935546875,44.6,38.52734375
1786397231.8186593,61.7283935546875,78.8,38.52734375
1786397231.83155,61.7283935546875,77.8,38.52734375
1786397231.8502333,61.349693298339844,53.5,38.52734375
1786397231.8657117,61.349693298339844,0.0,38.52734375
1786397231.887681,61.349693298339844,90.9,38.52734375
1786397231.9011118,61.349693298339844,73.0,38.52734375
1786397231.9153068,61.349693298339844,71.9,38.52734375
1786397231.933153,61.349693298339844,55.8,38.52734375
1786397231.9481049,61.349693298339844,0.0,38.52734375
1786397231.96332,61.349693298339844,65.7,38.52734375
1786397231.9832041,61.349693298339844,50.2,38.52734375
1786397232.0046287,61.349693298339844,92.9,38.52734375
1786397232.016879,60.975608825683594,0.0,38.52734375
1786397232.0331333,60.975608825683594,122.8,38.52734375
1786397232.04764,60.975608825683594,69.2,38.52734375
1786397232.060814,60.975608825683594,0.0,38.52734375
1786397232.0765884,60.975608825683594,63.3,38.52734375
1786397232.09431,60.975608825683594,56.4,38.52734375
1786397232.1106253,60.975608825683594,61.3,38.52734375
1786397232.1272023,60.975608825683594,0.0,38.52734375
1786397232.1435597,60.975608825683594,61.0,38.52734375
1786397232.1572511,60.975608825683594,0.0,38.52734375
1786397232.1741405,61.349693298339844,59.3,38.53125
1786397232.1911323,61.349693298339844,0.0,38.53125
1786397232.208578,61.349693298339844,57.2,38.53125
1786397232.225013,61.349693298339844,60.9,38.53125
1786397232.2418995,61.349693298339844,59.1,38.53515625
1786397232.25776,61.349693298339844,63.2,38.53515625
1786397232.2731109,61.349693298339844,0.0,38.53515625
1786397232.2895253,61.349693298339844,0.0,38.53515625
1786397232.3083367,61.349693298339844,52.6,38.53515625
1786397232.3255408,61.349693298339844,58.3,38.53515625
1786397232.3398185,60.975608825683594,70.5,38.53515625
1786397232.3572712,60.975608825683594,57.3,38.53515625
1786397232.3726315,60.975608825683594,0.0,38.53515625
1786397232.3971546,60.975608825683594,78.4,38.53515625
1786397232.4093795,60.975608825683594,173.1,38.53515625
1786397232.4362512,60.975608825683594,69.8,38.53515625
1786397232.465159,60.975608825683594,109.8,38.53515625
1786397232.4878008,60.975608825683594,89.1,38.53515625
1786397232.5043988,60.975608825683594,61.3,38.53515625
1786397232.5211613,60.975608825683594,118.5,38.53515625
1786397232.5336459,52.91005325317383,81.3,38.53515625
1786397232.5493805,52.91005325317383,63.5,38.53515625
1786397232.5609252,52.91005325317383,86.3,38.53515625
1786397232.5802982,52.91005325317383,51.5,38.53515625
1786397232.5963004,52.91005325317383,62.5,38.53515625
1786397232.6115327,52.91005325317383,65.8,38.53515625
1786397232.626229,52.91005325317383,68.1,38.53515625
1786397232.6408827,52.91005325317383,68.3,38.53515625
1786397232.658484,52.91005325317383,0.0,38.53515625
1786397232.673287,52.91005325317383,67.9,38.53515625
1786397232.6890316,62.5,63.4,38.53515625
1786397232.7050676,62.5,0.0,38.53515625
1786397232.722454,62.5,57.5,38.53515625
1786397232.7383857,62.5,62.4,38.53515625
1786397232.7570846,62.5,53.8,38.53515625
1786397232.7727349,62.5,63.4,38.53515625
1786397232.7891014,62.5,61.2,38.5390625
1786397232.8071418,62.5,55.5,38.5390625
1786397232.8253021,62.5,55.2,38.5390625
1786397232.8355072,62.5,97.4,38.5390625
1786397232.8544536,60.975608825683594,52.7,38.5390625
1786397232.872118,60.975608825683594,56.7,38.5390625
1786397232.8859234,60.975608825683594,71.9,38.5390625
1786397232.898822,60.975608825683594,0.0,38.5390625
1786397232.917508,60.975608825683594,53.4,38.5390625
1786397232.9347003,60.975608825683594,57.2,38.5390625
1786397232.9487402,60.975608825683594,72.9,38.5390625
1786397232.9668925,60.975608825683594,0.0,38.5390625
1786397232.9801183,60.975608825683594,76.2,38.5390625
1786397232.9998467,60.975608825683594,50.7,38.5390625
1786397233.0137508,62.11180114746094,72.0,38.54296875
1786397233.0291631,62.11180114746094,0.0,38.54296875
1786397233.047864,62.11180114746094,54.3,38.54296875
1786397233.0609908,62.11180114746094,76.0,38.54296875
1786397233.0806668,62.11180114746094,50.4,38.54296875
1786397233.094372,62.11180114746094,73.1,38.54296875
1786397233.1106749,62.11180114746094,0.0,38.54296875
1786397233.132607,62.11180114746094,45.7,38.54296875
1786397233.1443172,62.11180114746094,85.4,38.54296875
1786397233.16482,62.11180114746094,48.7,38.54296875
1786397233.1828582,60.975608825683594,54.8,38.54296875
1786397233.2039583,60.975608825683594,95.5,38.54296875
1786397233.2158072,60.975608825683594,85.0,38.54296875
1786397233.2329884,60.975608825683594,58.3,38.54296875
1786397233.2445178,60.975608825683594,86.2,38.54296875
1786397233.2670739,60.975608825683594,88.1,38.54296875
1786397233.282893,60.975608825683594,63.7,38.54296875
1786397233.2975886,60.975608825683594,67.7,38.54296875
1786397233.3103802,60.975608825683594,79.0,38.546875
1786397233.3247628,60.975608825683594,0.0,38.546875
1786397233.3488443,60.60606002807617,81.9,38.546875
1786397233.3657513,60.60606002807617,59.6,38.546875
1786397233.3782132,60.60606002807617,81.6,38.546875
1786397233.3908582,60.60606002807617,0.0,38.546875
1786397233.4061236,60.60606002807617,65.5,38.546875
1786397233.4229665,60.60606002807617,59.3,38.546875
1786397233.4381635,60.60606002807617,0.0,38.546875
1786397233.4574308,60.60606002807617,51.8,38.546875
1786397233.4720228,60.60606002807617,68.7,38.546875
1786397233.4920387,60.60606002807617,50.0,38.546875
1786397233.5107746,61.7283935546875,53.3,38.546875
1786397233.5283942,61.7283935546875,56.7,38.546875
1786397233.5405006,61.7283935546875,165.4,38.546875
1786397233.5623643,61.7283935546875,44.9,38.546875
1786397233.5756595,61.7283935546875,155.1,38.546875
1786397233.5906837,61.7283935546875,66.6,38.546875
1786397233.606716,61.7283935546875,62.2,38.546875
1786397233.6208036,61.7283935546875,71.1,38.546875
1786397233.6342924,61.7283935546875,0.0,38.546875
1786397233.6505218,61.7283935546875,61.7,38.546875
1786397233.6657152,61.349693298339844,0.0,38.546875
1786397233.683204,61.349693298339844,57.3,38.546875
1786397233.699285,61.349693298339844,62.1,38.546875
1786397233.7148287,61.349693298339844,64.4,38.546875
1786397233.735253,61.349693298339844,48.8,38.546875
1786397233.7514877,61.349693298339844,61.7,38.546875
1786397233.7744029,61.349693298339844,87.1,38.546875
1786397233.7897584,61.349693298339844,65.0,38.546875
1786397233.800338,61.349693298339844,95.3,38.546875
1786397233.816313,61.349693298339844,62.6,38.546875
1786397233.8319867,60.240966796875,0.0,38.55078125
1786397233.8522801,60.240966796875,49.3,38.5546875
1786397233.8686898,60.240966796875,120.4,38.5546875
1786397233.8827586,60.240966796875,0.0,38.5546875
1786397233.896272,60.240966796875,73.9,38.5546875
1786397233.9137497,60.240966796875,57.2,38.5546875
1786397233.9306595,60.240966796875,0.0,38.5546875
1786397233.9470127,60.240966796875,61.1,38.5546875
1786397233.9635174,60.240966796875,60.6,38.5546875
1786397233.9763746,60.240966796875,77.6,38.5546875
1786397233.993066,62.5,0.0,38.5546875
1786397234.0101736,62.5,58.4,38.5546875
1786397234.0246854,62.5,69.0,38.5546875
1786397234.0456223,62.5,0.0,38.5546875
1786397234.0576828,62.5,83.3,38.5546875
1786397234.0732915,62.5,64.1,38.5546875
1786397234.0895374,62.5,0.0,38.5546875
1786397234.106122,62.5,0.0,38.5546875
1786397234.1288176,62.5,43.8,38.5546875
1786397234.1393588,62.5,192.5,38.5546875
1786397234.1552658,61.349693298339844,0.0,38.5546875
1786397234.1747165,61.349693298339844,51.2,38.5546875
1786397234.190084,61.349693298339844,65.3,38.5546875
1786397234.205148,61.349693298339844,0.0,38.5546875
1786397234.2217104,61.349693298339844,60.5,38.5546875
1786397234.2387185,61.349693298339844,0.0,38.5546875
1786397234.2532198,61.349693298339844,69.3,38.5546875
1786397234.2674668,61.349693298339844,0.0,38.5546875
1786397234.2839773,61.349693298339844,60.8,38.5546875
1786397234.3013906,61.349693298339844,57.4,38.5546875
1786397234.3179216,62.11180114746094,0.0,38.5546875
1786397234.3342896,62.11180114746094,61.1,38.5546875
1786397234.3500373,62.11180114746094,63.5,38.55859375
1786397234.3659737,62.11180114746094,0.0,38.55859375
1786397234.3846872,62.11180114746094,53.2,38.55859375
1786397234.4015543,62.11180114746094,59.3,38.55859375
1786397234.4149673,62.11180114746094,74.9,38.55859375
1786397234.4365025,62.11180114746094,46.1,38.55859375
1786397234.4493456,62.11180114746094,77.3,38.55859375
1786397234.4653804,62.11180114746094,63.0,38.55859375
1786397234.488493,61.349693298339844,42.8,38.55859375
1786397234.4980156,61.349693298339844,108.3,38.55859375
1786397234.519728,61.349693298339844,45.9,38.55859375
1786397234.5372503,61.349693298339844,114.5,38.55859375
1786397234.5465171,61.349693298339844,108.4,38.55859375
1786397234.5668654,61.349693298339844,49.1,38.55859375
1786397234.5831237,61.349693298339844,61.6,38.55859375
1786397234.5990021,61.349693298339844,62.8,38.55859375
1786397234.6158035,61.349693298339844,59.7,38.55859375
1786397234.6260839,61.349693298339844,96.3,38.55859375
1786397234.6432123,61.349693298339844,58.5,38.55859375
1786397234.6625884,61.349693298339844,51.1,38.55859375
1786397234.674582,61.349693298339844,85.1,38.5625
1786397234.6902099,61.349693298339844,64.0,38.5625
1786397234.7066212,61.349693298339844,0.0,38.5625
1786397234.7229748,61.349693298339844,61.3,38.5625
1786397234.741882,61.349693298339844,0.0,38.5625
1786397234.756021,61.349693298339844,71.0,38.5625
1786397234.7733073,61.349693298339844,0.0,38.5625
1786397234.7948604,61.349693298339844,46.3,38.5625
1786397234.8099737,60.975608825683594,66.2,38.5625
1786397234.8306043,60.975608825683594,96.8,38.5625
1786397234.8434315,60.975608825683594,78.5,38.5625
1786397234.8579457,60.975608825683594,137.8,38.5625
1786397234.8741097,60.975608825683594,0.0,38.56640625
1786397234.8933666,60.975608825683594,103.7,38.56640625
1786397234.9091415,60.975608825683594,62.8,38.56640625
1786397234.924827,60.975608825683594,64.5,38.56640625
1786397234.9414153,60.975608825683594,60.2,38.56640625
1786397234.960507,60.975608825683594,104.7,38.56640625
1786397234.9757247,60.975608825683594,65.8,38.56640625
1786397234.9911573,60.975608825683594,64.0,38.56640625
1786397235.0071769,60.975608825683594,63.2,38.56640625
1786397235.0265496,60.975608825683594,51.6,38.56640625
1786397235.0460262,60.975608825683594,102.8,38.56640625
1786397235.066189,60.975608825683594,49.6,38.56640625
1786397235.083727,60.975608825683594,114.0,38.56640625
1786397235.1027977,60.975608825683594,104.8,38.56640625
1786397235.1228197,60.975608825683594,99.8,38.56640625
1786397235.1330352,60.975608825683594,97.5,38.56640625
1786397235.1605368,57.47126770019531,72.6,38.56640625
1786397235.1754704,57.47126770019531,67.3,38.56640625
1786397235.1934285,57.47126770019531,167.4,38.56640625
1786397235.2072077,57.47126770019531,72.5,38.56640625
1786397235.2204156,57.47126770019531,74.3,38.56640625
1786397235.250723,57.47126770019531,99.0,38.56640625
1786397235.2802212,57.47126770019531,101.4,38.56640625
1786397235.2953525,57.47126770019531,65.6,38.56640625
1786397235.315999,57.47126770019531,99.1,38.56640625
1786397235.3287337,57.47126770019531,154.1,38.56640625
1786397235.3432376,51.546390533447266,69.9,38.56640625
1786397235.3606915,51.546390533447266,57.2,38.56640625
1786397235.3761008,51.546390533447266,65.0,38.56640625
1786397235.3900933,51.546390533447266,71.7,38.56640625
1786397235.404365,51.546390533447266,69.1,38.56640625
1786397235.4201705,51.546390533447266,0.0,38.56640625
1786397235.4371474,51.546390533447266,59.6,38.5703125
1786397235.452352,51.546390533447266,0.0,38.5703125
1786397235.4692972,51.546390533447266,59.9,38.5703125
1786397235.4851015,51.546390533447266,62.7,38.5703125
1786397235.4998732,61.7283935546875,68.5,38.5703125
1786397235.51677,61.7283935546875,0.0,38.5703125
1786397235.5329945,61.7283935546875,61.7,38.5703125
1786397235.548895,61.7283935546875,62.9,38.5703125
1786397235.5648642,61.7283935546875,0.0,38.57421875
1786397235.5804598,61.7283935546875,64.1,38.57421875
1786397235.5971406,61.7283935546875,0.0,38.57421875
1786397235.6134126,61.7283935546875,61.7,38.57421875
1786397235.6323771,61.7283935546875,52.5,38.57421875
1786397235.648695,61.7283935546875,60.5,38.57421875
1786397235.6664062,62.11180114746094,57.4,38.57421875
1786397235.6801524,62.11180114746094,72.6,38.57421875
1786397235.6966403,62.11180114746094,60.5,38.57421875
1786397235.7115424,62.11180114746094,0.0,38.57421875
1786397235.7298489,62.11180114746094,53.0,38.57421875
1786397235.743337,62.11180114746094,77.1,38.57421875
1786397235.7592204,62.11180114746094,0.0,38.57421875
1786397235.7784815,62.11180114746094,51.6,38.57421875
1786397235.791055,62.11180114746094,80.7,38.57421875
1786397235.810537,62.11180114746094,50.7,38.57421875
1786397235.8237724,61.7283935546875,0.0,38.57421875
1786397235.8436158,61.7283935546875,98.1,38.57421875
1786397235.861282,61.7283935546875,57.6,38.57421875
1786397235.8788521,61.7283935546875,57.4,38.57421875
1786397235.8978746,61.7283935546875,104.8,38.57421875
1786397235.913542,61.7283935546875,125.7,38.57421875
1786397235.9230618,61.7283935546875,106.1,38.57421875
1786397235.9461293,61.7283935546875,43.7,38.57421875
1786397235.9658492,61.7283935546875,100.4,38.578125
1786397235.9801745,61.7283935546875,71.1,38.578125
1786397235.9963493,60.240966796875,61.1,38.578125
1786397236.0123184,60.240966796875,127.2,38.578125
1786397236.0283267,60.240966796875,62.6,38.578125
1786397236.0427008,60.240966796875,69.7,38.578125
1786397236.0554256,60.240966796875,78.7,38.578125
1786397236.0743012,60.240966796875,53.0,38.578125
1786397236.089496,60.240966796875,0.0,38.578125
1786397236.1060793,60.240966796875,59.7,38.578125
1786397236.12148,60.240966796875,0.0,38.578125
1786397236.1384668,60.240966796875,116.9,38.578125
1786397236.1548667,61.349693298339844,0.0,38.578125
1786397236.1699653,61.349693298339844,65.6,38.578125
1786397236.185789,61.349693298339844,63.5,38.578125
1786397236.202131,61.349693298339844,61.3,38.578125
1786397236.2175503,61.349693298339844,0.0,38.578125
1786397236.2354152,61.349693298339844,56.0,38.578125
1786397236.2520564,61.349693298339844,59.7,38.578125
1786397236.2662737,61.349693298339844,0.0,38.578125
1786397236.2818506,61.349693298339844,64.8,38.578125
1786397236.299827,61.349693298339844,54.7,38.578125
1786397236.3141508,62.5,71.2,38.578125
1786397236.3344817,62.5,0.0,38.578125
1786397236.3498893,62.5,131.0,38.578125
1786397236.36387,62.5,71.4,38.578125
1786397236.3791218,62.5,65.5,38.58203125
1786397236.395193,62.5,62.2,38.58203125
1786397236.4109287,62.5,0.0,38.58203125
1786397236.4266524,62.5,63.8,38.58203125
1786397236.444659,62.5,55.4,38.58203125
1786397236.4641657,62.5,102.4,38.5859375
1786397236.4800637,61.7283935546875,0.0,38.5859375
1786397236.4933345,61.7283935546875,76.4,38.5859375
1786397236.5129209,61.7283935546875,51.0,38.5859375
1786397236.529732,61.7283935546875,59.2,38.5859375
1786397236.5443707,61.7283935546875,68.9,38.5859375
1786397236.560306,61.7283935546875,125.5,38.5859375
1786397236.5784416,61.7283935546875,110.2,38.5859375
1786397236.5941596,61.7283935546875,63.0,38.5859375
1786397236.6147563,61.7283935546875,97.9,38.5859375
1786397236.624376,61.7283935546875,100.9,38.5859375
1786397236.6469073,61.349693298339844,44.3,38.5859375
1786397236.660842,61.349693298339844,146.3,38.5859375
1786397236.674928,61.349693298339844,68.2,38.5859375
1786397236.6917534,61.349693298339844,61.9,38.5859375
1786397236.7073843,61.349693298339844,0.0,38.5859375
1786397236.7234304,61.349693298339844,62.1,38.5859375
1786397236.7415326,61.349693298339844,55.5,38.5859375
1786397236.754017,61.349693298339844,79.7,38.5859375
1786397236.7711136,61.349693298339844,58.3,38.5859375
1786397236.7847104,61.349693298339844,0.0,38.5859375
1786397236.80325,60.60606002807617,0.0,38.5859375
1786397236.8188252,60.60606002807617,64.4,38.5859375
1786397236.8367445,60.60606002807617,55.7,38.5859375
1786397236.85242,60.60606002807617,63.7,38.5859375
1786397236.8738444,60.60606002807617,93.6,38.5859375
1786397236.8894048,60.60606002807617,62.9,38.5859375
1786397236.904081,60.60606002807617,138.1,38.5859375
1786397236.9170048,60.60606002807617,0.0,38.5859375
1786397236.9290998,60.60606002807617,82.8,38.5859375
1786397236.9458325,60.60606002807617,60.0,38.5859375
1786397236.9629676,62.5,0.0,38.5859375
1786397236.9788432,62.5,63.1,38.58984375
1786397236.9992976,62.5,48.7,38.58984375
1786397237.0152826,62.5,62.8,38.58984375
1786397237.028929,62.5,0.0,38.58984375
1786397237.0508647,62.5,45.7,38.58984375
1786397237.060681,62.5,101.6,38.58984375
1786397237.0759318,62.5,66.0,38.58984375
1786397237.0915012,62.5,0.0,38.58984375
1786397237.1081698,62.5,60.1,38.58984375
1786397237.1235185,62.11180114746094,0.0,38.58984375
1786397237.1394298,62.11180114746094,62.9,38.58984375
1786397237.1567357,62.11180114746094,57.8,38.58984375
1786397237.1735246,62.11180114746094,59.6,38.58984375
1786397237.1887846,62.11180114746094,65.2,38.58984375
1786397237.21103,62.11180114746094,44.9,38.59375
1786397237.2271914,62.11180114746094,61.9,38.59375
1786397237.2462406,62.11180114746094,105.4,38.59375
1786397237.2574677,62.11180114746094,89.3,38.59375
1786397237.2704434,62.11180114746094,76.9,38.59375
1786397237.28347,62.11180114746094,0.0,38.59375
1786397237.303373,62.11180114746094,50.1,38.59375
1786397237.3173351,62.11180114746094,71.7,38.59375
1786397237.3383226,62.11180114746094,47.6,38.59375
1786397237.3520012,62.11180114746094,73.5,38.59375
1786397237.3702514,62.11180114746094,54.7,38.59375
1786397237.3814723,62.11180114746094,89.4,38.59375
1786397237.4084346,62.11180114746094,73.2,38.59375
1786397237.4264493,62.11180114746094,56.4,38.59375
1786397237.440706,62.11180114746094,70.2,38.59375
1786397237.450785,60.975608825683594,99.6,38.59375
1786397237.4648986,60.975608825683594,70.7,38.59375
1786397237.4811947,60.975608825683594,0.0,38.59375
1786397237.4995625,60.975608825683594,53.9,38.59765625
1786397237.5139809,60.975608825683594,0.0,38.59765625
1786397237.532663,60.975608825683594,52.5,38.59765625
1786397237.5473988,60.975608825683594,69.3,38.59765625
1786397237.566039,60.975608825683594,53.4,38.59765625
1786397237.5813305,60.975608825683594,65.9,38.59765625
1786397237.5982988,60.975608825683594,58.8,38.59765625
1786397237.6153426,61.7283935546875,58.9,38.59765625
1786397237.632066,61.7283935546875,59.4,38.59765625
1786397237.6475034,61.7283935546875,130.3,38.59765625
1786397237.6640651,61.7283935546875,60.2,38.59765625
1786397237.6814563,61.7283935546875,57.7,38.59765625
1786397237.6921926,61.7283935546875,0.0,38.59765625
1786397237.7079337,61.7283935546875,64.2,38.59765625
1786397237.7270405,61.7283935546875,52.3,38.59765625
1786397237.7415724,61.7283935546875,69.0,38.59765625
1786397237.7594004,61.7283935546875,0.0,38.59765625
1786397237.7761743,61.349693298339844,59.5,38.59765625
1786397237.7890997,61.349693298339844,154.9,38.59765625
1786397237.8108597,61.349693298339844,46.0,38.59765625
1786397237.8338168,61.349693298339844,86.8,38.59765625
1786397237.8447192,61.349693298339844,91.9,38.59765625
1786397237.8575706,61.349693298339844,0.0,38.59765625
1786397237.8743088,61.349693298339844,59.8,38.59765625
1786397237.8888903,61.349693298339844,0.0,38.59765625
1786397237.9075148,61.349693298339844,53.4,38.59765625
1786397237.9231634,61.349693298339844,64.2,38.59765625
1786397237.940032,60.60606002807617,59.4,38.59765625
1786397237.9550838,60.60606002807617,66.4,38.59765625
1786397237.972289,60.60606002807617,0.0,38.59765625
1786397237.9886043,60.60606002807617,61.4,38.59765625
1786397238.0086753,60.60606002807617,99.2,38.59765625
1786397238.0208883,60.60606002807617,82.6,38.6015625
1786397238.0397103,60.60606002807617,106.3,38.60546875
1786397238.055362,60.60606002807617,63.9,38.60546875
1786397238.0706527,60.60606002807617,65.0,38.60546875
1786397238.0843549,60.60606002807617,73.3,38.60546875
1786397238.1017997,62.5,0.0,38.60546875
1786397238.1181867,62.5,60.7,38.60546875
1786397238.1310613,62.5,78.1,38.60546875
1786397238.1476803,62.5,60.3,38.60546875
1786397238.1689472,62.5,0.0,38.60546875
1786397238.182614,62.5,75.9,38.60546875
1786397238.1973283,62.5,67.7,38.60546875
1786397238.2156296,62.5,54.8,38.60546875
1786397238.2297783,62.5,70.4,38.60546875
1786397238.2440927,62.5,0.0,38.60546875
1786397238.258428,62.5,69.7,38.60546875
1786397238.2761524,62.5,56.4,38.60546875
1786397238.293667,62.5,57.1,38.60546875
1786397238.3099325,62.5,0.0,38.60546875
1786397238.323723,62.5,72.5,38.60546875
1786397238.3417795,62.5,55.4,38.60546875
1786397238.3574178,62.5,63.3,38.60546875
1786397238.3786628,62.5,47.3,38.60546875
1786397238.390036,62.5,87.9,38.60546875
1786397238.411,62.5,47.8,38.60546875
1786397238.4231741,61.7283935546875,82.0,38.60546875
1786397238.4413798,61.7283935546875,55.0,38.60546875
1786397238.456379,61.7283935546875,66.4,38.60546875
1786397238.4746606,61.7283935546875,54.8,38.60546875
1786397238.488439,61.7283935546875,0.0,38.60546875
1786397238.5056784,61.7283935546875,58.2,38.60546875
1786397238.5178182,61.7283935546875,82.1,38.60546875
1786397238.5402539,61.7283935546875,44.6,38.609375
1786397238.5581048,61.7283935546875,111.8,38.609375
1786397238.5755858,61.7283935546875,57.3,38.609375
1786397238.5924146,60.975608825683594,59.2,38.609375
1786397238.6110551,60.975608825683594,106.2,38.609375
1786397238.622818,60.975608825683594,86.8,38.609375
1786397238.6378818,60.975608825683594,66.4,38.609375
1786397238.6502993,60.975608825683594,0.0,38.609375
1786397238.6702673,60.975608825683594,50.2,38.609375
1786397238.6834247,60.975608825683594,75.9,38.609375
1786397238.7018282,60.975608825683594,54.1,38.609375
1786397238.7150924,60.975608825683594,76.0,38.609375
1786397238.7343552,60.975608825683594,0.0,38.609375
1786397238.7489293,61.349693298339844,69.2,38.609375
1786397238.7641175,61.349693298339844,65.7,38.609375
1786397238.7807176,61.349693298339844,60.3,38.609375
1786397238.7969,61.349693298339844,61.7,38.609375
1786397238.8154664,61.349693298339844,53.8,38.609375
1786397238.8293486,61.349693298339844,0.0,38.609375
1786397238.8436968,61.349693298339844,69.5,38.609375
1786397238.8636613,61.349693298339844,50.1,38.609375
1786397238.877905,61.349693298339844,70.4,38.61328125
1786397238.8963091,61.349693298339844,53.9,38.61328125
1786397238.9126425,62.11180114746094,60.8,38.61328125
1786397238.9239721,62.11180114746094,0.0,38.61328125
1786397238.9407928,62.11180114746094,59.5,38.61328125
1786397238.9574015,62.11180114746094,60.2,38.61328125
1786397238.9827552,62.11180114746094,39.4,38.61328125
1786397238.9961631,62.11180114746094,147.3,38.61328125
1786397239.007913,62.11180114746094,0.0,38.61328125
1786397239.024875,62.11180114746094,58.9,38.61328125
1786397239.039445,62.11180114746094,68.7,38.61328125
1786397239.0551677,62.11180114746094,63.5,38.6171875
1786397239.0703151,61.7283935546875,0.0,38.6171875
1786397239.0864203,61.7283935546875,62.1,38.6171875
1786397239.106863,61.7283935546875,48.8,38.6171875
1786397239.121522,61.7283935546875,0.0,38.6171875
1786397239.1382492,61.7283935546875,59.8,38.6171875
1786397239.1525242,61.7283935546875,0.0,38.6171875
1786397239.1780937,61.7283935546875,78.2,38.6171875
1786397239.1894112,61.7283935546875,0.0,38.6171875
1786397239.2114294,61.7283935546875,91.8,38.6171875
1786397239.2270663,61.7283935546875,64.0,38.6171875
1786397239.237444,60.60606002807617,95.6,38.6171875
1786397239.251148,60.60606002807617,0.0,38.6171875
1786397239.2693222,60.60606002807617,55.0,38.6171875
1786397239.283346,60.60606002807617,71.7,38.6171875
1786397239.3017566,60.60606002807617,0.0,38.6171875
1786397239.3165374,60.60606002807617,67.8,38.6171875
1786397239.3351078,60.60606002807617,0.0,38.6171875
1786397239.3499894,60.60606002807617,67.4,38.6171875
1786397239.3714602,60.60606002807617,46.6,38.6171875
1786397239.384952,60.60606002807617,73.7,38.6171875
1786397239.4036763,61.349693298339844,52.9,38.6171875
1786397239.416587,61.349693298339844,79.0,38.6171875
1786397239.4320624,61.349693298339844,0.0,38.6171875
1786397239.4466767,61.349693298339844,68.7,38.6171875
1786397239.4658613,61.349693298339844,52.0,38.6171875
1786397239.4809816,61.349693298339844,0.0,38.6171875
1786397239.4964983,61.349693298339844,64.4,38.6171875
1786397239.514647,61.349693298339844,54.5,38.6171875
1786397239.5327954,61.349693298339844,55.5,38.6171875
1786397239.5531116,61.349693298339844,49.0,38.6171875
1786397239.5663571,61.7283935546875,76.0,38.6171875
1786397239.5800395,61.7283935546875,73.3,38.62109375
1786397239.5989223,61.7283935546875,52.9,38.62109375
1786397239.6132424,61.7283935546875,69.9,38.62109375
1786397239.6266704,61.7283935546875,74.3,38.62109375
1786397239.6420279,61.7283935546875,0.0,38.62109375
1786397239.6586154,61.7283935546875,60.3,38.62109375
1786397239.6738436,61.7283935546875,65.7,38.62109375
1786397239.6897488,61.7283935546875,0.0,38.625
1786397239.7119477,61.7283935546875,44.5,38.625
1786397239.727936,61.7283935546875,63.3,38.625
1786397239.7462425,61.7283935546875,109.4,38.625
1786397239.7582457,61.7283935546875,82.7,38.625
1786397239.7830193,61.7283935546875,40.5,38.625
1786397239.7958944,61.7283935546875,151.2,38.625
1786397239.8089345,61.7283935546875,78.9,38.625
1786397239.8269382,61.7283935546875,55.5,38.625
1786397239.8423655,61.7283935546875,63.0,38.625
1786397239.8561645,61.7283935546875,75.3,38.625
1786397239.87363,61.7283935546875,0.0,38.625
1786397239.888645,59.88024139404297,66.7,38.625
1786397239.908226,59.88024139404297,51.0,38.625
1786397239.921288,59.88024139404297,76.9,38.625
1786397239.942184,59.88024139404297,47.8,38.625
1786397239.9545472,59.88024139404297,0.0,38.625
1786397239.9798276,59.88024139404297,78.9,38.625
1786397239.9943435,59.88024139404297,137.7,38.625
1786397240.0072455,59.88024139404297,0.0,38.625
1786397240.0218053,59.88024139404297,68.7,38.625
1786397240.036558,59.88024139404297,67.8,38.625
1786397240.049851,62.5,150.7,38.625
1786397240.072747,62.5,43.7,38.625
1786397240.0807545,62.5,0.0,38.625
1786397240.1002605,62.5,50.7,38.62890625
1786397240.115064,62.5,68.6,38.62890625
1786397240.134419,62.5,50.8,38.62890625
1786397240.1538677,62.5,52.2,38.62890625
1786397240.168426,62.5,68.1,38.62890625
1786397240.1814456,62.5,76.5,38.62890625
1786397240.1956396,62.5,70.1,38.62890625
1786397240.211029,61.7283935546875,0.0,38.62890625
1786397240.2297134,61.7283935546875,53.6,38.62890625
1786397240.247018,61.7283935546875,0.0,38.62890625
1786397240.262885,61.7283935546875,62.0,38.62890625
1786397240.2818348,61.7283935546875,53.7,38.62890625
1786397240.2973065,61.7283935546875,64.0,38.62890625
1786397240.310716,61.7283935546875,75.3,38.62890625
1786397240.3262084,61.7283935546875,0.0,38.62890625
1786397240.3497553,61.7283935546875,42.4,38.62890625
1786397240.3643115,61.7283935546875,68.4,38.62890625
1786397240.3781226,60.975608825683594,72.6,38.62890625
1786397240.403285,60.975608825683594,78.2,38.62890625
1786397240.4149282,60.975608825683594,89.2,38.62890625
1786397240.4279025,60.975608825683594,77.0,38.62890625
1786397240.4456651,60.975608825683594,55.9,38.62890625
1786397240.4586132,60.975608825683594,0.0,38.62890625
1786397240.477031,60.975608825683594,54.5,38.62890625
1786397240.4904373,60.975608825683594,74.7,38.62890625
1786397240.5075834,60.975608825683594,57.8,38.62890625
1786397240.5233026,60.975608825683594,0.0,38.6328125
1786397240.5394669,60.975608825683594,61.8,38.6328125
1786397240.5552208,60.975608825683594,0.0,38.6328125
1786397240.573028,60.975608825683594,56.2,38.6328125
1786397240.5910864,60.975608825683594,0.0,38.6328125
1786397240.6098976,60.975608825683594,106.5,38.63671875
1786397240.625459,60.975608825683594,64.1,38.63671875
1786397240.6430347,60.975608825683594,56.1,38.63671875
1786397240.6570513,60.975608825683594,142.6,38.63671875
1786397240.674017,60.975608825683594,0.0,38.63671875
1786397240.691119,60.975608825683594,58.7,38.63671875
1786397240.7077255,61.7283935546875,120.5,38.63671875
1786397240.7223682,61.7283935546875,67.6,38.63671875
1786397240.7377613,61.7283935546875,64.8,38.63671875
1786397240.7509046,61.7283935546875,76.9,38.63671875
1786397240.7693052,61.7283935546875,54.1,38.63671875
1786397240.7837324,61.7283935546875,70.0,38.63671875
1786397240.7994316,61.7283935546875,63.6,38.63671875
1786397240.8155947,61.7283935546875,0.0,38.63671875
1786397240.8322973,61.7283935546875,59.6,38.63671875
1786397240.8472972,61.7283935546875,66.9,38.63671875
1786397240.8623092,61.7283935546875,66.7,38.63671875
1786397240.8793187,61.7283935546875,0.0,38.63671875
1786397240.8974676,61.7283935546875,54.9,38.63671875
1786397240.913147,61.7283935546875,0.0,38.63671875
1786397240.9304893,61.7283935546875,57.5,38.63671875
1786397240.9475508,61.7283935546875,58.8,38.63671875
1786397240.9621658,61.7283935546875,0.0,38.63671875
1786397240.9774737,61.7283935546875,0.0,38.63671875
1786397240.993578,61.7283935546875,61.4,38.63671875
1786397241.0096183,61.7283935546875,63.1,38.63671875
1786397241.0339944,61.349693298339844,39.4,38.63671875
1786397241.0484865,61.349693298339844,74.1,38.63671875
1786397241.063033,61.349693298339844,68.3,38.63671875
1786397241.0799227,61.349693298339844,59.6,38.63671875
1786397241.0921502,61.349693298339844,81.5,38.63671875
1786397241.1068945,61.349693298339844,67.6,38.63671875
1786397241.1239657,61.349693298339844,0.0,38.640625
1786397241.140939,61.349693298339844,59.0,38.640625
1786397241.1558123,61.349693298339844,0.0,38.640625
1786397241.1736076,61.349693298339844,56.3,38.640625
1786397241.1879508,61.7283935546875,69.8,38.640625
1786397241.204567,61.7283935546875,0.0,38.640625
1786397241.2205064,61.7283935546875,62.5,38.640625
1786397241.2426457,61.7283935546875,89.1,38.640625
1786397241.2546952,61.7283935546875,0.0,38.640625
1786397241.2693517,61.7283935546875,68.0,38.640625
1786397241.285097,61.7283935546875,0.0,38.640625
1786397241.3075666,61.7283935546875,88.8,38.640625
1786397241.319989,61.7283935546875,0.0,38.640625
1786397241.3403502,61.7283935546875,98.6,38.640625
1786397241.3525317,62.11180114746094,80.0,38.64453125
1786397241.3685129,62.11180114746094,63.8,38.64453125
1786397241.3828027,62.11180114746094,0.0,38.64453125
1786397241.3999002,62.11180114746094,58.3,38.64453125
1786397241.4139915,62.11180114746094,0.0,38.64453125
1786397241.4339483,62.11180114746094,49.8,38.64453125
1786397241.448767,62.11180114746094,68.0,38.64453125
1786397241.463171,62.11180114746094,69.3,38.64453125
1786397241.4812407,62.11180114746094,110.8,38.64453125
1786397241.5008602,62.11180114746094,50.8,38.64453125
1786397241.5170035,62.11180114746094,62.0,38.64453125
1786397241.5306926,62.11180114746094,73.0,38.64453125
1786397241.5459328,62.11180114746094,65.9,38.64453125
1786397241.5593817,62.11180114746094,0.0,38.64453125
1786397241.5795114,62.11180114746094,49.2,38.64453125
1786397241.590607,62.11180114746094,92.2,38.64453125
1786397241.6080954,62.11180114746094,0.0,38.64453125
1786397241.6239634,62.11180114746094,63.1,38.64453125
1786397241.6404586,62.11180114746094,0.0,38.6484375
1786397241.6553228,62.11180114746094,67.3,38.6484375
1786397241.6795278,61.349693298339844,41.3,38.6484375
1786397241.6910684,61.349693298339844,86.7,38.6484375
1786397241.709462,61.349693298339844,54.1,38.6484375
1786397241.722775,61.349693298339844,75.4,38.6484375
1786397241.7410524,61.349693298339844,0.0,38.6484375
1786397241.7546604,61.349693298339844,73.6,38.6484375
1786397241.7728992,61.349693298339844,54.8,38.6484375
1786397241.787003,61.349693298339844,0.0,38.6484375
1786397241.8045695,61.349693298339844,56.9,38.6484375
1786397241.817834,61.349693298339844,75.4,38.6484375
1786397241.8387928,61.7283935546875,47.7,38.6484375
1786397241.85191,61.7283935546875,0.0,38.6484375
1786397241.872372,61.7283935546875,98.2,38.6484375
1786397241.8851268,61.7283935546875,0.0,38.6484375
1786397241.8993044,61.7283935546875,70.1,38.6484375
1786397241.9151409,61.7283935546875,0.0,38.6484375
1786397241.9343948,61.7283935546875,51.8,38.6484375
1786397241.946282,61.7283935546875,84.4,38.6484375
1786397241.964419,61.7283935546875,0.0,38.6484375
1786397241.9795654,61.7283935546875,65.9,38.6484375
1786397241.9993901,62.5,50.4,38.6484375
1786397242.0111828,62.5,0.0,38.6484375
1786397242.0288837,62.5,56.3,38.6484375
1786397242.047116,62.5,109.6,38.6484375
1786397242.0602763,62.5,0.0,38.6484375
1786397242.0820332,62.5,46.0,38.6484375
1786397242.0934763,62.5,87.4,38.6484375
1786397242.1107616,62.5,0.0,38.6484375
1786397242.1257718,62.5,66.6,38.6484375
1786397242.1437402,62.5,55.6,38.6484375
1786397242.1604137,61.7283935546875,60.1,38.65234375
1786397242.1781268,61.7283935546875,56.3,38.65234375
1786397242.190715,61.7283935546875,0.0,38.65625
1786397242.2081192,61.7283935546875,57.4,38.65625
1786397242.2242045,61.7283935546875,62.2,38.65625
1786397242.2447407,61.7283935546875,48.6,38.65625
1786397242.2589233,61.7283935546875,70.6,38.65625
1786397242.2732265,61.7283935546875,69.9,38.65625
1786397242.2936313,61.7283935546875,0.0,38.65625
1786397242.311051,61.7283935546875,115.1,38.65625
1786397242.3217654,61.349693298339844,0.0,38.65625
1786397242.3375661,61.349693298339844,63.2,38.65625
1786397242.3522792,61.349693298339844,0.0,38.65625
1786397242.3727431,61.349693298339844,48.9,38.65625
1786397242.3877003,61.349693298339844,66.9,38.65625
1786397242.4087656,61.349693298339844,94.7,38.65625
1786397242.4211483,61.349693298339844,0.0,38.65625
1786397242.4423153,61.349693298339844,94.7,38.65625
1786397242.4541569,61.349693298339844,84.2,38.65625
1786397242.476664,61.349693298339844,88.8,38.65625
1786397242.4909184,61.7283935546875,70.5,38.65625
1786397242.5023532,61.7283935546875,85.8,38.65625
1786397242.5138578,61.7283935546875,88.5,38.65625
1786397242.5315967,61.7283935546875,56.1,38.65625
1786397242.5500052,61.7283935546875,54.4,38.65625
1786397242.5680678,61.7283935546875,55.4,38.65625
1786397242.5784829,61.7283935546875,0.0,38.65625
1786397242.595777,61.7283935546875,57.6,38.65625
1786397242.6125228,61.7283935546875,0.0,38.65625
1786397242.6326308,61.7283935546875,94.7,38.65625
1786397242.6495068,62.11180114746094,63.0,38.65625
1786397242.6607416,62.11180114746094,89.2,38.65625
1786397242.6800365,62.11180114746094,51.8,38.66015625
1786397242.698812,62.11180114746094,53.0,38.66015625
1786397242.710203,62.11180114746094,88.4,38.66015625
1786397242.7251446,62.11180114746094,0.0,38.66015625
1786397242.743482,62.11180114746094,54.4,38.66015625
1786397242.7625642,62.11180114746094,52.7,38.66015625
1786397242.7789938,62.11180114746094,60.4,38.66015625
1786397242.7926805,62.11180114746094,146.2,38.66015625
1786397242.8067763,61.349693298339844,71.0,38.66015625
1786397242.8230782,61.349693298339844,0.0,38.66015625
1786397242.8417928,61.349693298339844,53.3,38.66015625
1786397242.858838,61.349693298339844,58.6,38.66015625
1786397242.8784087,61.349693298339844,51.3,38.66015625
1786397242.887339,61.349693298339844,0.0,38.66015625
1786397242.9057167,61.349693298339844,54.4,38.66015625
1786397242.9259398,61.349693298339844,49.5,38.66015625
1786397242.940736,61.349693298339844,67.6,38.66015625
1786397242.955858,61.349693298339844,66.1,38.66015625
1786397242.9728768,60.975608825683594,0.0,38.66015625
1786397242.9911582,60.975608825683594,54.7,38.66015625
1786397243.0105422,60.975608825683594,102.6,38.6640625
1786397243.0221612,60.975608825683594,86.5,38.6640625
1786397243.0401924,60.975608825683594,55.7,38.6640625
1786397243.053529,60.975608825683594,0.0,38.6640625
1786397243.071459,60.975608825683594,55.7,38.6640625
1786397243.0876317,60.975608825683594,61.7,38.6640625
1786397243.1020176,60.975608825683594,139.5,38.6640625
1786397243.1219213,60.975608825683594,50.3,38.6640625
1786397243.1357977,62.11180114746094,72.0,38.6640625
1786397243.1483536,62.11180114746094,0.0,38.6640625
1786397243.1716008,62.11180114746094,41.9,38.6640625
1786397243.183925,62.11180114746094,85.1,38.6640625
1786397243.2066603,62.11180114746094,87.7,38.66796875
1786397243.2230222,62.11180114746094,61.2,38.66796875
1786397243.2406106,62.11180114746094,114.2,38.66796875
1786397243.2525125,62.11180114746094,82.7,38.66796875
1786397243.2662423,62.11180114746094,0.0,38.66796875
1786397243.279909,62.11180114746094,73.7,38.66796875
1786397243.2950525,60.975608825683594,0.0,38.66796875
1786397243.311432,60.975608825683594,61.0,38.66796875
1786397243.330022,60.975608825683594,0.0,38.66796875
1786397243.3450136,60.975608825683594,66.8,38.66796875
1786397243.3600898,60.975608825683594,66.4,38.66796875
1786397243.3772972,60.975608825683594,0.0,38.66796875
1786397243.3938248,60.975608825683594,121.2,38.66796875
1786397243.4129722,60.975608825683594,52.1,38.66796875
1786397243.4263036,60.975608825683594,0.0,38.66796875
1786397243.4488504,60.975608825683594,88.7,38.66796875
1786397243.459909,62.11180114746094,90.8,38.66796875
1786397243.479741,62.11180114746094,50.3,38.66796875
1786397243.4912941,62.11180114746094,86.7,38.66796875
1786397243.5080733,62.11180114746094,59.8,38.66796875
1786397243.5224655,62.11180114746094,0.0,38.66796875
1786397243.5419412,62.11180114746094,51.2,38.66796875
1786397243.5553203,62.11180114746094,74.8,38.66796875
1786397243.5786116,62.11180114746094,85.7,38.66796875
1786397243.5953622,62.11180114746094,59.8,38.66796875
1786397243.6106567,62.11180114746094,131.0,38.66796875
1786397243.6198938,62.11180114746094,0.0,38.66796875
1786397243.6397963,62.11180114746094,100.4,38.66796875
1786397243.6543915,62.11180114746094,68.6,38.66796875
1786397243.6689515,62.11180114746094,68.7,38.66796875
1786397243.6813223,62.11180114746094,80.7,38.66796875
1786397243.702024,62.11180114746094,0.0,38.66796875
1786397243.7156677,62.11180114746094,74.6,38.671875
1786397243.7375007,62.11180114746094,45.7,38.671875
1786397243.748936,62.11180114746094,87.9,38.671875
1786397243.7656875,62.11180114746094,59.5,38.671875
1786397243.7836695,62.11180114746094,55.7,38.671875
1786397243.7976897,62.11180114746094,71.1,38.671875
1786397243.814219,62.11180114746094,60.7,38.671875
1786397243.8282433,62.11180114746094,71.3,38.67578125
1786397243.8457532,62.11180114746094,57.0,38.67578125
1786397243.8602004,62.11180114746094,69.4,38.67578125
1786397243.8793702,62.11180114746094,52.1,38.67578125
1786397243.8951147,62.11180114746094,63.6,38.67578125
1786397243.911511,62.11180114746094,61.0,38.67578125
1786397243.9259615,62.11180114746094,0.0,38.67578125
1786397243.9416902,60.975608825683594,63.2,38.67578125
1786397243.96059,60.975608825683594,0.0,38.67578125
1786397243.976957,60.975608825683594,60.8,38.67578125
1786397243.9937422,60.975608825683594,59.8,38.67578125
1786397244.0085483,60.975608825683594,67.6,38.67578125
1786397244.0243156,60.975608825683594,63.5,38.67578125
1786397244.041596,60.975608825683594,57.7,38.67578125
1786397244.0563142,60.975608825683594,68.2,38.67578125
1786397244.0733206,60.975608825683594,0.0,38.67578125
1786397244.0885503,60.975608825683594,65.7,38.67578125
1786397244.1052873,61.349693298339844,0.0,38.67578125
1786397244.124046,61.349693298339844,53.4,38.67578125
1786397244.1394732,61.349693298339844,64.9,38.67578125
1786397244.1541336,61.349693298339844,0.0,38.67578125
1786397244.1763127,61.349693298339844,45.1,38.67578125
1786397244.1908076,61.349693298339844,69.2,38.67578125
1786397244.2110624,61.349693298339844,48.7,38.67578125
1786397244.2233582,61.349693298339844,82.2,38.67578125
1786397244.2367682,61.349693298339844,75.2,38.6796875
1786397244.2507694,61.349693298339844,71.4,38.6796875
1786397244.2758088,61.7283935546875,39.8,38.6796875
1786397244.2907846,61.7283935546875,66.9,38.6796875
1786397244.3082557,61.7283935546875,114.6,38.6796875
1786397244.316766,61.7283935546875,117.9,38.6796875
1786397244.3359783,61.7283935546875,0.0,38.6796875
1786397244.3504305,61.7283935546875,70.3,38.6796875
1786397244.3673177,61.7283935546875,58.4,38.6796875
1786397244.3822591,61.7283935546875,0.0,38.6796875
1786397244.4002614,61.7283935546875,55.8,38.6796875
1786397244.4210286,61.7283935546875,95.3,38.6796875
1786397244.4416611,61.7283935546875,48.7,38.6796875
1786397244.4590263,61.7283935546875,114.0,38.6796875
1786397244.473886,61.7283935546875,65.0,38.6796875
1786397244.4879632,61.7283935546875,150.0,38.6796875
1786397244.5081372,61.7283935546875,98.5,38.6796875
1786397244.522637,61.7283935546875,69.4,38.6796875
1786397244.5363116,61.7283935546875,145.3,38.6796875
1786397244.5559094,61.7283935546875,51.0,38.6796875
1786397244.5737004,61.7283935546875,56.7,38.6796875
1786397244.5884829,61.7283935546875,133.9,38.6796875
1786397244.6068716,59.52381134033203,53.6,38.6796875
1786397244.6177619,59.52381134033203,96.0,38.6796875
1786397244.6385655,59.52381134033203,48.2,38.6796875
1786397244.65004,59.52381134033203,87.3,38.6796875
1786397244.6665502,59.52381134033203,60.3,38.68359375
1786397244.681396,59.52381134033203,0.0,38.68359375
1786397244.6966655,59.52381134033203,65.4,38.68359375
1786397244.713082,59.52381134033203,0.0,38.68359375
1786397244.7289212,59.52381134033203,63.1,38.68359375
1786397244.745038,59.52381134033203,0.0,38.6875
1786397244.7619998,60.60606002807617,59.0,38.6875
1786397244.7808666,60.60606002807617,53.0,38.6875
1786397244.8030636,60.60606002807617,44.2,38.6875
1786397244.818766,60.60606002807617,130.6,38.6875
1786397244.833291,60.60606002807617,68.7,38.6875
1786397244.8477037,60.60606002807617,69.8,38.6875
1786397244.8605883,60.60606002807617,77.5,38.6875
1786397244.8783052,60.60606002807617,56.3,38.6875
1786397244.8963063,60.60606002807617,55.5,38.6875
1786397244.9119737,60.60606002807617,63.1,38.6875
1786397244.9246428,62.11180114746094,80.2,38.6875
1786397244.9391768,62.11180114746094,0.0,38.6875
1786397244.95408,62.11180114746094,67.1,38.6875
1786397244.9721124,62.11180114746094,0.0,38.6875
1786397244.991562,62.11180114746094,51.4,38.6875
1786397245.0086439,62.11180114746094,117.0,38.6875
1786397245.0200613,62.11180114746094,0.0,38.6875
1786397245.0401287,62.11180114746094,49.6,38.6875
1786397245.0498526,62.11180114746094,104.3,38.6875
1786397245.0718958,62.11180114746094,45.3,38.6875
1786397245.084374,62.89308547973633,80.3,38.6875
1786397245.10013,62.89308547973633,0.0,38.6875
1786397245.120199,62.89308547973633,100.2,38.6875
1786397245.135732,62.89308547973633,64.0,38.6875
1786397245.1508572,62.89308547973633,66.5,38.6875
1786397245.1670973,62.89308547973633,58.8,38.6875
1786397245.1807156,62.89308547973633,77.9,38.6875
1786397245.1994078,62.89308547973633,53.3,38.6875
1786397245.2220025,62.89308547973633,44.3,38.6875
1786397245.238145,62.89308547973633,123.1,38.6875
1786397245.2469988,61.7283935546875,114.2,38.6875
1786397245.2631729,61.7283935546875,0.0,38.69140625
1786397245.2831266,61.7283935546875,100.2,38.69140625
1786397245.2938175,61.7283935546875,94.1,38.69140625
1786397245.311924,61.7283935546875,0.0,38.69140625
1786397245.3253546,61.7283935546875,75.5,38.69140625
1786397245.3411827,61.7283935546875,63.1,38.69140625
1786397245.3605442,61.7283935546875,0.0,38.69140625
1786397245.3756025,61.7283935546875,66.3,38.69140625
1786397245.3904402,61.7283935546875,0.0,38.69140625
1786397245.4087207,61.7283935546875,54.3,38.69140625
1786397245.4226966,61.7283935546875,0.0,38.69140625
1786397245.4418993,61.7283935546875,52.1,38.69140625
1786397245.4563112,61.7283935546875,69.4,38.69140625
1786397245.4777133,61.7283935546875,46.8,38.69140625
1786397245.4892187,61.7283935546875,0.0,38.69140625
1786397245.5083487,61.7283935546875,52.2,38.6953125
1786397245.5272107,61.7283935546875,53.0,38.6953125
1786397245.5437148,61.7283935546875,60.2,38.6953125
1786397245.5603983,61.7283935546875,121.0,38.6953125
1786397245.5757658,60.60606002807617,65.0,38.6953125
1786397245.5926483,60.60606002807617,59.2,38.6953125
1786397245.61159,60.60606002807617,52.8,38.6953125
1786397245.6217883,60.60606002807617,98.3,38.6953125
1786397245.6398098,60.60606002807617,55.5,38.6953125
1786397245.654106,60.60606002807617,69.9,38.6953125
1786397245.6720228,60.60606002807617,0.0,38.6953125
1786397245.6859188,60.60606002807617,71.9,38.6953125
1786397245.7062783,60.60606002807617,49.1,38.6953125
1786397245.7188003,60.60606002807617,80.1,38.6953125
1786397245.7361708,61.7283935546875,0.0,38.6953125
1786397245.7484276,61.7283935546875,82.9,38.6953125
1786397245.7660208,61.7283935546875,56.3,38.6953125
1786397245.7835915,61.7283935546875,57.2,38.69921875
1786397245.8013887,61.7283935546875,56.3,38.69921875
1786397245.8169994,61.7283935546875,64.1,38.69921875
1786397245.8327858,61.7283935546875,62.5,38.69921875
1786397245.8438911,61.7283935546875,0.0,38.69921875
1786397245.8622665,61.7283935546875,54.3,38.69921875
1786397245.8812387,61.7283935546875,105.5,38.69921875
1786397245.8975496,62.5,61.3,38.69921875
1786397245.9159405,62.5,54.3,38.69921875
1786397245.9284556,62.5,80.0,38.69921875
1786397245.9536386,62.5,79.0,38.69921875
1786397245.9623766,62.5,115.4,38.69921875
1786397245.9783332,62.5,0.0,38.69921875
1786397245.994978,62.5,60.3,38.69921875
1786397246.0097237,62.5,0.0,38.69921875
1786397246.0252388,62.5,128.9,38.69921875
1786397246.0420709,62.5,0.0,38.69921875
1786397246.0583925,60.975608825683594,61.5,38.69921875
1786397246.0830152,60.975608825683594,40.6,38.69921875
1786397246.093596,60.975608825683594,94.5,38.69921875
1786397246.1082902,60.975608825683594,67.7,38.69921875
1786397246.1302743,60.975608825683594,45.6,38.69921875
1786397246.1422908,60.975608825683594,81.0,38.69921875
1786397246.1568587,60.975608825683594,70.2,38.69921875
1786397246.1757948,60.975608825683594,52.8,38.69921875
1786397246.191541,60.975608825683594,63.4,38.69921875
1786397246.2052894,60.975608825683594,73.0,38.69921875
1786397246.2227106,61.7283935546875,57.3,38.69921875
1786397246.2394269,61.7283935546875,59.9,38.69921875
1786397246.251696,61.7283935546875,80.7,38.69921875
1786397246.2735617,61.7283935546875,45.9,38.69921875
1786397246.2864847,61.7283935546875,77.6,38.69921875
1786397246.3016453,61.7283935546875,0.0,38.703125
1786397246.3245566,61.7283935546875,87.3,38.70703125
1786397246.338759,61.7283935546875,70.4,38.70703125
1786397246.354021,61.7283935546875,65.6,38.70703125
1786397246.3727753,61.7283935546875,106.5,38.70703125
1786397246.3818362,61.7283935546875,110.9,38.70703125
1786397246.401644,61.7283935546875,50.0,38.70703125
1786397246.4139724,61.7283935546875,82.5,38.70703125
1786397246.4327786,61.7283935546875,52.0,38.70703125
1786397246.4464607,61.7283935546875,0.0,38.70703125
1786397246.461712,61.7283935546875,0.0,38.70703125
1786397246.4786055,61.7283935546875,59.0,38.70703125
1786397246.4940624,61.7283935546875,64.9,38.70703125
1786397246.51525,61.7283935546875,46.9,38.70703125
1786397246.5314734,61.7283935546875,62.0,38.70703125
1786397246.5481179,62.5,60.1,38.70703125
1786397246.5584939,62.5,96.3,38.70703125
1786397246.5756147,62.5,58.6,38.70703125
1786397246.589348,62.5,0.0,38.70703125
1786397246.6152275,62.5,76.7,38.70703125
1786397246.6245608,62.5,0.0,38.70703125
1786397246.639307,62.5,68.0,38.70703125
1786397246.6576655,62.5,54.3,38.70703125
1786397246.6769912,62.5,51.8,38.70703125
1786397246.6891422,62.5,0.0,38.70703125
1786397246.7079024,60.975608825683594,53.3,38.70703125
1786397246.7237713,60.975608825683594,63.1,38.70703125
1786397246.7414103,60.975608825683594,56.7,38.70703125
1786397246.756574,60.975608825683594,65.9,38.70703125
1786397246.7718387,60.975608825683594,0.0,38.70703125
1786397246.7878036,60.975608825683594,62.7,38.70703125
1786397246.8070424,60.975608825683594,51.9,38.70703125
1786397246.8226972,60.975608825683594,63.0,38.7109375
1786397246.8409016,60.975608825683594,55.6,38.7109375
1786397246.855462,60.975608825683594,137.0,38.7109375
1786397246.8744235,62.11180114746094,52.0,38.7109375
1786397246.894221,62.11180114746094,153.5,38.7109375
1786397246.9098895,62.11180114746094,63.6,38.7109375
1786397246.9192042,62.11180114746094,108.4,38.7109375
1786397246.9383347,62.11180114746094,52.0,38.7109375
1786397246.9543617,62.11180114746094,62.7,38.7109375
1786397246.9721546,62.11180114746094,56.1,38.7109375
1786397246.980656,62.11180114746094,0.0,38.7109375
1786397246.996773,62.11180114746094,61.9,38.7109375
1786397247.0139294,62.11180114746094,0.0,38.7109375
1786397247.030767,61.349693298339844,59.4,38.7109375
1786397247.0448081,61.349693298339844,71.2,38.7109375
1786397247.0606112,61.349693298339844,0.0,38.7109375
1786397247.079101,61.349693298339844,53.9,38.7109375
1786397247.0961351,61.349693298339844,58.7,38.7109375
1786397247.1187546,61.349693298339844,44.1,38.7109375
1786397247.1390398,61.349693298339844,98.5,38.7109375
1786397247.1506763,61.349693298339844,172.4,38.71484375
1786397247.164704,61.349693298339844,71.6,38.71484375
1786397247.1787882,61.349693298339844,0.0,38.71484375
1786397247.1967778,60.975608825683594,55.5,38.71484375
1786397247.210525,60.975608825683594,72.9,38.71484375
1786397247.2273629,60.975608825683594,58.9,38.71484375
1786397247.2452037,60.975608825683594,56.5,38.71484375
1786397247.2602136,60.975608825683594,0.0,38.71484375
1786397247.276264,60.975608825683594,62.1,38.71484375
1786397247.2971344,60.975608825683594,92.0,38.71484375
1786397247.3197205,60.975608825683594,46.0,38.71484375
1786397247.3286543,60.975608825683594,112.2,38.71484375
1786397247.344817,60.975608825683594,61.9,38.71875
1786397247.3594768,60.60606002807617,68.2,38.71875
1786397247.3735445,60.60606002807617,0.0,38.71875
1786397247.3927073,60.60606002807617,52.0,38.71875
1786397247.4078174,60.60606002807617,66.3,38.71875
1786397247.42595,60.60606002807617,0.0,38.71875
1786397247.4439669,60.60606002807617,55.6,38.71875
1786397247.4599078,60.60606002807617,62.7,38.71875
1786397247.476576,60.60606002807617,59.9,38.71875
1786397247.4941473,60.60606002807617,56.9,38.71875
1786397247.5134106,60.60606002807617,103.9,38.71875
1786397247.5243988,61.7283935546875,91.1,38.71875
1786397247.5412962,61.7283935546875,59.2,38.71875
1786397247.5552416,61.7283935546875,71.9,38.71875
1786397247.572928,61.7283935546875,56.4,38.71875
1786397247.5878687,61.7283935546875,67.1,38.71875
1786397247.6042812,61.7283935546875,60.9,38.71875
1786397247.6199944,61.7283935546875,63.6,38.71875
1786397247.639262,61.7283935546875,51.8,38.71875
1786397247.6548562,61.7283935546875,64.3,38.71875
1786397247.6729732,61.7283935546875,55.1,38.71875
1786397247.6863945,61.7283935546875,74.2,38.71875
1786397247.706486,61.7283935546875,48.7,38.71875
1786397247.71922,61.7283935546875,81.8,38.71875
1786397247.7330768,61.7283935546875,71.1,38.71875
1786397247.7509596,61.7283935546875,56.6,38.71875
1786397247.7636337,61.7283935546875,78.8,38.71875
1786397247.7788837,61.7283935546875,0.0,38.71875
1786397247.7962682,61.7283935546875,57.4,38.71875
1786397247.8106146,61.7283935546875,69.9,38.71875
1786397247.827942,61.7283935546875,57.6,38.71875
1786397247.8446457,62.5,59.9,38.71875
1786397247.8614137,62.5,0.0,38.72265625
1786397247.8796713,62.5,54.7,38.72265625
1786397247.898333,62.5,107.1,38.72265625
1786397247.9153223,62.5,117.0,38.72265625
1786397247.9265723,62.5,90.1,38.72265625
1786397247.9411159,62.5,68.6,38.72265625
1786397247.9554238,62.5,70.2,38.72265625
1786397247.9732792,62.5,0.0,38.7265625
1786397247.9909172,62.5,113.8,38.7265625
1786397248.009283,62.5,54.2,38.7265625
1786397248.0220044,62.5,79.0,38.7265625
1786397248.0388076,62.5,59.5,38.7265625
1786397248.0534139,62.5,68.3,38.7265625
1786397248.077429,62.5,41.5,38.7265625
1786397248.0943146,62.5,118.7,38.7265625
1786397248.1139355,62.5,102.0,38.7265625
1786397248.1234453,62.5,105.7,38.7265625
1786397248.1380699,62.5,68.1,38.7265625
1786397248.1551552,62.5,58.7,38.7265625
1786397248.1726577,59.88024139404297,57.0,38.7265625
1786397248.1906278,59.88024139404297,55.8,38.7265625
1786397248.208563,59.88024139404297,55.1,38.7265625
1786397248.2211134,59.88024139404297,0.0,38.7265625
1786397248.235133,59.88024139404297,70.8,38.7265625
1786397248.2492566,59.88024139404297,71.9,38.7265625
1786397248.2704148,59.88024139404297,47.1,38.7265625
1786397248.2878497,59.88024139404297,56.2,38.7265625
1786397248.3071969,59.88024139404297,52.6,38.7265625
1786397248.31687,59.88024139404297,104.3,38.7265625
1786397248.330535,62.11180114746094,73.3,38.7265625
1786397248.3465543,62.11180114746094,62.4,38.7265625
1786397248.3639746,62.11180114746094,57.4,38.7265625
1786397248.379439,62.11180114746094,0.0,38.73046875
1786397248.3962033,62.11180114746094,59.6,38.73046875
1786397248.413359,62.11180114746094,58.4,38.73046875
1786397248.4325984,62.11180114746094,51.7,38.73046875
1786397248.448679,62.11180114746094,62.3,38.73046875
1786397248.4724863,62.11180114746094,83.8,38.73046875
1786397248.4838407,62.11180114746094,0.0,38.73046875
1786397248.4985886,60.60606002807617,68.0,38.73046875
1786397248.512943,60.60606002807617,69.8,38.73046875
1786397248.5327532,60.60606002807617,50.3,38.73046875
1786397248.546607,60.60606002807617,72.5,38.73046875
1786397248.5607083,60.60606002807617,71.1,38.73046875
1786397248.5816402,60.60606002807617,47.6,38.73046875
1786397248.6033888,60.60606002807617,91.1,38.73046875
1786397248.6213636,60.60606002807617,112.7,38.73046875
1786397248.633641,60.60606002807617,81.3,38.73046875
1786397248.6466124,60.60606002807617,77.3,38.73046875
1786397248.6614292,60.975608825683594,67.6,38.73046875
1786397248.6799114,60.975608825683594,54.1,38.73046875
1786397248.695322,60.975608825683594,0.0,38.73046875
1786397248.7090104,60.975608825683594,72.8,38.73046875
1786397248.7248352,60.975608825683594,63.3,38.73046875
1786397248.7425168,60.975608825683594,56.5,38.73046875
1786397248.758279,60.975608825683594,0.0,38.73046875
1786397248.7753718,60.975608825683594,58.5,38.73046875
1786397248.7915487,60.975608825683594,61.8,38.73046875
1786397248.8071845,60.975608825683594,0.0,38.73046875
1786397248.8230405,60.60606002807617,63.2,38.734375
1786397248.8398507,60.60606002807617,0.0,38.734375
1786397248.856842,60.60606002807617,58.8,38.734375
1786397248.8749952,60.60606002807617,55.0,38.734375
1786397248.8910553,60.60606002807617,62.4,38.73828125
1786397248.906775,60.60606002807617,0.0,38.73828125
1786397248.9212987,60.60606002807617,69.0,38.73828125
1786397248.939865,60.60606002807617,53.9,38.73828125
1786397248.9553483,60.60606002807617,64.6,38.73828125
1786397248.980593,60.60606002807617,39.6,38.73828125
1786397248.9894059,61.349693298339844,113.1,38.73828125
1786397249.0032146,61.349693298339844,72.7,38.73828125
1786397249.0195873,61.349693298339844,0.0,38.73828125
1786397249.0371983,61.349693298339844,56.7,38.73828125
1786397249.055179,61.349693298339844,55.7,38.73828125
1786397249.0745203,61.349693298339844,51.7,38.73828125
1786397249.0872324,61.349693298339844,0.0,38.73828125
1786397249.1054418,61.349693298339844,54.9,38.73828125
1786397249.1196187,61.349693298339844,70.8,38.73828125
1786397249.1400874,61.349693298339844,48.8,38.73828125
1786397249.1605287,61.7283935546875,97.6,38.73828125
1786397249.1747117,61.7283935546875,141.2,38.73828125
1786397249.1894991,61.7283935546875,67.6,38.73828125
1786397249.1988022,61.7283935546875,0.0,38.73828125
1786397249.2159948,61.7283935546875,58.0,38.73828125
1786397249.233689,61.7283935546875,113.0,38.73828125
1786397249.2503414,61.7283935546875,0.0,38.73828125
1786397249.2655559,61.7283935546875,65.6,38.73828125
1786397249.2812803,61.7283935546875,63.9,38.73828125
1786397249.2948482,61.7283935546875,0.0,38.73828125
1786397249.311026,61.7283935546875,61.8,38.73828125
1786397249.327501,61.7283935546875,60.7,38.73828125
1786397249.344327,61.7283935546875,0.0,38.73828125
1786397249.3642328,61.7283935546875,50.1,38.73828125
1786397249.3815165,61.7283935546875,57.1,38.73828125
1786397249.395598,61.7283935546875,72.6,38.73828125
1786397249.41039,61.7283935546875,67.0,38.7421875
1786397249.4280667,61.7283935546875,56.8,38.7421875
1786397249.4413679,61.7283935546875,0.0,38.7421875
1786397249.4573658,61.7283935546875,0.0,38.7421875
1786397249.4737384,61.7283935546875,61.1,38.7421875
1786397249.4896095,61.7283935546875,63.1,38.7421875
1786397249.504735,61.7283935546875,0.0,38.7421875
1786397249.5241897,61.7283935546875,51.4,38.7421875
1786397249.5393336,61.7283935546875,66.1,38.7421875
1786397249.5547707,61.7283935546875,0.0,38.7421875
1786397249.571429,61.7283935546875,60.0,38.7421875
1786397249.5875924,61.7283935546875,61.8,38.7421875
1786397249.6086187,61.7283935546875,47.6,38.7421875
1786397249.6205983,61.7283935546875,83.5,38.7421875
1786397249.6393259,62.11180114746094,106.8,38.74609375
1786397249.655787,62.11180114746094,59.9,38.74609375
1786397249.6740592,62.11180114746094,55.1,38.74609375
1786397249.6900616,62.11180114746094,62.8,38.74609375
1786397249.7065544,62.11180114746094,60.8,38.74609375
1786397249.7201753,62.11180114746094,73.4,38.74609375
1786397249.7387123,62.11180114746094,54.0,38.74609375
1786397249.7556107,62.11180114746094,59.1,38.74609375
1786397249.769464,62.11180114746094,72.2,38.74609375
1786397249.7895813,62.11180114746094,49.6,38.74609375
1786397249.80372,60.975608825683594,68.0,38.74609375
1786397249.820399,60.975608825683594,62.1,38.74609375
1786397249.8318362,60.975608825683594,87.3,38.74609375
1786397249.8473234,60.975608825683594,64.5,38.74609375
1786397249.867278,60.975608825683594,50.0,38.74609375
1786397249.8780966,60.975608825683594,93.4,38.74609375
1786397249.895248,60.975608825683594,0.0,38.74609375
1786397249.913055,60.975608825683594,56.1,38.74609375
1786397249.929033,60.975608825683594,62.6,38.75
1786397249.9454222,60.975608825683594,61.0,38.75
1786397249.963654,62.11180114746094,54.8,38.75
1786397249.9780068,62.11180114746094,0.0,38.75
1786397249.9982414,62.11180114746094,48.8,38.75
1786397250.0161564,62.11180114746094,111.9,38.75
1786397250.0304458,62.11180114746094,71.1,38.75
1786397250.0434191,62.11180114746094,77.1,38.75
1786397250.0597458,62.11180114746094,61.2,38.75
1786397250.0762093,62.11180114746094,60.7,38.75
1786397250.0903862,62.11180114746094,0.0,38.75
1786397250.1057537,62.11180114746094,65.1,38.75
1786397250.1233299,61.7283935546875,56.9,38.75
1786397250.1400099,61.7283935546875,0.0,38.75
1786397250.1587558,61.7283935546875,53.3,38.75
1786397250.1763642,61.7283935546875,113.5,38.75
1786397250.19263,61.7283935546875,61.5,38.75
1786397250.207249,61.7283935546875,68.0,38.75
1786397250.2232528,61.7283935546875,62.7,38.75
1786397250.2382183,61.7283935546875,66.2,38.75
1786397250.252972,61.7283935546875,68.6,38.75
1786397250.270793,61.7283935546875,56.1,38.75
1786397250.2849596,62.11180114746094,0.0,38.75
1786397250.30152,62.11180114746094,59.3,38.75
1786397250.3146229,62.11180114746094,78.2,38.75
1786397250.3330188,62.11180114746094,54.2,38.75
1786397250.3506398,62.11180114746094,56.0,38.75
1786397250.3644009,62.11180114746094,0.0,38.75
1786397250.385854,62.11180114746094,92.5,38.75
1786397250.406006,62.11180114746094,50.0,38.75
1786397250.415468,62.11180114746094,106.6,38.75
1786397250.4313962,62.11180114746094,62.8,38.75
1786397250.4460728,61.7283935546875,67.7,38.75390625
1786397250.4638717,61.7283935546875,56.4,38.7578125
1786397250.48193,61.7283935546875,55.4,38.7578125
1786397250.495735,61.7283935546875,0.0,38.7578125
1786397250.5120606,61.7283935546875,121.8,38.7578125
1786397250.530525,61.7283935546875,54.4,38.7578125
1786397250.5471766,61.7283935546875,60.1,38.7578125
1786397250.566324,61.7283935546875,0.0,38.7578125
1786397250.586554,61.7283935546875,98.0,38.7578125
1786397250.6071568,61.7283935546875,97.7,38.7578125
1786397250.6145725,59.17159652709961,137.5,38.7578125
1786397250.6335688,59.17159652709961,52.4,38.7578125
1786397250.6471312,59.17159652709961,0.0,38.7578125
1786397250.6654205,59.17159652709961,54.3,38.7578125
1786397250.6802993,59.17159652709961,67.9,38.7578125
1786397250.6979997,59.17159652709961,56.5,38.7578125
1786397250.7146747,59.17159652709961,60.0,38.7578125
1786397250.731393,59.17159652709961,59.7,38.7578125
1786397250.7437549,59.17159652709961,81.0,38.7578125
1786397250.7621295,59.17159652709961,0.0,38.7578125
1786397250.7816823,61.7283935546875,102.9,38.7578125
1786397250.7956715,61.7283935546875,0.0,38.7578125
1786397250.8203976,61.7283935546875,80.9,38.7578125
1786397250.8377373,61.7283935546875,115.3,38.7578125
1786397250.8483884,61.7283935546875,93.8,38.7578125
1786397250.85852,61.7283935546875,0.0,38.7578125
1786397250.8758924,61.7283935546875,115.0,38.7578125
1786397250.8930914,61.7283935546875,58.0,38.7578125
1786397250.9086697,61.7283935546875,0.0,38.7578125
1786397250.9254262,61.7283935546875,59.6,38.7578125
1786397250.9405494,60.60606002807617,66.1,38.7578125
1786397250.960594,60.60606002807617,49.9,38.7578125
1786397250.9758918,60.60606002807617,64.6,38.76171875
1786397250.9928582,60.60606002807617,59.5,38.76171875
1786397251.0122297,60.60606002807617,51.4,38.76171875
1786397251.0300803,60.60606002807617,56.3,38.76171875
1786397251.0481424,60.60606002807617,55.2,38.76171875
1786397251.0562212,60.60606002807617,124.8,38.76171875
1786397251.0790532,60.60606002807617,87.3,38.76171875
1786397251.088841,60.60606002807617,0.0,38.76171875
1786397251.1084852,61.349693298339844,50.8,38.76171875
1786397251.1254585,61.349693298339844,58.9,38.76171875
1786397251.1455615,61.349693298339844,99.5,38.76171875
1786397251.1602664,61.349693298339844,67.9,38.76171875
1786397251.176318,61.349693298339844,124.8,38.76171875
1786397251.1885042,61.349693298339844,81.7,38.76171875
1786397251.2010984,61.349693298339844,78.2,38.76171875
1786397251.2153096,61.349693298339844,0.0,38.76171875
1786397251.230895,61.349693298339844,64.0,38.76171875
1786397251.2478185,61.349693298339844,0.0,38.76171875
1786397251.2633324,62.5,64.4,38.76171875
1786397251.2798266,62.5,60.6,38.76171875
1786397251.29709,62.5,57.9,38.765625
1786397251.3130348,62.5,62.7,38.765625
1786397251.328395,62.5,0.0,38.765625
1786397251.3435853,62.5,65.7,38.765625
1786397251.361126,62.5,0.0,38.765625
1786397251.3766122,62.5,65.1,38.765625
1786397251.3929582,62.5,61.1,38.765625
1786397251.408691,62.5,0.0,38.765625
1786397251.4242017,62.11180114746094,64.5,38.765625
1786397251.442098,62.11180114746094,55.6,38.765625
1786397251.4574788,62.11180114746094,0.0,38.765625
1786397251.476311,62.11180114746094,53.1,38.765625
1786397251.4904358,62.11180114746094,70.9,38.76953125
1786397251.50816,62.11180114746094,56.1,38.76953125
1786397251.5294883,62.11180114746094,46.6,38.76953125
1786397251.5517008,62.11180114746094,89.5,38.76953125
1786397251.568219,62.11180114746094,61.5,38.76953125
1786397251.5854623,62.11180114746094,115.6,38.76953125
1786397251.595895,59.88024139404297,97.1,38.76953125
1786397251.6109424,59.88024139404297,66.7,38.76953125
1786397251.62596,59.88024139404297,0.0,38.76953125
1786397251.6464064,59.88024139404297,97.6,38.76953125
1786397251.66452,59.88024139404297,55.3,38.76953125
1786397251.6760159,59.88024139404297,86.6,38.76953125
1786397251.6921868,59.88024139404297,61.8,38.76953125
1786397251.7073038,59.88024139404297,0.0,38.76953125
1786397251.7228856,59.88024139404297,64.5,38.76953125
1786397251.7387855,59.88024139404297,62.8,38.76953125
1786397251.7582123,61.349693298339844,51.4,38.76953125
1786397251.7707279,61.349693298339844,80.3,38.76953125
1786397251.7869287,61.349693298339844,0.0,38.76953125
1786397251.8050284,61.349693298339844,55.2,38.76953125
1786397251.819983,61.349693298339844,66.9,38.76953125
1786397251.8385623,61.349693298339844,53.7,38.76953125
1786397251.8572583,61.349693298339844,53.3,38.76953125
1786397251.8758042,61.349693298339844,108.1,38.76953125
1786397251.890971,61.349693298339844,65.8,38.76953125
1786397251.9064362,61.349693298339844,127.4,38.76953125
1786397251.919006,62.11180114746094,81.5,38.76953125
1786397251.9343274,62.11180114746094,65.2,38.76953125
1786397251.9474154,62.11180114746094,0.0,38.76953125
1786397251.9639108,62.11180114746094,60.7,38.76953125
1786397251.9798286,62.11180114746094,62.7,38.76953125
1786397251.9964933,62.11180114746094,0.0,38.76953125
1786397252.0180159,62.11180114746094,92.8,38.7734375
1786397252.037797,62.11180114746094,49.6,38.7734375
1786397252.0488937,62.11180114746094,93.9,38.7734375
1786397252.0606194,62.11180114746094,85.7,38.7734375
1786397252.0782595,62.11180114746094,56.6,38.7734375
1786397252.0936868,62.11180114746094,0.0,38.7734375
1786397252.1101563,62.11180114746094,60.7,38.7734375
1786397252.1248496,62.11180114746094,0.0,38.7734375
1786397252.1410692,62.11180114746094,61.8,38.77734375
1786397252.15596,62.11180114746094,0.0,38.77734375
1786397252.1724608,62.11180114746094,60.6,38.77734375
1786397252.1897407,62.11180114746094,57.9,38.77734375
1786397252.2067072,62.11180114746094,58.9,38.77734375
1786397252.2237391,62.11180114746094,58.7,38.77734375
1786397252.239405,62.5,63.8,38.77734375
1786397252.2558212,62.5,60.9,38.77734375
1786397252.2766843,62.5,0.0,38.77734375
1786397252.2885933,62.5,83.8,38.77734375
1786397252.307879,62.5,103.5,38.77734375
1786397252.3227148,62.5,67.7,38.77734375
1786397252.3408134,62.5,55.3,38.77734375
1786397252.3550034,62.5,70.5,38.77734375
1786397252.3757632,62.5,96.4,38.77734375
1786397252.3863072,62.5,94.9,38.77734375
1786397252.3992715,61.349693298339844,0.0,38.77734375
1786397252.4158812,61.349693298339844,60.4,38.77734375
1786397252.4326131,61.349693298339844,0.0,38.77734375
1786397252.4541671,61.349693298339844,93.1,38.77734375
1786397252.469076,61.349693298339844,65.4,38.77734375
1786397252.4875412,61.349693298339844,54.4,38.77734375
1786397252.4986417,61.349693298339844,92.6,38.77734375
1786397252.514305,61.349693298339844,64.0,38.77734375
1786397252.5292945,61.349693298339844,0.0,38.78125
1786397252.545756,61.349693298339844,61.1,38.78125
1786397252.5632064,61.349693298339844,0.0,38.78125
1786397252.578827,61.349693298339844,64.0,38.78125
1786397252.5943854,61.349693298339844,0.0,38.78125
1786397252.6129296,61.349693298339844,53.8,38.78125
1786397252.6337125,61.349693298339844,95.6,38.78125
1786397252.6554096,61.349693298339844,46.3,38.78125
1786397252.668608,61.349693298339844,151.4,38.78125
1786397252.68438,61.349693298339844,63.3,38.78125
1786397252.6936274,61.349693298339844,109.4,38.78125
1786397252.7108316,61.349693298339844,0.0,38.78125
1786397252.7279508,61.349693298339844,58.3,38.78125
1786397252.744374,61.349693298339844,61.1,38.78125
1786397252.7610726,61.349693298339844,59.8,38.78125
1786397252.7789612,61.349693298339844,56.0,38.78125
1786397252.8008728,61.349693298339844,45.4,38.78125
1786397252.8155923,61.349693298339844,136.3,38.78125
1786397252.8348947,61.349693298339844,51.6,38.78125
1786397252.8506577,61.349693298339844,126.7,38.78125
1786397252.859853,61.349693298339844,109.9,38.78125
1786397252.8790028,61.349693298339844,0.0,38.78125
1786397252.8912482,60.240966796875,81.5,38.78125
1786397252.9073405,60.240966796875,62.1,38.78125
1786397252.923211,60.240966796875,0.0,38.78125
1786397252.943073,60.240966796875,50.2,38.78125
1786397252.9619887,60.240966796875,53.0,38.78515625
1786397252.9793377,60.240966796875,57.5,38.78515625
1786397252.9920776,60.240966796875,78.5,38.78515625
1786397253.0129838,60.240966796875,93.9,38.78515625
1786397253.0312662,60.240966796875,108.9,38.78515625
1786397253.0525844,60.240966796875,95.3,38.7890625
1786397253.0597775,59.52381134033203,0.0,38.7890625
1786397253.0749285,59.52381134033203,0.0,38.7890625
1786397253.0917573,59.52381134033203,59.4,38.7890625
1786397253.1065073,59.52381134033203,0.0,38.7890625
1786397253.122624,59.52381134033203,62.2,38.7890625
1786397253.1389303,59.52381134033203,0.0,38.7890625
1786397253.1568549,59.52381134033203,111.5,38.7890625
1786397253.1744654,59.52381134033203,56.8,38.7890625
1786397253.1885767,59.52381134033203,0.0,38.7890625
1786397253.2048252,59.52381134033203,61.4,38.7890625
1786397253.2232182,62.5,54.4,38.7890625
1786397253.2370942,62.5,72.3,38.7890625
1786397253.2530646,62.5,0.0,38.7890625
1786397253.2688758,62.5,63.1,38.7890625
1786397253.2834105,62.5,0.0,38.7890625
1786397253.303725,62.5,49.8,38.7890625
1786397253.3177688,62.5,71.2,38.7890625
1786397253.3357887,62.5,55.5,38.7890625
1786397253.349945,62.5,70.2,38.7890625
1786397253.3654392,62.5,64.9,38.7890625
1786397253.3833597,62.5,55.7,38.7890625
1786397253.3978143,62.5,69.2,38.7890625
1786397253.4173684,62.5,50.8,38.7890625
1786397253.4353023,62.5,56.2,38.7890625
1786397253.4484632,62.5,76.0,38.7890625
1786397253.460466,62.5,83.4,38.7890625
1786397253.476073,62.5,0.0,38.7890625
1786397253.4948542,62.5,53.2,38.7890625
1786397253.510171,62.5,65.4,38.7890625
1786397253.5267649,62.5,60.2,38.7890625
1786397253.5408862,62.11180114746094,0.0,38.7890625
1786397253.5589228,62.11180114746094,55.4,38.79296875
1786397253.5788848,62.11180114746094,50.0,38.79296875
1786397253.5913737,62.11180114746094,80.3,38.79296875
1786397253.6106942,62.11180114746094,51.6,38.79296875
1786397253.62211,62.11180114746094,87.4,38.79296875
1786397253.6426842,62.11180114746094,48.5,38.79296875
1786397253.65757,62.11180114746094,67.5,38.79296875
1786397253.674224,62.11180114746094,0.0,38.79296875
1786397253.69472,62.11180114746094,48.9,38.79296875
1786397253.7102032,61.349693298339844,64.7,38.79296875
1786397253.7242277,61.349693298339844,71.2,38.79296875
1786397253.7408433,61.349693298339844,60.3,38.79296875
1786397253.7569497,61.349693298339844,62.0,38.79296875
1786397253.7751832,61.349693298339844,109.5,38.79296875
1786397253.7945802,61.349693298339844,51.5,38.796875
1786397253.8119614,61.349693298339844,114.0,38.796875
1786397253.82202,61.349693298339844,101.4,38.796875
1786397253.8396006,61.349693298339844,56.7,38.796875
1786397253.8543758,61.349693298339844,67.8,38.796875
1786397253.869563,60.60606002807617,66.0,38.796875
1786397253.8847818,60.60606002807617,65.1,38.796875
1786397253.908504,60.60606002807617,42.2,38.796875
1786397253.9205785,60.60606002807617,166.5,38.796875
1786397253.9405725,60.60606002807617,50.1,38.796875
1786397253.95435,60.60606002807617,72.7,38.796875
1786397253.9682832,60.60606002807617,71.3,38.796875
1786397253.9865117,60.60606002807617,53.7,38.796875
1786397254.006627,60.60606002807617,50.7,38.796875
1786397254.015466,60.60606002807617,113.8,38.796875
1786397254.0303783,61.7283935546875,0.0,38.796875
1786397254.0465474,61.7283935546875,61.8,38.796875
1786397254.0655365,61.7283935546875,52.4,38.796875
1786397254.0834296,61.7283935546875,55.9,38.80078125
1786397254.0964074,61.7283935546875,77.8,38.80078125
1786397254.1118207,61.7283935546875,64.7,38.80078125
1786397254.1275175,61.7283935546875,0.0,38.80078125
1786397254.1432843,61.7283935546875,63.6,38.80078125
1786397254.1607423,61.7283935546875,0.0,38.80078125
1786397254.1768556,61.7283935546875,62.0,38.80078125
1786397254.1962147,62.11180114746094,51.5,38.80078125
1786397254.2097406,62.11180114746094,74.5,38.80078125
1786397254.2303884,62.11180114746094,48.2,38.80078125
1786397254.2446847,62.11180114746094,70.2,38.80078125
1786397254.2605054,62.11180114746094,63.2,38.80078125
1786397254.2761962,62.11180114746094,63.8,38.80078125
1786397254.2926452,62.11180114746094,60.5,38.80078125
1786397254.307962,62.11180114746094,130.6,38.80078125
1786397254.322572,62.11180114746094,0.0,38.80078125
1786397254.339255,62.11180114746094,59.8,38.80078125
1786397254.3562653,61.7283935546875,58.6,38.80078125
1786397254.3693845,61.7283935546875,76.7,38.80078125
1786397254.3851967,61.7283935546875,0.0,38.80078125
1786397254.4020038,61.7283935546875,59.5,38.80078125
1786397254.4190667,61.7283935546875,0.0,38.80078125
1786397254.4363146,61.7283935546875,58.0,38.80078125
1786397254.453518,61.7283935546875,0.0,38.80078125
1786397254.4723568,61.7283935546875,53.1,38.80078125
1786397254.4867113,61.7283935546875,69.8,38.80078125
1786397254.505431,61.7283935546875,53.4,38.80078125
1786397254.520618,61.7283935546875,131.8,38.80078125
1786397254.538999,61.7283935546875,54.4,38.80078125
1786397254.552347,61.7283935546875,74.9,38.80078125
1786397254.5705721,61.7283935546875,109.5,38.80078125
1786397254.5842955,61.7283935546875,72.2,38.80078125
1786397254.5998423,61.7283935546875,64.8,38.8046875
1786397254.6124358,61.7283935546875,0.0,38.80859375
1786397254.6271646,61.7283935546875,69.4,38.80859375
1786397254.6431947,61.7283935546875,0.0,38.80859375
1786397254.6590443,61.7283935546875,63.1,38.80859375
1786397254.6769993,62.11180114746094,55.5,38.80859375
1786397254.6920552,62.11180114746094,0.0,38.80859375
1786397254.7122483,62.11180114746094,49.3,38.80859375
1786397254.7265978,62.11180114746094,69.7,38.80859375
1786397254.7402384,62.11180114746094,0.0,38.80859375
1786397254.7576108,62.11180114746094,57.6,38.80859375
1786397254.773503,62.11180114746094,0.0,38.80859375
1786397254.7894986,62.11180114746094,62.5,38.80859375
1786397254.8073113,62.11180114746094,0.0,38.80859375
1786397254.8253844,62.11180114746094,55.2,38.80859375
1786397254.8446383,61.7283935546875,104.1,38.80859375
1786397254.8533707,61.7283935546875,0.0,38.80859375
1786397254.872255,61.7283935546875,52.9,38.80859375
1786397254.8881593,61.7283935546875,62.9,38.80859375
1786397254.908417,61.7283935546875,49.4,38.80859375
1786397254.9215508,61.7283935546875,76.0,38.80859375
1786397254.9402847,61.7283935546875,53.4,38.80859375
1786397254.951461,61.7283935546875,0.0,38.80859375
1786397254.9717495,61.7283935546875,49.2,38.80859375
1786397254.9872658,61.7283935546875,64.6,38.80859375
1786397255.0054488,61.349693298339844,55.0,38.80859375
1786397255.0259676,61.349693298339844,48.7,38.80859375
1786397255.0389316,61.349693298339844,154.8,38.80859375
1786397255.0535336,61.349693298339844,68.3,38.80859375
1786397255.0714464,61.349693298339844,55.8,38.80859375
1786397255.0843604,61.349693298339844,76.1,38.80859375
1786397255.103091,61.349693298339844,53.9,38.80859375
1786397255.1257832,61.349693298339844,88.4,38.8125
1786397255.1407073,61.349693298339844,67.1,38.8125
1786397255.149811,61.349693298339844,109.7,38.8125
1786397255.1631072,61.7283935546875,0.0,38.8125
1786397255.1799154,61.7283935546875,59.5,38.8125
1786397255.1995852,61.7283935546875,50.8,38.8125
1786397255.2165556,61.7283935546875,58.5,38.8125
1786397255.229515,61.7283935546875,0.0,38.8125
1786397255.2461653,61.7283935546875,60.4,38.8125
1786397255.264387,61.7283935546875,54.8,38.8125
1786397255.2870457,61.7283935546875,88.2,38.8125
1786397255.300236,61.7283935546875,74.2,38.8125
1786397255.3106132,61.7283935546875,0.0,38.8125
1786397255.3253329,61.7283935546875,67.9,38.8125
1786397255.3406332,61.7283935546875,0.0,38.8125
1786397255.358854,61.7283935546875,54.9,38.8125
1786397255.3777635,61.7283935546875,52.9,38.8125
1786397255.3907137,61.7283935546875,77.1,38.8125
1786397255.4076123,61.7283935546875,59.2,38.8125
1786397255.424609,61.7283935546875,0.0,38.8125
1786397255.4418073,61.7283935546875,58.7,38.8125
1786397255.458736,61.7283935546875,117.9,38.81640625
1786397255.4792132,61.7283935546875,48.8,38.81640625
1786397255.492323,62.5,76.5,38.81640625
1786397255.5090857,62.5,174.6,38.81640625
1786397255.518736,62.5,0.0,38.81640625
1786397255.5361874,62.5,57.1,38.81640625
1786397255.5503728,62.5,70.5,38.81640625
1786397255.5690525,62.5,53.5,38.81640625
1786397255.582847,62.5,0.0,38.81640625
1786397255.5996764,62.5,60.4,38.81640625
1786397255.6158817,62.5,61.6,38.81640625
1786397255.6358972,62.5,0.0,38.8203125
1786397255.6479752,61.7283935546875,83.1,38.8203125
1786397255.664209,61.7283935546875,0.0,38.8203125
1786397255.6796198,61.7283935546875,65.4,38.8203125
1786397255.6969123,61.7283935546875,57.7,38.8203125
1786397255.7127438,61.7283935546875,63.3,38.8203125
1786397255.7287433,61.7283935546875,62.5,38.8203125
1786397255.7453434,61.7283935546875,0.0,38.8203125
1786397255.7650886,61.7283935546875,50.4,38.8203125
1786397255.7816646,61.7283935546875,60.5,38.8203125
1786397255.8030398,61.7283935546875,46.7,38.8203125
1786397255.820048,60.60606002807617,59.0,38.8203125
1786397255.8331301,60.60606002807617,74.8,38.8203125
1786397255.847285,60.60606002807617,70.7,38.8203125
1786397255.863962,60.60606002807617,61.0,38.8203125
1786397255.8791747,60.60606002807617,65.8,38.8203125
1786397255.8944817,60.60606002807617,0.0,38.8203125
1786397255.912558,60.60606002807617,55.3,38.8203125
1786397255.9284668,60.60606002807617,62.9,38.8203125
1786397255.9418335,60.60606002807617,0.0,38.8203125
1786397255.961941,60.60606002807617,49.7,38.8203125
1786397255.9800975,61.349693298339844,110.1,38.8203125
1786397255.9962234,61.349693298339844,61.9,38.8203125
1786397256.0167615,61.349693298339844,48.2,38.8203125
1786397256.0335152,61.349693298339844,60.3,38.8203125
1786397256.0482051,61.349693298339844,68.0,38.8203125
1786397256.0619402,61.349693298339844,146.2,38.8203125
1786397256.0766222,61.349693298339844,67.9,38.8203125
1786397256.09185,61.349693298339844,65.7,38.8203125
1786397256.109344,61.349693298339844,57.2,38.8203125
1786397256.1228049,61.349693298339844,74.3,38.8203125
1786397256.1429393,62.11180114746094,49.6,38.8203125
1786397256.159021,62.11180114746094,62.4,38.82421875
1786397256.179662,62.11180114746094,96.6,38.82421875
1786397256.1945558,62.11180114746094,67.3,38.82421875
1786397256.2063496,62.11180114746094,84.5,38.82421875
1786397256.2202747,62.11180114746094,0.0,38.82421875
1786397256.237612,62.11180114746094,57.7,38.82421875
1786397256.2522216,62.11180114746094,68.3,38.82421875
1786397256.2677298,62.11180114746094,63.8,38.828125
1786397256.2865126,62.11180114746094,53.8,38.828125
1786397256.2998986,61.7283935546875,0.0,38.828125
1786397256.3145506,61.7283935546875,68.4,38.828125
1786397256.3304627,61.7283935546875,0.0,38.828125
1786397256.3477793,61.7283935546875,57.5,38.828125
1786397256.3627808,61.7283935546875,66.9,38.828125
1786397256.3786588,61.7283935546875,0.0,38.828125
1786397256.3942266,61.7283935546875,64.3,38.828125
1786397256.413513,61.7283935546875,0.0,38.828125
1786397256.433362,61.7283935546875,100.6,38.828125
1786397256.444071,61.7283935546875,93.6,38.828125
1786397256.459715,62.11180114746094,0.0,38.828125
1786397256.475599,62.11180114746094,63.0,38.828125
1786397256.4934464,62.11180114746094,0.0,38.828125
1786397256.5081472,62.11180114746094,68.1,38.828125
1786397256.5249343,62.11180114746094,59.6,38.828125
1786397256.5417182,62.11180114746094,59.6,38.828125
1786397256.5582626,62.11180114746094,0.0,38.828125
1786397256.5743659,62.11180114746094,62.1,38.828125
1786397256.5941281,62.11180114746094,50.5,38.828125
1786397256.613728,62.11180114746094,50.9,38.828125
1786397256.6293266,61.349693298339844,64.2,38.828125
1786397256.6402698,61.349693298339844,91.6,38.828125
1786397256.6581204,61.349693298339844,111.8,38.828125
1786397256.6732206,61.349693298339844,0.0,38.83203125
1786397256.690405,61.349693298339844,58.3,38.83203125
1786397256.7084064,61.349693298339844,55.4,38.83203125
1786397256.7243829,61.349693298339844,62.6,38.83203125
1786397256.7444239,61.349693298339844,50.0,38.83203125
1786397256.7557116,61.349693298339844,0.0,38.83203125
1786397256.776602,61.349693298339844,47.8,38.83203125
1786397256.7907085,60.240966796875,71.0,38.83203125
1786397256.8087866,60.240966796875,55.1,38.83203125
1786397256.8254285,60.240966796875,60.3,38.83203125
1786397256.8428981,60.240966796875,57.3,38.83203125
1786397256.8566613,60.240966796875,72.2,38.83203125
1786397256.875002,60.240966796875,109.5,38.83203125
1786397256.8887148,60.240966796875,73.0,38.83203125
1786397256.904633,60.240966796875,62.8,38.83203125
1786397256.9199433,60.240966796875,0.0,38.83203125
1786397256.9370081,60.240966796875,58.6,38.83203125
1786397256.9519424,62.11180114746094,67.0,38.83203125
1786397256.9723098,62.11180114746094,95.7,38.83203125
1786397256.9871967,62.11180114746094,69.5,38.83203125
1786397257.0045874,62.11180114746094,57.5,38.83203125
1786397257.016787,62.11180114746094,81.4,38.83203125
1786397257.0382845,62.11180114746094,46.5,38.83203125
1786397257.0526402,62.11180114746094,141.0,38.83203125
1786397257.0620995,62.11180114746094,0.0,38.83203125
1786397257.0780318,62.11180114746094,62.8,38.83203125
1786397257.0951056,62.11180114746094,0.0,38.8359375
1786397257.115733,62.11180114746094,95.6,38.8359375
1786397257.1301455,62.11180114746094,70.7,38.8359375
1786397257.1433847,62.11180114746094,0.0,38.8359375
1786397257.1604908,62.11180114746094,58.4,38.8359375
1786397257.1764553,62.11180114746094,62.6,38.83984375
1786397257.1926525,62.11180114746094,0.0,38.83984375
1786397257.2097423,62.11180114746094,58.6,38.83984375
1786397257.2254896,62.11180114746094,0.0,38.83984375
1786397257.2398713,62.11180114746094,69.2,38.83984375
1786397257.2562606,62.11180114746094,0.0,38.83984375
1786397257.278495,61.349693298339844,44.8,38.83984375
1786397257.2981393,61.349693298339844,102.1,38.83984375
1786397257.3117926,61.349693298339844,73.3,38.83984375
1786397257.3248374,61.349693298339844,76.6,38.83984375
1786397257.3407667,61.349693298339844,0.0,38.83984375
1786397257.3551788,61.349693298339844,69.6,38.83984375
1786397257.374474,61.349693298339844,0.0,38.83984375
1786397257.392981,61.349693298339844,108.0,38.83984375
1786397257.4128518,61.349693298339844,50.1,38.83984375
1786397257.425369,61.349693298339844,80.2,38.83984375
1786397257.4427505,60.60606002807617,56.9,38.83984375
1786397257.4593456,60.60606002807617,61.0,38.83984375
1786397257.4729838,60.60606002807617,73.5,38.83984375
1786397257.4895976,60.60606002807617,60.2,38.83984375
1786397257.5028856,60.60606002807617,0.0,38.83984375
1786397257.5223224,60.60606002807617,50.9,38.83984375
1786397257.5401738,60.60606002807617,113.2,38.83984375
1786397257.552481,60.60606002807617,0.0,38.83984375
1786397257.5698361,60.60606002807617,57.6,38.83984375
1786397257.5831165,60.60606002807617,74.1,38.83984375
1786397257.6025562,62.5,51.9,38.83984375
1786397257.6144302,62.5,0.0,38.83984375
1786397257.6352699,62.5,47.8,38.83984375
1786397257.6513152,62.5,125.6,38.83984375
1786397257.668845,62.5,56.8,38.83984375
1786397257.6836908,62.5,66.7,38.83984375
1786397257.69666,62.5,78.2,38.84375
1786397257.7146237,62.5,0.0,38.84375
1786397257.7305596,62.5,62.8,38.84375
1786397257.7513943,62.5,96.1,38.84375
1786397257.762622,62.11180114746094,85.5,38.84375
1786397257.7766469,62.11180114746094,0.0,38.84375
1786397257.7907972,62.11180114746094,70.9,38.84375
1786397257.8086584,62.11180114746094,56.0,38.84375
1786397257.8237836,62.11180114746094,66.0,38.84375
1786397257.8394408,62.11180114746094,0.0,38.84375
1786397257.8591883,62.11180114746094,50.5,38.84375
1786397257.876229,62.11180114746094,58.9,38.84375
1786397257.8916872,62.11180114746094,64.7,38.84375
1786397257.909895,62.11180114746094,54.8,38.84375
1786397257.9260888,61.349693298339844,123.8,38.84375
1786397257.9440715,61.349693298339844,55.5,38.84375
1786397257.9594424,61.349693298339844,65.2,38.84375
1786397257.9766824,61.349693298339844,58.0,38.84375
1786397257.9934993,61.349693298339844,59.5,38.84375
1786397258.0066872,61.349693298339844,75.8,38.84375
1786397258.0239265,61.349693298339844,0.0,38.84375
1786397258.0420556,61.349693298339844,55.3,38.84765625
1786397258.057516,61.349693298339844,64.7,38.84765625
1786397258.0791514,61.349693298339844,92.1,38.84765625
1786397258.093862,60.975608825683594,68.1,38.84765625
1786397258.1173787,60.975608825683594,84.2,38.84765625
1786397258.1316931,60.975608825683594,141.3,38.84765625
1786397258.1446304,60.975608825683594,77.7,38.84765625
1786397258.1586683,60.975608825683594,0.0,38.84765625
1786397258.175122,60.975608825683594,60.7,38.84765625
1786397258.1932533,60.975608825683594,55.2,38.84765625
1786397258.2113252,60.975608825683594,55.3,38.84765625
1786397258.227853,60.975608825683594,60.5,38.84765625
1786397258.2463813,60.975608825683594,53.8,38.84765625
1786397258.2650483,58.82352828979492,106.6,38.8515625
1786397258.2831872,58.82352828979492,110.6,38.8515625
1786397258.2958457,58.82352828979492,79.3,38.8515625
1786397258.315964,58.82352828979492,49.7,38.8515625
1786397258.3246894,58.82352828979492,114.6,38.8515625
1786397258.3404138,58.82352828979492,63.7,38.8515625
1786397258.357492,58.82352828979492,58.4,38.8515625
1786397258.37095,58.82352828979492,74.3,38.8515625
1786397258.3896909,58.82352828979492,0.0,38.8515625
1786397258.4079719,58.82352828979492,54.7,38.8515625
1786397258.4199226,61.7283935546875,83.9,38.8515625
1786397258.4361103,61.7283935546875,61.8,38.8515625
1786397258.452939,61.7283935546875,0.0,38.8515625
1786397258.471796,61.7283935546875,53.1,38.8515625
1786397258.4880223,61.7283935546875,60.4,38.8515625
1786397258.509883,61.7283935546875,92.6,38.8515625
1786397258.526567,61.7283935546875,60.1,38.8515625
1786397258.5391088,61.7283935546875,159.1,38.8515625
1786397258.5506382,61.7283935546875,86.2,38.8515625
1786397258.5691278,61.7283935546875,0.0,38.8515625
1786397258.5835588,61.349693298339844,69.2,38.8515625
1786397258.6025023,61.349693298339844,105.4,38.8515625
1786397258.6188338,61.349693298339844,61.9,38.8515625
1786397258.6356704,61.349693298339844,59.5,38.8515625
1786397258.6499329,61.349693298339844,0.0,38.8515625
1786397258.6714602,61.349693298339844,93.4,38.8515625
1786397258.6863012,61.349693298339844,67.4,38.8515625
1786397258.7002358,61.349693298339844,71.9,38.8515625
1786397258.714736,61.349693298339844,69.0,38.8515625
1786397258.7305944,61.349693298339844,63.0,38.8515625
1786397258.74495,62.11180114746094,69.8,38.8515625
1786397258.760326,62.11180114746094,64.9,38.8515625
1786397258.773931,62.11180114746094,73.8,38.85546875
1786397258.7900004,62.11180114746094,0.0,38.85546875
1786397258.8054388,62.11180114746094,64.8,38.85546875
1786397258.8213296,62.11180114746094,0.0,38.85546875
1786397258.8384156,62.11180114746094,58.5,38.85546875
1786397258.857086,62.11180114746094,53.5,38.85546875
1786397258.8754308,62.11180114746094,54.5,38.85546875
1786397258.8882456,62.11180114746094,77.9,38.859375
1786397258.9114468,62.11180114746094,86.1,38.859375
1786397258.9248765,62.11180114746094,73.0,38.859375
1786397258.9437764,62.11180114746094,53.8,38.859375
1786397258.9529016,62.11180114746094,109.8,38.859375
1786397258.9718463,62.11180114746094,52.8,38.859375
1786397258.9876108,62.11180114746094,63.3,38.859375
1786397259.0020342,62.11180114746094,69.2,38.859375
1786397259.019444,62.11180114746094,57.6,38.859375
1786397259.0355678,62.11180114746094,61.8,38.859375
1786397259.0530593,62.11180114746094,57.3,38.859375
1786397259.0656767,62.11180114746094,0.0,38.859375
1786397259.0825367,62.11180114746094,59.1,38.859375
1786397259.102503,62.11180114746094,50.3,38.859375
1786397259.118366,62.11180114746094,63.1,38.859375
1786397259.1355407,62.11180114746094,58.2,38.859375
1786397259.1561854,62.11180114746094,96.9,38.859375
1786397259.1683137,62.11180114746094,82.6,38.859375
1786397259.1781096,62.11180114746094,102.3,38.859375
1786397259.194536,62.11180114746094,0.0,38.859375
1786397259.2119498,62.11180114746094,57.3,38.859375
1786397259.2272992,61.7283935546875,65.2,38.859375
1786397259.245461,61.7283935546875,54.9,38.859375
1786397259.259891,61.7283935546875,69.5,38.859375
1786397259.2771387,61.7283935546875,0.0,38.86328125
1786397259.2927854,61.7283935546875,63.9,38.86328125
1786397259.312017,61.7283935546875,0.0,38.86328125
1786397259.3262568,61.7283935546875,70.3,38.86328125
1786397259.3442626,61.7283935546875,111.1,38.86328125
1786397259.3592134,61.7283935546875,67.0,38.86328125
1786397259.3742113,61.7283935546875,66.6,38.86328125
1786397259.39025,61.349693298339844,0.0,38.86328125
1786397259.4087222,61.349693298339844,54.1,38.86328125
1786397259.4242828,61.349693298339844,64.3,38.86328125
1786397259.4393842,61.349693298339844,0.0,38.86328125
1786397259.4551203,61.349693298339844,63.6,38.86328125
1786397259.4740024,61.349693298339844,53.0,38.86328125
1786397259.4921434,61.349693298339844,55.0,38.86328125
1786397259.510103,61.349693298339844,55.6,38.86328125
1786397259.5271473,61.349693298339844,58.8,38.86328125
1786397259.5475407,61.349693298339844,48.4,38.86328125
1786397259.5607371,60.240966796875,154.5,38.86328125
1786397259.5761018,60.240966796875,65.1,38.86328125
1786397259.5912316,60.240966796875,66.1,38.86328125
1786397259.6083694,60.240966796875,0.0,38.86328125
1786397259.6217077,60.240966796875,75.1,38.86328125
1786397259.6390305,60.240966796875,57.7,38.86328125
1786397259.659277,60.240966796875,49.4,38.86328125
1786397259.68325,60.240966796875,83.2,38.86328125
1786397259.6967378,60.240966796875,74.3,38.86328125
1786397259.7107086,60.240966796875,71.9,38.8671875
1786397259.7246394,59.88024139404297,71.7,38.8671875
1786397259.739925,59.88024139404297,0.0,38.8671875
1786397259.7549858,59.88024139404297,66.5,38.8671875
1786397259.7733715,59.88024139404297,54.2,38.8671875
1786397259.7895813,59.88024139404297,0.0,38.8671875
1786397259.8070292,59.88024139404297,57.2,38.87109375
1786397259.8235583,59.88024139404297,60.7,38.87109375
1786397259.8375373,59.88024139404297,71.6,38.87109375
1786397259.85257,59.88024139404297,0.0,38.87109375
1786397259.8713999,59.88024139404297,106.2,38.87109375
1786397259.8930347,61.349693298339844,45.7,38.87109375
1786397259.9118552,61.349693298339844,107.4,38.87109375
1786397259.9206898,61.349693298339844,114.0,38.87109375
1786397259.9370592,61.349693298339844,61.0,38.87109375
1786397259.9551206,61.349693298339844,55.4,38.87109375
1786397259.974775,61.349693298339844,50.8,38.87109375
1786397259.9850454,61.349693298339844,97.9,38.87109375
1786397260.0021372,61.349693298339844,0.0,38.87109375
1786397260.0151935,61.349693298339844,76.9,38.87109375
1786397260.0321598,61.349693298339844,0.0,38.87109375
1786397260.052087,61.349693298339844,50.3,38.87109375
1786397260.069518,61.349693298339844,57.3,38.87109375
1786397260.081978,61.349693298339844,80.6,38.87109375
1786397260.1009183,61.349693298339844,0.0,38.87109375
1786397260.1201863,61.349693298339844,108.0,38.87109375
1786397260.1390488,61.349693298339844,53.2,38.87109375
1786397260.1489766,61.349693298339844,196.1,38.87109375
1786397260.163329,61.349693298339844,0.0,38.87109375
1786397260.1777124,61.349693298339844,69.8,38.87109375
1786397260.1996057,61.349693298339844,45.6,38.87109375
1786397260.2147577,62.11180114746094,66.1,38.87109375
1786397260.2260447,62.11180114746094,87.7,38.87109375
1786397260.2409937,62.11180114746094,0.0,38.87109375
1786397260.2588208,62.11180114746094,56.1,38.87109375
1786397260.274988,62.11180114746094,61.9,38.87109375
1786397260.2908373,62.11180114746094,63.2,38.87109375
1786397260.3086336,62.11180114746094,56.1,38.87109375
1786397260.3263175,62.11180114746094,56.4,38.875
1786397260.3384101,62.11180114746094,0.0,38.875
1786397260.3533847,62.11180114746094,66.8,38.875
1786397260.371429,61.7283935546875,0.0,38.875
1786397260.3886254,61.7283935546875,58.2,38.875
1786397260.4046504,61.7283935546875,0.0,38.875
1786397260.4207857,61.7283935546875,62.0,38.875
1786397260.4379308,61.7283935546875,58.2,38.875
1786397260.4533906,61.7283935546875,64.5,38.875
1786397260.4749634,61.7283935546875,46.0,38.875
1786397260.4884453,61.7283935546875,74.0,38.875
1786397260.5059464,61.7283935546875,56.9,38.875
1786397260.5198164,61.7283935546875,73.7,38.875
1786397260.5441518,62.5,82.3,38.87890625
1786397260.5529592,62.5,113.6,38.87890625
1786397260.5696852,62.5,0.0,38.87890625
1786397260.5858705,62.5,61.9,38.87890625
1786397260.6014128,62.5,64.2,38.87890625
1786397260.6149154,62.5,74.1,38.87890625
1786397260.6321287,62.5,58.0,38.87890625
1786397260.647448,62.5,0.0,38.87890625
1786397260.670826,62.5,85.5,38.87890625
1786397260.6893635,62.5,53.6,38.87890625
1786397260.7027788,60.975608825683594,149.4,38.87890625
1786397260.719534,60.975608825683594,120.0,38.87890625
1786397260.732169,60.975608825683594,0.0,38.87890625
1786397260.743429,60.975608825683594,93.2,38.87890625
1786397260.760581,60.975608825683594,58.3,38.87890625
1786397260.7752304,60.975608825683594,0.0,38.87890625
1786397260.7932694,60.975608825683594,0.0,38.87890625
1786397260.808697,60.975608825683594,64.8,38.87890625
1786397260.8270667,60.975608825683594,54.4,38.87890625
1786397260.8427722,60.975608825683594,63.5,38.8828125
1786397260.8573833,61.349693298339844,0.0,38.8828125
1786397260.8770795,61.349693298339844,50.5,38.8828125
1786397260.8938837,61.349693298339844,59.8,38.8828125
1786397260.912458,61.349693298339844,53.5,38.8828125
1786397260.9259796,61.349693298339844,74.7,38.8828125
1786397260.9402616,61.349693298339844,0.0,38.8828125
1786397260.9593813,61.349693298339844,52.3,38.8828125
1786397260.9788232,61.349693298339844,51.4,38.8828125
1786397260.994057,61.349693298339844,65.7,38.8828125
1786397261.0083797,61.349693298339844,69.8,38.8828125
1786397261.0257354,60.975608825683594,57.5,38.8828125
1786397261.0408041,60.975608825683594,66.5,38.8828125
1786397261.0584862,60.975608825683594,56.4,38.8828125
1786397261.0802429,60.975608825683594,91.8,38.8828125
1786397261.1000657,60.975608825683594,100.1,38.8828125
1786397261.11685,60.975608825683594,117.3,38.8828125
1786397261.1280637,60.975608825683594,92.9,38.8828125
1786397261.141935,60.975608825683594,72.2,38.8828125
1786397261.156751,60.975608825683594,0.0,38.8828125
1786397261.175918,60.975608825683594,52.3,38.8828125
1786397261.192226,60.240966796875,61.1,38.8828125
1786397261.2077887,60.240966796875,64.5,38.8828125
1786397261.2246249,60.240966796875,59.3,38.8828125
1786397261.2405972,60.240966796875,62.7,38.8828125
1786397261.2577784,60.240966796875,58.1,38.8828125
1786397261.2761405,60.240966796875,54.5,38.8828125
1786397261.2939074,60.240966796875,56.1,38.8828125
1786397261.3114116,60.240966796875,114.6,38.8828125
1786397261.324947,60.240966796875,73.8,38.8828125
1786397261.3365633,60.240966796875,86.1,38.8828125
1786397261.356076,61.7283935546875,51.1,38.8828125
1786397261.3700264,61.7283935546875,72.0,38.890625
1786397261.3844264,61.7283935546875,69.6,38.890625
1786397261.3991168,61.7283935546875,67.8,38.890625
1786397261.4198735,61.7283935546875,48.2,38.890625
1786397261.4358006,61.7283935546875,61.9,38.890625
1786397261.4469645,61.7283935546875,0.0,38.890625
1786397261.469571,61.7283935546875,88.4,38.890625
1786397261.4843445,61.7283935546875,67.7,38.890625
1786397261.4964557,61.7283935546875,0.0,38.890625
1786397261.5112157,62.5,67.9,38.890625
1786397261.5305264,62.5,51.7,38.890625
1786397261.5466974,62.5,61.7,38.890625
1786397261.5592926,62.5,0.0,38.890625
1786397261.576942,62.5,56.6,38.890625
1786397261.59806,62.5,47.0,38.890625
1786397261.6122682,62.5,71.1,38.890625
1786397261.6278982,62.5,64.0,38.890625
1786397261.64262,62.5,68.0,38.890625
1786397261.660252,62.5,56.7,38.890625
1786397261.6801853,60.975608825683594,50.2,38.890625
1786397261.69691,60.975608825683594,59.6,38.890625
1786397261.7135844,60.975608825683594,60.0,38.890625
1786397261.7351124,60.975608825683594,92.9,38.890625
1786397261.7551513,60.975608825683594,99.9,38.890625
1786397261.7692235,60.975608825683594,70.4,38.890625
1786397261.781349,60.975608825683594,83.6,38.890625
1786397261.7952256,60.975608825683594,71.9,38.890625
1786397261.8163831,60.975608825683594,46.6,38.890625
1786397261.8275666,60.975608825683594,92.1,38.890625
1786397261.8443909,59.17159652709961,0.0,38.890625
1786397261.8617547,59.17159652709961,115.2,38.890625
1786397261.8768098,59.17159652709961,66.3,38.890625
1786397261.893602,59.17159652709961,59.6,38.89453125
1786397261.909981,59.17159652709961,0.0,38.89453125
1786397261.925745,59.17159652709961,63.5,38.89453125
1786397261.9391654,59.17159652709961,0.0,38.89453125
1786397261.95518,59.17159652709961,62.4,38.89453125
1786397261.9737628,59.17159652709961,53.8,38.89453125
1786397261.990433,59.17159652709961,60.0,38.89453125
1786397262.0071096,62.5,59.8,38.89453125
1786397262.022979,62.5,63.1,38.89453125
1786397262.0399718,62.5,0.0,38.89453125
1786397262.0546937,62.5,135.9,38.89453125
1786397262.0708907,62.5,0.0,38.89453125
1786397262.0925055,62.5,92.3,38.89453125
1786397262.1083324,62.5,62.7,38.89453125
1786397262.1200597,62.5,86.4,38.89453125
1786397262.1333423,62.5,0.0,38.89453125
1786397262.1496341,62.5,61.6,38.89453125
1786397262.170149,61.7283935546875,49.0,38.89453125
1786397262.188138,61.7283935546875,55.7,38.89453125
1786397262.2003095,61.7283935546875,81.9,38.89453125
1786397262.2203052,61.7283935546875,50.0,38.8984375
1786397262.2347987,61.7283935546875,137.7,38.8984375
1786397262.2485044,61.7283935546875,0.0,38.8984375
1786397262.2638843,61.7283935546875,64.8,38.8984375
1786397262.2791572,61.7283935546875,65.6,38.8984375
1786397262.294541,61.7283935546875,0.0,38.8984375
1786397262.3093705,61.7283935546875,67.5,38.8984375
1786397262.3261173,61.7283935546875,0.0,38.8984375
1786397262.3427851,61.7283935546875,0.0,38.8984375
1786397262.3589787,61.7283935546875,61.7,38.8984375
1786397262.3762813,61.7283935546875,57.8,38.8984375
1786397262.3924365,61.7283935546875,0.0,38.8984375
1786397262.412255,61.7283935546875,50.1,38.90234375
1786397262.4306188,61.7283935546875,54.6,38.90234375
1786397262.4530663,61.7283935546875,86.6,38.90234375
1786397262.4686453,61.7283935546875,66.4,38.90234375
1786397262.4800246,61.7283935546875,89.2,38.90234375
1786397262.4923422,60.60606002807617,81.2,38.90234375
1786397262.5099218,60.60606002807617,56.9,38.90234375
1786397262.5255,60.60606002807617,0.0,38.90234375
1786397262.5431137,60.60606002807617,56.8,38.90234375
1786397262.5564966,60.60606002807617,74.7,38.90234375
1786397262.572714,60.60606002807617,0.0,38.90234375
1786397262.59004,60.60606002807617,57.9,38.90234375
1786397262.60986,60.60606002807617,50.4,38.90234375
1786397262.6230643,60.60606002807617,75.6,38.90234375
1786397262.646455,60.60606002807617,42.6,38.90234375
1786397262.6605015,61.7283935546875,143.3,38.90234375
1786397262.6809092,61.7283935546875,49.0,38.90234375
1786397262.6912084,61.7283935546875,97.5,38.90234375
1786397262.7065454,61.7283935546875,65.1,38.90234375
1786397262.7221484,61.7283935546875,0.0,38.90234375
1786397262.7415655,61.7283935546875,51.8,38.90234375
1786397262.7567153,61.7283935546875,66.2,38.90234375
1786397262.7737622,61.7283935546875,58.6,38.90234375
1786397262.7907197,61.7283935546875,59.1,38.90234375
1786397262.8110695,61.7283935546875,98.3,38.90234375
1786397262.8216035,60.975608825683594,95.0,38.90234375
1786397262.8385627,60.975608825683594,58.8,38.90234375
1786397262.8507278,60.975608825683594,82.3,38.90234375
1786397262.8688433,60.975608825683594,55.1,38.90234375
1786397262.885752,60.975608825683594,59.3,38.90234375
1786397262.9040086,60.975608825683594,54.6,38.90234375
1786397262.9190624,60.975608825683594,66.4,38.90234375
1786397262.93632,60.975608825683594,58.1,38.90625
1786397262.9503794,60.975608825683594,71.1,38.90625
1786397262.9700994,60.975608825683594,50.4,38.90625
1786397262.9853415,61.349693298339844,66.0,38.90625
1786397263.003728,61.349693298339844,54.3,38.90625
1786397263.0176294,61.349693298339844,72.0,38.90625
1786397263.0307138,61.349693298339844,76.5,38.91015625
1786397263.048431,61.349693298339844,0.0,38.91015625
1786397263.069121,61.349693298339844,48.3,38.91015625
1786397263.081104,61.349693298339844,161.8,38.91015625
1786397263.0950663,61.349693298339844,0.0,38.91015625
1786397263.113226,61.349693298339844,55.0,38.91015625
1786397263.1288357,61.349693298339844,64.1,38.91015625
1786397263.1430395,61.7283935546875,0.0,38.91015625
1786397263.1613753,61.7283935546875,0.0,38.91015625
1786397263.1808336,61.7283935546875,102.7,38.91015625
1786397263.1965048,61.7283935546875,63.5,38.91015625
1786397263.212053,61.7283935546875,64.8,38.91015625
1786397263.2311747,61.7283935546875,50.8,38.91015625
1786397263.2518058,61.7283935546875,99.7,38.91015625
1786397263.2619414,61.7283935546875,98.4,38.91015625
1786397263.275834,61.7283935546875,0.0,38.91015625
1786397263.2898748,61.7283935546875,71.1,38.91015625
1786397263.3082192,61.7283935546875,54.4,38.91015625
1786397263.321549,61.7283935546875,0.0,38.91015625
1786397263.3401604,61.7283935546875,53.7,38.91015625
1786397263.3574574,61.7283935546875,57.8,38.91015625
1786397263.375778,61.7283935546875,54.6,38.91015625
1786397263.3948317,61.7283935546875,104.9,38.91015625
1786397263.4165866,61.7283935546875,91.7,38.91015625
1786397263.427864,61.7283935546875,88.8,38.91015625
1786397263.4432263,61.7283935546875,65.2,38.9140625
1786397263.4557035,61.7283935546875,0.0,38.9140625
1786397263.4742284,60.240966796875,53.9,38.9140625
1786397263.4905427,60.240966796875,61.5,38.9140625
1786397263.5092945,60.240966796875,53.3,38.9140625
1786397263.5237231,60.240966796875,69.4,38.9140625
1786397263.53655,60.240966796875,0.0,38.9140625
1786397263.5529804,60.240966796875,60.9,38.9140625
1786397263.573369,60.240966796875,98.0,38.9140625
1786397263.587169,60.240966796875,72.5,38.9140625
1786397263.6053996,60.240966796875,54.7,38.9140625
1786397263.620057,60.240966796875,68.5,38.9140625
1786397263.6371243,62.11180114746094,0.0,38.9140625
1786397263.655682,62.11180114746094,108.4,38.9140625
1786397263.6718807,62.11180114746094,123.4,38.9140625
1786397263.6881073,62.11180114746094,60.8,38.9140625
1786397263.7011628,62.11180114746094,76.9,38.9140625
1786397263.7178988,62.11180114746094,60.3,38.9140625
1786397263.738419,62.11180114746094,48.6,38.9140625
1786397263.7519248,62.11180114746094,148.5,38.9140625
1786397263.764432,62.11180114746094,0.0,38.9140625
1786397263.7817264,62.11180114746094,57.8,38.9140625
1786397263.7977586,60.60606002807617,62.9,38.9140625
1786397263.8129377,60.60606002807617,66.1,38.9140625
1786397263.8315604,60.60606002807617,53.7,38.9140625
1786397263.8473485,60.60606002807617,63.3,38.9140625
1786397263.8625214,60.60606002807617,0.0,38.91796875
1786397263.8781433,60.60606002807617,0.0,38.91796875
1786397263.8957438,60.60606002807617,113.4,38.91796875
1786397263.9136786,60.60606002807617,55.7,38.91796875
1786397263.928997,60.60606002807617,0.0,38.91796875
1786397263.9433565,60.60606002807617,70.1,38.91796875
1786397263.9595704,61.7283935546875,61.9,38.921875
1786397263.978327,61.7283935546875,0.0,38.921875
1786397263.9977465,61.7283935546875,51.6,38.921875
1786397264.01753,61.7283935546875,101.1,38.921875
1786397264.0346754,61.7283935546875,116.7,38.921875
1786397264.0462942,61.7283935546875,85.3,38.921875
1786397264.0593212,61.7283935546875,77.6,38.921875
1786397264.0746343,61.7283935546875,0.0,38.921875
1786397264.0898979,61.7283935546875,65.6,38.921875
1786397264.1082983,61.7283935546875,0.0,38.921875
1786397264.1217103,61.349693298339844,74.7,38.921875
1786397264.1389477,61.349693298339844,58.0,38.921875
1786397264.1558833,61.349693298339844,0.0,38.921875
1786397264.1769922,61.349693298339844,47.3,38.921875
1786397264.192928,61.349693298339844,62.7,38.921875
1786397264.2149653,61.349693298339844,90.0,38.921875
1786397264.225064,61.349693298339844,101.1,38.921875
1786397264.2393024,61.349693298339844,70.1,38.921875
1786397264.2561917,61.349693298339844,0.0,38.921875
1786397264.2736948,61.349693298339844,56.7,38.921875
1786397264.2888715,60.240966796875,66.5,38.921875
1786397264.3094761,60.240966796875,48.4,38.921875
1786397264.3224416,60.240966796875,0.0,38.921875
1786397264.342362,60.240966796875,50.2,38.921875
1786397264.3553793,60.240966796875,76.8,38.921875
1786397264.3762918,60.240966796875,47.8,38.921875
1786397264.391531,60.240966796875,131.5,38.921875
1786397264.4118712,60.240966796875,49.1,38.921875
1786397264.4239733,60.240966796875,81.5,38.921875
1786397264.446079,60.240966796875,91.2,38.921875
1786397264.456685,60.975608825683594,94.2,38.921875
1786397264.472472,60.975608825683594,63.4,38.921875
1786397264.4844668,60.975608825683594,83.5,38.92578125
1786397264.501792,60.975608825683594,57.7,38.92578125
1786397264.516935,60.975608825683594,65.7,38.92578125
1786397264.5348542,60.975608825683594,0.0,38.92578125
1786397264.5486658,60.975608825683594,71.2,38.92578125
1786397264.5646422,60.975608825683594,63.3,38.92578125
1786397264.5856612,60.975608825683594,0.0,38.92578125
1786397264.6029088,60.975608825683594,57.9,38.92578125
1786397264.6217022,61.7283935546875,106.2,38.92578125
1786397264.6335967,61.7283935546875,83.9,38.92578125
1786397264.6475775,61.7283935546875,0.0,38.92578125
1786397264.6636486,61.7283935546875,62.2,38.92578125
1786397264.680655,61.7283935546875,0.0,38.92578125
1786397264.701045,61.7283935546875,49.0,38.9296875
1786397264.7146049,61.7283935546875,72.6,38.9296875
1786397264.729393,61.7283935546875,68.8,38.9296875
1786397264.7452986,61.7283935546875,0.0,38.9296875
1786397264.770969,61.7283935546875,77.6,38.9296875
1786397264.7952538,60.60606002807617,82.4,38.9296875
1786397264.812039,60.60606002807617,119.7,38.9296875
1786397264.8227699,60.60606002807617,92.9,38.9296875
1786397264.8372624,60.60606002807617,0.0,38.9296875
1786397264.8525226,60.60606002807617,65.5,38.9296875
1786397264.8686152,60.60606002807617,62.2,38.9296875
1786397264.8846917,60.60606002807617,0.0,38.9296875
1786397264.9023912,60.60606002807617,112.2,38.9296875
1786397264.91756,60.60606002807617,0.0,38.9296875
1786397264.9359562,60.60606002807617,54.3,38.9296875
1786397264.955081,58.82352828979492,104.3,38.9296875
1786397264.9699125,58.82352828979492,0.0,38.9296875
1786397264.983443,58.82352828979492,72.8,38.9296875
1786397265.000475,58.82352828979492,58.8,38.9296875
1786397265.0167663,58.82352828979492,62.1,38.93359375
1786397265.0340607,58.82352828979492,0.0,38.93359375
1786397265.0473337,58.82352828979492,76.3,38.93359375
1786397265.0642138,58.82352828979492,59.0,38.93359375
1786397265.0784798,58.82352828979492,70.9,38.93359375
1786397265.095806,58.82352828979492,0.0,38.93359375
1786397265.111449,62.11180114746094,63.9,38.93359375
1786397265.1279085,62.11180114746094,60.8,38.93359375
1786397265.151704,62.11180114746094,42.0,38.93359375
1786397265.1635807,62.11180114746094,84.3,38.93359375
1786397265.177684,62.11180114746094,70.8,38.93359375
1786397265.1946752,62.11180114746094,117.5,38.93359375
1786397265.2071307,62.11180114746094,0.0,38.93359375
1786397265.2257566,62.11180114746094,53.6,38.93359375
1786397265.2431014,62.11180114746094,57.8,38.93359375
1786397265.2552822,62.11180114746094,0.0,38.93359375
1786397265.275034,61.349693298339844,50.6,38.93359375
1786397265.28939,61.349693298339844,0.0,38.93359375
1786397265.3062544,61.349693298339844,59.3,38.93359375
1786397265.3243902,61.349693298339844,55.2,38.93359375
1786397265.3416696,61.349693298339844,0.0,38.93359375
1786397265.357295,61.349693298339844,128.1,38.93359375
1786397265.3762546,61.349693298339844,0.0,38.93359375
1786397265.3954654,61.349693298339844,104.2,38.93359375
1786397265.4180315,61.349693298339844,88.4,38.93359375
1786397265.4288058,61.349693298339844,92.8,38.93359375
1786397265.4444067,59.52381134033203,0.0,38.93359375
1786397265.456894,59.52381134033203,80.3,38.93359375
1786397265.4730365,59.52381134033203,0.0,38.93359375
1786397265.4887078,59.52381134033203,63.8,38.93359375
1786397265.50625,59.52381134033203,0.0,38.93359375
1786397265.5239723,59.52381134033203,56.4,38.93359375
1786397265.5397809,59.52381134033203,63.3,38.9375
1786397265.5559695,59.52381134033203,0.0,38.94140625
1786397265.5746937,59.52381134033203,53.4,38.94140625
1786397265.5907393,59.52381134033203,62.4,38.94140625
1786397265.6075218,62.11180114746094,59.5,38.94140625
1786397265.6202657,62.11180114746094,78.7,38.94140625
1786397265.639373,62.11180114746094,52.2,38.94140625
1786397265.657997,62.11180114746094,53.4,38.94140625
1786397265.6717532,62.11180114746094,73.5,38.94140625
1786397265.686318,62.11180114746094,68.7,38.94140625
1786397265.7015498,62.11180114746094,0.0,38.94140625
1786397265.7185776,62.11180114746094,59.2,38.94140625
1786397265.735147,62.11180114746094,60.4,38.94140625
1786397265.7508724,62.11180114746094,63.6,38.94140625
1786397265.7690942,61.7283935546875,108.8,38.94140625
1786397265.780657,61.7283935546875,0.0,38.94140625
1786397265.801115,61.7283935546875,48.1,38.94140625
1786397265.8149326,61.7283935546875,74.4,38.94140625
1786397265.832653,61.7283935546875,56.3,38.94140625
1786397265.8447223,61.7283935546875,83.0,38.94140625
1786397265.8605914,61.7283935546875,0.0,38.94140625
1786397265.8760426,61.7283935546875,64.8,38.94140625
1786397265.8937147,61.7283935546875,56.4,38.94140625
1786397265.9140644,61.7283935546875,49.2,38.94140625
1786397265.9245963,62.11180114746094,95.2,38.94140625
1786397265.9400702,62.11180114746094,0.0,38.94140625
1786397265.960924,62.11180114746094,48.0,38.94140625
1786397265.979182,62.11180114746094,109.4,38.94140625
1786397265.9965641,62.11180114746094,57.2,38.94140625
1786397266.0137134,62.11180114746094,116.5,38.94140625
1786397266.0259974,62.11180114746094,82.2,38.94140625
1786397266.040806,62.11180114746094,0.0,38.94140625
1786397266.054359,62.11180114746094,73.2,38.9453125
1786397266.0714283,62.11180114746094,58.9,38.9453125
1786397266.0871286,62.11180114746094,0.0,38.9453125
1786397266.1033888,62.11180114746094,61.5,38.9453125
1786397266.1188438,62.11180114746094,0.0,38.9453125
1786397266.13559,62.11180114746094,59.7,38.9453125
1786397266.1539376,62.11180114746094,54.5,38.9453125
1786397266.1760106,62.11180114746094,45.1,38.9453125
1786397266.195431,62.11180114746094,102.5,38.9453125
1786397266.2137733,62.11180114746094,109.0,38.9453125
1786397266.2276893,62.11180114746094,72.8,38.9453125
1786397266.2386239,62.11180114746094,91.6,38.9453125
1786397266.2549813,60.240966796875,61.1,38.9453125
1786397266.2707868,60.240966796875,63.4,38.9453125
1786397266.2859561,60.240966796875,0.0,38.9453125
1786397266.3029914,60.240966796875,58.5,38.9453125
1786397266.3176835,60.240966796875,68.2,38.9453125
1786397266.3423119,60.240966796875,40.5,38.9453125
1786397266.3560505,60.240966796875,145.6,38.9453125
1786397266.377462,60.240966796875,46.3,38.94921875
1786397266.3884444,60.240966796875,92.7,38.94921875
1786397266.4034264,60.240966796875,66.9,38.94921875
1786397266.416445,61.349693298339844,76.6,38.94921875
1786397266.4340475,61.349693298339844,56.8,38.94921875
1786397266.4473217,61.349693298339844,75.5,38.94921875
1786397266.4646568,61.349693298339844,0.0,38.94921875
1786397266.484648,61.349693298339844,50.0,38.94921875
1786397266.5034578,61.349693298339844,105.9,38.94921875
1786397266.5162475,61.349693298339844,78.9,38.94921875
1786397266.5308735,61.349693298339844,0.0,38.94921875
1786397266.5486135,61.349693298339844,57.0,38.94921875
1786397266.566849,61.349693298339844,54.8,38.94921875
1786397266.5833013,60.975608825683594,60.9,38.953125
1786397266.6001768,60.975608825683594,59.2,38.953125
1786397266.6157532,60.975608825683594,64.3,38.953125
1786397266.6329842,60.975608825683594,0.0,38.953125
1786397266.6483347,60.975608825683594,65.0,38.953125
1786397266.6713178,60.975608825683594,86.1,38.953125
1786397266.6806803,60.975608825683594,0.0,38.953125
1786397266.6949072,60.975608825683594,70.7,38.953125
1786397266.7098677,60.975608825683594,0.0,38.953125
1786397266.7270627,60.975608825683594,58.2,38.953125
1786397266.7455213,60.975608825683594,54.2,38.953125
1786397266.7604172,60.975608825683594,67.1,38.953125
1786397266.7779095,60.975608825683594,57.1,38.953125
1786397266.794195,60.975608825683594,61.4,38.953125
1786397266.8121817,60.975608825683594,55.7,38.953125
1786397266.8247037,60.975608825683594,79.9,38.953125
1786397266.8409367,60.975608825683594,61.6,38.953125
1786397266.8576434,60.975608825683594,0.0,38.953125
1786397266.8752062,60.975608825683594,57.0,38.953125
1786397266.8914778,60.975608825683594,61.5,38.953125
1786397266.9069781,62.11180114746094,64.0,38.953125
1786397266.9243867,62.11180114746094,57.8,38.953125
1786397266.9442456,62.11180114746094,100.5,38.953125
1786397266.960282,62.11180114746094,62.4,38.953125
1786397266.981917,62.11180114746094,92.2,38.953125
1786397266.9942942,62.11180114746094,81.3,38.953125
1786397267.0107236,62.11180114746094,60.9,38.953125
1786397267.023988,62.11180114746094,75.2,38.953125
1786397267.0400386,62.11180114746094,62.3,38.953125
1786397267.0563354,62.11180114746094,0.0,38.953125
1786397267.0747807,60.240966796875,53.6,38.953125
1786397267.0906942,60.240966796875,63.7,38.953125
1786397267.104668,60.240966796875,70.8,38.95703125
1786397267.1188037,60.240966796875,0.0,38.95703125
1786397267.1442428,60.240966796875,78.6,38.95703125
1786397267.156106,60.240966796875,84.6,38.95703125
1786397267.171182,60.240966796875,66.4,38.95703125
1786397267.1873064,60.240966796875,0.0,38.95703125
1786397267.204457,60.240966796875,58.3,38.9609375
1786397267.2195513,60.240966796875,66.3,38.9609375
1786397267.237825,60.975608825683594,54.7,38.9609375
1786397267.2532516,60.975608825683594,0.0,38.9609375
1786397267.2721791,60.975608825683594,52.8,38.9609375
1786397267.287521,60.975608825683594,65.2,38.9609375
1786397267.304112,60.975608825683594,60.3,38.9609375
1786397267.318642,60.975608825683594,68.9,38.9609375
1786397267.3438802,60.975608825683594,39.4,38.9609375
1786397267.358469,60.975608825683594,137.4,38.9609375
1786397267.378581,60.975608825683594,99.4,38.9609375
1786397267.3901532,60.975608825683594,87.0,38.9609375
1786397267.4031322,59.52381134033203,77.2,38.9609375
1786397267.4184828,59.52381134033203,0.0,38.9609375
1786397267.4343224,59.52381134033203,63.0,38.9609375
1786397267.4508119,59.52381134033203,0.0,38.9609375
1786397267.468693,59.52381134033203,55.9,38.9609375
1786397267.483476,59.52381134033203,67.6,38.9609375
1786397267.5009665,59.52381134033203,0.0,38.9609375
1786397267.5167081,59.52381134033203,63.5,38.9609375
1786397267.5356753,59.52381134033203,52.8,38.9609375
1786397267.5553064,59.52381134033203,50.7,38.9609375
1786397267.5712483,62.11180114746094,126.1,38.9609375
1786397267.5856855,62.11180114746094,69.4,38.9609375
1786397267.6013746,62.11180114746094,62.9,38.9609375
1786397267.6119068,62.11180114746094,96.7,38.96484375
1786397267.627566,62.11180114746094,0.0,38.96484375
1786397267.642966,62.11180114746094,65.0,38.96484375
1786397267.6609206,62.11180114746094,0.0,38.96484375
1786397267.677875,62.11180114746094,58.9,38.96484375
1786397267.6929631,62.11180114746094,66.4,38.96484375
1786397267.716158,62.11180114746094,42.7,38.96484375
1786397267.725053,62.11180114746094,115.5,38.96484375
1786397267.7407014,62.11180114746094,0.0,38.96484375
1786397267.7576373,62.11180114746094,59.1,38.96484375
1786397267.772651,62.11180114746094,65.8,38.96484375
1786397267.78831,62.11180114746094,0.0,38.96484375
1786397267.8069437,62.11180114746094,53.6,38.96484375
1786397267.8222845,62.11180114746094,65.2,38.96484375
1786397267.839506,62.11180114746094,0.0,38.96484375
1786397267.8565934,62.11180114746094,58.3,38.96484375
1786397267.8730836,62.11180114746094,60.9,38.96484375
1786397267.8912554,61.349693298339844,55.0,38.96484375
1786397267.9077833,61.349693298339844,60.3,38.96484375
1786397267.9248095,61.349693298339844,58.6,38.96484375
1786397267.941387,61.349693298339844,121.2,38.96484375
1786397267.9567614,61.349693298339844,0.0,38.96484375
1786397267.9738352,61.349693298339844,58.7,38.96484375
1786397267.9910543,61.349693298339844,58.1,38.96484375
1786397268.0070539,61.349693298339844,62.5,38.96484375
1786397268.0200086,61.349693298339844,77.2,38.96484375
1786397268.0374975,61.349693298339844,0.0,38.96875
1786397268.0560439,60.60606002807617,54.0,38.96875
1786397268.0743294,60.60606002807617,54.7,38.96875
1786397268.0904539,60.60606002807617,61.5,38.96875
1786397268.1084008,60.60606002807617,112.2,38.96875
1786397268.1251981,60.60606002807617,59.5,38.96875
1786397268.1398945,60.60606002807617,67.9,38.97265625
1786397268.153565,60.60606002807617,73.2,38.97265625
1786397268.1704843,60.60606002807617,59.2,38.97265625
1786397268.1853015,60.60606002807617,67.5,38.97265625
1786397268.2016847,60.60606002807617,61.0,38.97265625
1786397268.2195485,61.349693298339844,56.0,38.97265625
1786397268.234723,61.349693298339844,65.9,38.97265625
1786397268.2511137,61.349693298339844,61.0,38.97265625
1786397268.268305,61.349693298339844,57.9,38.97265625
1786397268.282628,61.349693298339844,0.0,38.97265625
1786397268.296331,61.349693298339844,72.9,38.97265625
1786397268.3144476,61.349693298339844,55.3,38.97265625
1786397268.3323376,61.349693298339844,55.7,38.97265625
1786397268.3440714,61.349693298339844,0.0,38.97265625
1786397268.3653548,61.349693298339844,93.8,38.97265625
1786397268.3780105,62.5,0.0,38.97265625
1786397268.3926895,62.5,68.2,38.97265625
1786397268.4094968,62.5,59.5,38.97265625
1786397268.4247785,62.5,0.0,38.97265625
1786397268.4388516,62.5,70.9,38.97265625
1786397268.4554012,62.5,60.5,38.97265625
1786397268.4748445,62.5,0.0,38.97265625
1786397268.4902349,62.5,65.6,38.97265625
1786397268.506675,62.5,60.3,38.97265625
1786397268.5209112,62.5,70.8,38.97265625
1786397268.5353415,62.11180114746094,0.0,38.97265625
1786397268.553988,62.11180114746094,53.6,38.97265625
1786397268.5733893,62.11180114746094,51.1,38.97265625
1786397268.5860803,62.11180114746094,79.5,38.97265625
1786397268.6055157,62.11180114746094,0.0,38.97265625
1786397268.6184254,62.11180114746094,78.0,38.97265625
1786397268.635523,62.11180114746094,0.0,38.97265625
1786397268.6508682,62.11180114746094,65.2,38.9765625
1786397268.6717145,62.11180114746094,47.8,38.9765625
1786397268.6882985,62.11180114746094,60.2,38.9765625
1786397268.7050443,61.7283935546875,119.1,38.9765625
1786397268.7182536,61.7283935546875,0.0,38.9765625
1786397268.730863,61.7283935546875,79.2,38.9765625
1786397268.7479727,61.7283935546875,58.4,38.9765625
1786397268.7636657,61.7283935546875,0.0,38.9765625
1786397268.7789018,61.7283935546875,65.7,38.9765625
1786397268.7998235,61.7283935546875,47.6,38.9765625
1786397268.8194976,61.7283935546875,50.9,38.9765625
1786397268.8347735,61.7283935546875,131.0,38.9765625
1786397268.8470495,61.7283935546875,81.4,38.9765625
1786397268.8605053,61.7283935546875,0.0,38.9765625
1786397268.8770792,61.7283935546875,120.2,38.98046875
1786397268.8922868,61.7283935546875,0.0,38.98046875
1786397268.9111447,61.7283935546875,53.2,38.98046875
1786397268.9255083,61.7283935546875,69.8,38.98046875
1786397268.9418187,61.7283935546875,0.0,38.98046875
1786397268.9609838,61.7283935546875,52.2,38.98046875
1786397268.9770846,61.7283935546875,61.7,38.98046875
1786397268.9942026,61.7283935546875,58.5,38.98046875
1786397269.0137217,61.7283935546875,51.1,38.98046875
1786397269.0260541,62.11180114746094,81.4,38.98046875
1786397269.0478392,62.11180114746094,91.2,38.98046875
1786397269.060767,62.11180114746094,78.7,38.98046875
1786397269.074593,62.11180114746094,71.6,38.98046875
1786397269.0891004,62.11180114746094,68.9,38.98046875
1786397269.1043985,62.11180114746094,0.0,38.98046875
1786397269.1212616,62.11180114746094,118.7,38.98046875
1786397269.1379883,62.11180114746094,59.8,38.98046875
1786397269.1526673,62.11180114746094,68.2,38.98046875
1786397269.1707997,62.11180114746094,55.1,38.984375
1786397269.1888573,61.7283935546875,0.0,38.984375
1786397269.2113874,61.7283935546875,88.9,38.984375
1786397269.2235231,61.7283935546875,82.1,38.984375
1786397269.23672,61.7283935546875,76.4,38.984375
1786397269.251035,61.7283935546875,69.7,38.984375
1786397269.2704449,61.7283935546875,51.4,38.984375
1786397269.2811196,61.7283935546875,94.2,38.984375
1786397269.3010578,61.7283935546875,49.7,38.984375
1786397269.3144562,61.7283935546875,0.0,38.984375
1786397269.333626,61.7283935546875,52.1,38.984375
1786397269.3488545,61.349693298339844,65.8,38.984375
1786397269.3653038,61.349693298339844,60.7,38.984375
1786397269.3814468,61.349693298339844,62.0,38.984375
1786397269.3968022,61.349693298339844,0.0,38.984375
1786397269.4155474,61.349693298339844,53.5,38.984375
1786397269.4328887,61.349693298339844,114.8,38.984375
1786397269.4541004,61.349693298339844,47.2,38.984375
1786397269.469471,61.349693298339844,129.3,38.984375
1786397269.4784923,61.349693298339844,112.9,38.984375
1786397269.4941533,61.349693298339844,0.0,38.984375
1786397269.5119965,61.349693298339844,56.1,38.984375
1786397269.5284812,61.349693298339844,60.1,38.984375
1786397269.5490532,61.349693298339844,48.5,38.984375
1786397269.565883,61.349693298339844,119.0,38.984375
1786397269.575845,61.349693298339844,0.0,38.984375
1786397269.5933502,61.349693298339844,57.1,38.984375
1786397269.6064982,61.349693298339844,75.6,38.984375
1786397269.6229565,61.349693298339844,61.0,38.984375
1786397269.637371,61.349693298339844,0.0,38.984375
1786397269.6526487,61.349693298339844,65.4,38.984375
1786397269.6686375,62.5,0.0,38.984375
1786397269.6853795,62.5,59.8,38.9921875
1786397269.7047842,62.5,51.3,38.9921875
1786397269.718281,62.5,0.0,38.9921875
1786397269.7366488,62.5,54.3,38.9921875
1786397269.755179,62.5,53.9,38.9921875
1786397269.7730792,62.5,111.0,38.9921875
1786397269.7842479,62.5,89.7,38.9921875
1786397269.802242,62.5,55.9,38.9921875
1786397269.8145542,62.5,81.3,38.9921875
1786397269.8287258,62.11180114746094,0.0,38.9921875
1786397269.8485773,62.11180114746094,50.1,38.9921875
1786397269.8680289,62.11180114746094,51.4,38.9921875
1786397269.8836026,62.11180114746094,64.5,38.9921875
1786397269.9055123,62.11180114746094,45.7,38.9921875
1786397269.919008,62.11180114746094,148.6,38.9921875
1786397269.9312997,62.11180114746094,81.1,38.9921875
1786397269.9473538,62.11180114746094,62.1,38.9921875
1786397269.9624481,62.11180114746094,0.0,38.9921875
1786397269.9782708,62.11180114746094,63.2,38.9921875
1786397269.9949667,60.60606002807617,0.0,38.9921875
1786397270.0116427,60.60606002807617,60.0,38.9921875
1786397270.0297632,60.60606002807617,55.0,38.9921875
1786397270.044263,60.60606002807617,0.0,38.9921875
1786397270.0593178,60.60606002807617,66.6,38.9921875
1786397270.0762186,60.60606002807617,0.0,38.9921875
1786397270.097079,60.60606002807617,94.9,38.9921875
1786397270.1163254,60.60606002807617,52.5,38.9921875
1786397270.126576,60.60606002807617,97.3,38.9921875
1786397270.1407921,60.60606002807617,70.4,38.9921875
1786397270.1613765,61.7283935546875,48.6,38.9921875
1786397270.1752546,61.7283935546875,0.0,38.9921875
1786397270.1901534,61.7283935546875,67.3,38.9921875
1786397270.208045,61.7283935546875,55.9,38.99609375
1786397270.2232177,61.7283935546875,0.0,38.99609375
1786397270.241039,61.7283935546875,56.1,38.99609375
1786397270.2572274,61.7283935546875,61.8,38.99609375
1786397270.2733233,61.7283935546875,0.0,38.99609375
1786397270.289236,61.7283935546875,62.9,38.99609375
1786397270.3111088,61.7283935546875,45.6,38.99609375
1786397270.3249667,60.975608825683594,72.5,38.99609375
1786397270.3399334,60.975608825683594,66.8,38.99609375
1786397270.3548026,60.975608825683594,67.2,38.99609375
1786397270.3721876,60.975608825683594,0.0,38.99609375
1786397270.3887534,60.975608825683594,60.5,38.99609375
1786397270.4055648,60.975608825683594,59.5,38.99609375
1786397270.4204352,60.975608825683594,67.4,38.99609375
1786397270.4362538,60.975608825683594,63.2,38.99609375
1786397270.4523494,60.975608825683594,0.0,38.99609375
1786397270.4708762,60.975608825683594,53.9,38.99609375
1786397270.4898617,61.7283935546875,52.6,38.99609375
1786397270.502799,61.7283935546875,77.0,38.99609375
1786397270.5193682,61.7283935546875,60.6,39.0
1786397270.5370688,61.7283935546875,56.3,39.0
1786397270.5509946,61.7283935546875,72.2,39.0
1786397270.5711322,61.7283935546875,49.6,39.0
1786397270.585254,61.7283935546875,70.8,39.0
1786397270.6030793,61.7283935546875,56.1,39.0
1786397270.6193929,61.7283935546875,61.3,39.0
1786397270.6354706,61.7283935546875,62.2,39.0
1786397270.6498587,60.975608825683594,69.5,39.0
1786397270.669513,60.975608825683594,50.3,39.0
1786397270.6824446,60.975608825683594,78.2,39.0
1786397270.6983056,60.975608825683594,62.7,39.0
1786397270.7166145,60.975608825683594,54.9,39.0
1786397270.7337413,60.975608825683594,58.4,39.00390625
1786397270.7441993,60.975608825683594,0.0,39.00390625
1786397270.7591863,60.975608825683594,66.6,39.00390625
1786397270.7783883,60.975608825683594,0.0,39.00390625
1786397270.7947588,60.975608825683594,61.1,39.00390625
1786397270.81154,61.7283935546875,59.7,39.00390625
1786397270.8269203,61.7283935546875,129.8,39.00390625
1786397270.8427055,61.7283935546875,0.0,39.00390625
1786397270.8592346,61.7283935546875,60.5,39.00390625
1786397270.8772695,61.7283935546875,55.5,39.00390625
1786397270.8923442,61.7283935546875,66.3,39.00390625
1786397270.9095528,61.7283935546875,58.0,39.00390625
1786397270.9234943,61.7283935546875,71.3,39.00390625
1786397270.9427443,61.7283935546875,52.2,39.00390625
1786397270.9577863,61.7283935546875,66.4,39.00390625
1786397270.9754188,62.11180114746094,56.8,39.00390625
1786397270.9877138,62.11180114746094,81.2,39.00390625
1786397271.005777,62.11180114746094,0.0,39.00390625
1786397271.0210087,62.11180114746094,65.7,39.00390625
1786397271.0385582,62.11180114746094,56.8,39.00390625
1786397271.0543146,62.11180114746094,63.6,39.00390625
1786397271.0691435,62.11180114746094,67.4,39.00390625
1786397271.0856888,62.11180114746094,60.5,39.00390625
1786397271.100938,62.11180114746094,65.6,39.00390625
1786397271.1165898,62.11180114746094,63.8,39.00390625
1786397271.131882,62.5,0.0,39.00390625
1786397271.1513252,62.5,51.6,39.00390625
1786397271.1639428,62.5,78.9,39.00390625
1786397271.1824071,62.5,54.2,39.00390625
1786397271.199296,62.5,59.3,39.00390625
1786397271.2184598,62.5,52.1,39.00390625
1786397271.2337515,62.5,130.7,39.00390625
1786397271.2506166,62.5,59.3,39.0078125
1786397271.2699084,62.5,51.9,39.0078125
1786397271.2811,62.5,177.7,39.0078125
1786397271.2934802,62.11180114746094,81.2,39.0078125
1786397271.3095577,62.11180114746094,62.2,39.0078125
1786397271.3237844,62.11180114746094,0.0,39.0078125
1786397271.3416893,62.11180114746094,55.9,39.01171875
1786397271.358031,62.11180114746094,61.2,39.01171875
1786397271.3758116,62.11180114746094,56.1,39.01171875
1786397271.3952706,62.11180114746094,51.4,39.01171875
1786397271.4109068,62.11180114746094,63.7,39.01171875
1786397271.4258041,62.11180114746094,67.5,39.01171875
1786397271.437609,62.11180114746094,84.5,39.01171875
1786397271.4537106,62.11180114746094,0.0,39.01171875
1786397271.4782112,62.11180114746094,81.6,39.01171875
1786397271.4913933,62.11180114746094,75.8,39.01171875
1786397271.5004478,62.11180114746094,111.0,39.01171875
1786397271.518049,62.11180114746094,0.0,39.01171875
1786397271.5375783,62.11180114746094,102.3,39.01171875
1786397271.5517414,62.11180114746094,0.0,39.01171875
1786397271.5701458,62.11180114746094,54.3,39.01171875
1786397271.5817208,62.11180114746094,86.6,39.01171875
1786397271.5983076,62.11180114746094,0.0,39.01171875
1786397271.6158907,61.349693298339844,56.9,39.01171875
1786397271.6338382,61.349693298339844,55.6,39.01171875
1786397271.650001,61.349693298339844,62.0,39.01171875
1786397271.6668353,61.349693298339844,59.3,39.01171875
1786397271.682409,61.349693298339844,64.4,39.01171875
1786397271.701477,61.349693298339844,52.2,39.01171875
1786397271.7215936,61.349693298339844,49.8,39.01171875
1786397271.730519,61.349693298339844,112.3,39.01171875
1786397271.7496176,61.349693298339844,52.2,39.015625
1786397271.761274,61.349693298339844,86.3,39.015625
1786397271.7840877,61.7283935546875,43.8,39.015625
1786397271.7955437,61.7283935546875,87.3,39.015625
1786397271.8174672,61.7283935546875,45.6,39.015625
1786397271.8297882,61.7283935546875,81.1,39.015625
1786397271.8437765,61.7283935546875,71.7,39.015625
1786397271.859238,61.7283935546875,64.7,39.015625
1786397271.8773737,61.7283935546875,55.0,39.015625
1786397271.8917112,61.7283935546875,0.0,39.015625
1786397271.9091501,61.7283935546875,57.0,39.015625
1786397271.9281356,61.7283935546875,52.9,39.015625
1786397271.9447837,60.60606002807617,60.1,39.015625
1786397271.9620988,60.60606002807617,57.5,39.015625
1786397271.9817576,60.60606002807617,100.9,39.015625
1786397271.9968073,60.60606002807617,67.4,39.015625
1786397272.0162692,60.60606002807617,51.5,39.015625
1786397272.027194,60.60606002807617,91.7,39.015625
1786397272.0405066,60.60606002807617,75.1,39.015625
1786397272.0555842,60.60606002807617,66.4,39.015625
1786397272.073395,60.60606002807617,0.0,39.015625
1786397272.0920532,60.60606002807617,53.6,39.015625
1786397272.1045415,62.11180114746094,80.3,39.015625
1786397272.1239316,62.11180114746094,51.6,39.015625
1786397272.1386404,62.11180114746094,68.1,39.015625
1786397272.154527,62.11180114746094,63.0,39.015625
1786397272.1714327,62.11180114746094,59.0,39.015625
1786397272.1875067,62.11180114746094,0.0,39.01953125
1786397272.2048283,62.11180114746094,57.7,39.01953125
1786397272.2198741,62.11180114746094,66.6,39.01953125
1786397272.2346292,62.11180114746094,67.7,39.01953125
1786397272.2527032,62.11180114746094,55.0,39.01953125
1786397272.2692723,61.7283935546875,60.5,39.0234375
1786397272.2830608,61.7283935546875,72.7,39.0234375
1786397272.2997344,61.7283935546875,59.9,39.0234375
1786397272.31555,61.7283935546875,63.5,39.0234375
1786397272.335592,61.7283935546875,49.6,39.0234375
1786397272.351775,61.7283935546875,62.1,39.0234375
1786397272.3668568,61.7283935546875,65.2,39.0234375
1786397272.382651,61.7283935546875,63.3,39.0234375
1786397272.3996158,61.7283935546875,59.7,39.0234375
1786397272.4130204,61.7283935546875,74.8,39.0234375
1786397272.4271882,62.5,70.5,39.0234375
1786397272.442127,62.5,67.0,39.0234375
1786397272.4621358,62.5,0.0,39.0234375
1786397272.4797156,62.5,114.2,39.0234375
1786397272.4935,62.5,72.4,39.0234375
1786397272.5068629,62.5,0.0,39.0234375
1786397272.5224824,62.5,64.0,39.0234375
1786397272.5384407,62.5,0.0,39.0234375
1786397272.5563462,62.5,55.9,39.0234375
1786397272.5707943,62.5,0.0,39.0234375
1786397272.5907326,62.11180114746094,50.1,39.0234375
1786397272.611187,62.11180114746094,97.5,39.0234375
1786397272.6280105,62.11180114746094,59.5,39.0234375
1786397272.638075,62.11180114746094,99.8,39.0234375
1786397272.653613,62.11180114746094,64.4,39.0234375
1786397272.6720693,62.11180114746094,54.1,39.0234375
1786397272.6868603,62.11180114746094,0.0,39.0234375
1786397272.7103815,62.11180114746094,42.4,39.0234375
1786397272.724463,62.11180114746094,140.9,39.0234375
1786397272.7378688,62.11180114746094,75.2,39.0234375
1786397272.75177,60.60606002807617,0.0,39.0234375
1786397272.767629,60.60606002807617,62.8,39.0234375
1786397272.7832427,60.60606002807617,0.0,39.02734375
1786397272.8005888,60.60606002807617,57.7,39.02734375
1786397272.8164232,60.60606002807617,63.2,39.02734375
1786397272.8344834,60.60606002807617,55.3,39.02734375
1786397272.8506207,60.60606002807617,0.0,39.02734375
1786397272.8681712,60.60606002807617,113.9,39.02734375
1786397272.8819396,60.60606002807617,0.0,39.02734375
1786397272.901539,60.60606002807617,50.9,39.02734375
1786397272.9176073,61.349693298339844,62.7,39.02734375
1786397272.9331572,61.349693298339844,63.6,39.02734375
1786397272.9481523,61.349693298339844,67.7,39.02734375
1786397272.9627051,61.349693298339844,68.5,39.02734375
1786397272.9795058,61.349693298339844,0.0,39.02734375
1786397272.9945958,61.349693298339844,66.4,39.03125
1786397273.013499,61.349693298339844,52.9,39.03125
1786397273.0310185,61.349693298339844,57.1,39.03125
1786397273.0425887,61.349693298339844,86.5,39.03125
1786397273.060758,61.349693298339844,55.0,39.03125
1786397273.0766046,62.5,0.0,39.03125
1786397273.093347,62.5,60.0,39.03125
1786397273.1090884,62.5,63.5,39.03125
1786397273.1225598,62.5,73.3,39.03125
1786397273.1386738,62.5,0.0,39.03125
1786397273.15453,62.5,63.1,39.03125
1786397273.1743767,62.5,0.0,39.03125
1786397273.1881392,62.5,73.0,39.03125
1786397273.2071009,62.5,52.5,39.03125
1786397273.2201252,62.5,77.5,39.03125
1786397273.2389202,62.11180114746094,53.0,39.03125
1786397273.2570581,62.11180114746094,0.0,39.03125
1786397273.2792583,62.11180114746094,91.7,39.03125
1786397273.2934794,62.11180114746094,140.8,39.03125
1786397273.3048203,62.11180114746094,88.3,39.03515625
1786397273.318066,62.11180114746094,0.0,39.03515625
1786397273.3403955,62.11180114746094,89.6,39.03515625
1786397273.3509097,62.11180114746094,0.0,39.03515625
1786397273.3704526,62.11180114746094,51.1,39.03515625
1786397273.3860378,62.11180114746094,64.2,39.03515625
1786397273.4024484,61.349693298339844,60.7,39.03515625
1786397273.4227703,61.349693298339844,48.9,39.03515625
1786397273.439901,61.349693298339844,58.3,39.03515625
1786397273.458123,61.349693298339844,165.1,39.03515625
1786397273.4696677,61.349693298339844,87.9,39.03515625
1786397273.4831557,61.349693298339844,74.0,39.03515625
1786397273.5018773,61.349693298339844,53.4,39.03515625
1786397273.5150537,61.349693298339844,0.0,39.03515625
1786397273.5298266,61.349693298339844,67.7,39.03515625
1786397273.5448992,61.349693298339844,0.0,39.03515625
1786397273.5611362,61.349693298339844,61.2,39.03515625
1786397273.5774457,61.349693298339844,0.0,39.03515625
1786397273.6001484,61.349693298339844,43.9,39.03515625
1786397273.6139603,61.349693298339844,72.6,39.03515625
1786397273.6337004,61.349693298339844,100.6,39.03515625
1786397273.6485524,61.349693298339844,68.1,39.03515625
1786397273.6588976,61.349693298339844,96.7,39.03515625
1786397273.675146,61.349693298339844,0.0,39.03515625
1786397273.6940043,61.349693298339844,53.0,39.03515625
1786397273.7106245,61.349693298339844,60.3,39.03515625
1786397273.723756,62.11180114746094,76.3,39.03515625
1786397273.7404642,62.11180114746094,59.8,39.03515625
1786397273.7579935,62.11180114746094,56.9,39.03515625
1786397273.771589,62.11180114746094,0.0,39.03515625
1786397273.7890093,62.11180114746094,57.3,39.03515625
1786397273.810961,62.11180114746094,45.6,39.03515625
1786397273.8273792,62.11180114746094,119.7,39.04296875
1786397273.846003,62.11180114746094,54.4,39.04296875
1786397273.8587234,62.11180114746094,158.1,39.04296875
1786397273.8736343,62.11180114746094,67.0,39.04296875
1786397273.8879497,61.349693298339844,0.0,39.04296875
1786397273.90109,61.349693298339844,76.0,39.04296875
1786397273.9183009,61.349693298339844,58.3,39.04296875
1786397273.9357939,61.349693298339844,56.7,39.04296875
1786397273.9498014,61.349693298339844,0.0,39.04296875
1786397273.9669998,61.349693298339844,58.1,39.04296875
1786397273.983779,61.349693298339844,0.0,39.04296875
1786397273.9999025,61.349693298339844,61.9,39.04296875
1786397274.0179842,61.349693298339844,0.0,39.04296875
1786397274.033862,61.349693298339844,62.9,39.04296875
1786397274.0462992,62.11180114746094,80.4,39.04296875
1786397274.0642078,62.11180114746094,55.7,39.04296875
1786397274.0806007,62.11180114746094,0.0,39.04296875
1786397274.0967243,62.11180114746094,61.9,39.04296875
1786397274.1160288,62.11180114746094,51.7,39.04296875
1786397274.1344047,62.11180114746094,109.3,39.04296875
1786397274.1518087,62.11180114746094,57.2,39.04296875
1786397274.1595132,62.11180114746094,131.3,39.04296875
1786397274.1781497,62.11180114746094,53.6,39.04296875
1786397274.194935,62.11180114746094,59.4,39.04296875
1786397274.2133439,62.11180114746094,54.2,39.04296875
1786397274.2254636,62.11180114746094,0.0,39.04296875
1786397274.2414973,62.11180114746094,62.4,39.04296875
1786397274.257248,62.11180114746094,63.5,39.04296875
1786397274.2748075,62.11180114746094,57.0,39.04296875
1786397274.2914996,62.11180114746094,0.0,39.04296875
1786397274.3075004,62.11180114746094,125.0,39.04296875
1786397274.323083,62.11180114746094,64.1,39.04296875
1786397274.3399088,62.11180114746094,59.4,39.046875
1786397274.3552485,62.11180114746094,0.0,39.046875
1786397274.3761625,61.349693298339844,95.8,39.046875
1786397274.3902094,61.349693298339844,0.0,39.046875
1786397274.409703,61.349693298339844,51.3,39.046875
1786397274.427376,61.349693298339844,113.2,39.046875
1786397274.4417543,61.349693298339844,69.6,39.046875
1786397274.4525259,61.349693298339844,0.0,39.046875
1786397274.4729218,61.349693298339844,97.8,39.046875
1786397274.4852884,61.349693298339844,0.0,39.046875
1786397274.504023,61.349693298339844,53.3,39.046875
1786397274.519719,61.349693298339844,63.9,39.046875
1786397274.5362267,61.349693298339844,60.5,39.046875
1786397274.552822,61.349693298339844,60.2,39.046875
1786397274.5749853,61.349693298339844,45.1,39.046875
1786397274.5883584,61.349693298339844,148.9,39.046875
1786397274.6067874,61.349693298339844,54.2,39.046875
1786397274.6201742,61.349693298339844,73.8,39.046875
1786397274.6430607,61.349693298339844,88.4,39.046875
1786397274.6523497,61.349693298339844,0.0,39.05078125
1786397274.6668754,61.349693298339844,68.8,39.05078125
1786397274.6826043,61.349693298339844,63.5,39.05078125
1786397274.7024167,60.60606002807617,50.6,39.05078125
1786397274.7151625,60.60606002807617,0.0,39.05078125
1786397274.731859,60.60606002807617,59.7,39.05078125
1786397274.746319,60.60606002807617,69.2,39.05078125
1786397274.7615032,60.60606002807617,0.0,39.05078125
1786397274.7802682,60.60606002807617,53.2,39.05078125
1786397274.794893,60.60606002807617,68.4,39.05078125
1786397274.811716,60.60606002807617,0.0,39.05078125
1786397274.8305087,60.60606002807617,53.2,39.05078125
1786397274.842475,60.60606002807617,83.5,39.05078125
1786397274.8579848,62.5,64.7,39.0546875
1786397274.8736978,62.5,0.0,39.0546875
1786397274.8911543,62.5,57.3,39.0546875
1786397274.9060397,62.5,66.9,39.0546875
1786397274.9222665,62.5,0.0,39.0546875
1786397274.9404247,62.5,55.3,39.0546875
1786397274.9581962,62.5,56.1,39.0546875
1786397274.9743958,62.5,61.9,39.0546875
1786397274.9874449,62.5,0.0,39.0546875
1786397275.0040848,62.5,60.2,39.0546875
1786397275.019687,61.7283935546875,0.0,39.0546875
1786397275.0357404,61.7283935546875,62.4,39.0546875
1786397275.0525882,61.7283935546875,0.0,39.0546875
1786397275.0682821,61.7283935546875,63.8,39.0546875
1786397275.084132,61.7283935546875,0.0,39.0546875
1786397275.104475,61.7283935546875,48.9,39.0546875
1786397275.1231544,61.7283935546875,107.4,39.0546875
1786397275.1376717,61.7283935546875,68.7,39.0546875
1786397275.1538358,61.7283935546875,61.9,39.0546875
1786397275.1719317,61.7283935546875,55.4,39.0546875
1786397275.1847942,61.7283935546875,77.8,39.0546875
1786397275.201864,61.7283935546875,58.6,39.0546875
1786397275.2180214,61.7283935546875,61.9,39.0546875
1786397275.2347581,61.7283935546875,59.7,39.0546875
1786397275.2498243,61.7283935546875,0.0,39.0546875
1786397275.2689974,61.7283935546875,52.2,39.0546875
1786397275.2816234,61.7283935546875,79.1,39.0546875
1786397275.3014643,61.7283935546875,50.0,39.0546875
1786397275.3177593,61.7283935546875,123.9,39.0546875
1786397275.327303,61.7283935546875,0.0,39.0546875
1786397275.345797,62.5,54.1,39.0546875
1786397275.3630211,62.5,58.0,39.0546875
1786397275.3751385,62.5,82.9,39.05859375
1786397275.3929913,62.5,0.0,39.05859375
1786397275.4099662,62.5,58.7,39.05859375
1786397275.4253225,62.5,65.3,39.05859375
1786397275.4439416,62.5,53.6,39.05859375
1786397275.4591014,62.5,66.2,39.05859375
1786397275.4753177,62.5,61.6,39.05859375
1786397275.4880714,62.5,0.0,39.0625
1786397275.5103254,61.349693298339844,44.8,39.0625
1786397275.5216959,61.349693298339844,88.5,39.0625
1786397275.5387864,61.349693298339844,58.3,39.0625
1786397275.554876,61.349693298339844,0.0,39.0625
1786397275.5695384,61.349693298339844,69.1,39.0625
1786397275.5886424,61.349693298339844,51.9,39.0625
1786397275.606118,61.349693298339844,0.0,39.0625
1786397275.6216896,61.349693298339844,63.8,39.0625
1786397275.6371534,61.349693298339844,64.5,39.0625
1786397275.6566815,61.349693298339844,51.5,39.0625
1786397275.677639,61.7283935546875,95.6,39.0625
1786397275.6920927,61.7283935546875,69.3,39.0625
1786397275.7041986,61.7283935546875,82.7,39.0625
1786397275.718826,61.7283935546875,68.4,39.0625
1786397275.7340672,61.7283935546875,65.8,39.0625
1786397275.7501757,61.7283935546875,0.0,39.0625
1786397275.7671065,61.7283935546875,59.0,39.0625
1786397275.7811298,61.7283935546875,0.0,39.0625
1786397275.7982552,61.7283935546875,58.1,39.0625
1786397275.8145907,61.7283935546875,61.6,39.0625
1786397275.8330204,61.349693298339844,0.0,39.0625
1786397275.850589,61.349693298339844,114.1,39.0625
1786397275.8687599,61.349693298339844,55.0,39.0625
1786397275.8818133,61.349693298339844,76.6,39.06640625
1786397275.9010262,61.349693298339844,103.6,39.06640625
1786397275.9177155,61.349693298339844,0.0,39.06640625
1786397275.9287324,61.349693298339844,90.7,39.06640625
1786397275.9468408,61.349693298339844,55.2,39.06640625
1786397275.9598749,61.349693298339844,0.0,39.06640625
1786397275.9796495,61.349693298339844,50.5,39.06640625
1786397275.9940004,61.7283935546875,69.6,39.06640625
1786397276.012091,61.7283935546875,55.2,39.06640625
1786397276.0271063,61.7283935546875,66.8,39.06640625
1786397276.0422122,61.7283935546875,66.1,39.06640625
1786397276.061513,61.7283935546875,51.7,39.06640625
1786397276.0768359,61.7283935546875,0.0,39.06640625
1786397276.093768,61.7283935546875,59.0,39.06640625
1786397276.1082218,61.7283935546875,69.2,39.06640625
1786397276.1234899,61.7283935546875,0.0,39.06640625
1786397276.1399076,61.7283935546875,0.0,39.06640625
1786397276.1565168,61.349693298339844,60.3,39.06640625
1786397276.1729076,61.349693298339844,60.4,39.06640625
1786397276.1867673,61.349693298339844,0.0,39.06640625
1786397276.2032652,61.349693298339844,60.5,39.06640625
1786397276.220012,61.349693298339844,0.0,39.06640625
1786397276.2365735,61.349693298339844,60.3,39.06640625
1786397276.2520144,61.349693298339844,0.0,39.06640625
1786397276.2686224,61.349693298339844,60.8,39.06640625
1786397276.2855365,61.349693298339844,59.1,39.06640625
1786397276.3013325,61.349693298339844,0.0,39.0703125
1786397276.3182592,61.7283935546875,59.3,39.0703125
1786397276.3341362,61.7283935546875,0.0,39.0703125
1786397276.3505254,61.7283935546875,61.0,39.0703125
1786397276.3678172,61.7283935546875,57.7,39.0703125
1786397276.384622,61.7283935546875,0.0,39.0703125
1786397276.3993948,61.7283935546875,67.6,39.07421875
1786397276.416742,61.7283935546875,114.5,39.07421875
1786397276.4358494,61.7283935546875,52.5,39.07421875
1786397276.4521086,61.7283935546875,61.5,39.07421875
1786397276.4665754,61.7283935546875,68.9,39.07421875
1786397276.4794095,62.11180114746094,78.4,39.07421875
1786397276.4945664,62.11180114746094,0.0,39.07421875
1786397276.5101085,62.11180114746094,64.7,39.07421875
1786397276.5279922,62.11180114746094,0.0,39.07421875
1786397276.550085,62.11180114746094,89.9,39.07421875
1786397276.5654058,62.11180114746094,61.3,39.07421875
1786397276.5840325,62.11180114746094,56.8,39.07421875
1786397276.5956821,62.11180114746094,86.7,39.07421875
1786397276.6109982,62.11180114746094,65.3,39.07421875
1786397276.626448,62.11180114746094,64.7,39.07421875
1786397276.6463852,62.11180114746094,50.0,39.07421875
1786397276.6618876,62.11180114746094,64.6,39.07421875
1786397276.6767397,62.11180114746094,67.4,39.07421875
1786397276.6907198,62.11180114746094,71.7,39.07421875
1786397276.7045555,62.11180114746094,0.0,39.07421875
1786397276.724706,62.11180114746094,99.4,39.07421875
1786397276.740782,62.11180114746094,62.0,39.07421875
1786397276.755292,62.11180114746094,68.3,39.07421875
1786397276.7712138,62.11180114746094,0.0,39.07421875
1786397276.7872322,62.11180114746094,62.4,39.07421875
1786397276.8087802,61.349693298339844,92.8,39.07421875
1786397276.82394,61.349693298339844,65.9,39.07421875
1786397276.8426464,61.349693298339844,53.5,39.07421875
1786397276.8570592,61.349693298339844,137.5,39.07421875
1786397276.8740404,61.349693298339844,59.4,39.07421875
1786397276.8838272,61.349693298339844,102.6,39.07421875
1786397276.9015918,61.349693298339844,55.6,39.07421875
1786397276.9187438,61.349693298339844,0.0,39.078125
1786397276.9345472,61.349693298339844,63.4,39.078125
1786397276.9469242,61.349693298339844,159.2,39.078125
1786397276.9655023,62.5,0.0,39.078125
1786397276.9800913,62.5,67.6,39.078125
1786397276.9946182,62.5,69.9,39.078125
1786397277.0118477,62.5,0.0,39.078125
1786397277.0279331,62.5,61.6,39.078125
1786397277.0470054,62.5,52.8,39.078125
1786397277.0630462,62.5,62.1,39.078125
1786397277.0817654,62.5,53.7,39.078125
1786397277.0991807,62.5,57.4,39.078125
1786397277.1175084,62.5,54.1,39.078125
1786397277.128448,61.349693298339844,92.7,39.08203125
1786397277.145074,61.349693298339844,60.3,39.08203125
1786397277.1599333,61.349693298339844,0.0,39.08203125
1786397277.1778445,61.349693298339844,55.7,39.08203125
1786397277.1926575,61.349693298339844,67.5,39.08203125
1786397277.2115715,61.349693298339844,53.0,39.08203125
1786397277.2286856,61.349693298339844,116.5,39.08203125
1786397277.2457628,61.349693298339844,58.6,39.08203125
1786397277.2558653,61.349693298339844,98.9,39.08203125
1786397277.2749248,61.349693298339844,52.5,39.08203125
1786397277.289949,61.7283935546875,66.5,39.08203125
1786397277.3094265,61.7283935546875,0.0,39.08203125
1786397277.327141,61.7283935546875,113.3,39.08203125
1786397277.3406613,61.7283935546875,0.0,39.08203125
1786397277.3546908,61.7283935546875,71.4,39.08203125
1786397277.3728771,61.7283935546875,55.0,39.08203125
1786397277.3876615,61.7283935546875,66.9,39.08203125
1786397277.404371,61.7283935546875,0.0,39.08203125
1786397277.420964,61.7283935546875,60.6,39.08203125
1786397277.43677,61.7283935546875,63.0,39.0859375
1786397277.4519346,60.60606002807617,66.4,39.0859375
1786397277.4715893,60.60606002807617,50.7,39.0859375
1786397277.4867537,60.60606002807617,0.0,39.0859375
1786397277.5053225,60.60606002807617,107.7,39.0859375
1786397277.5231402,60.60606002807617,55.6,39.0859375
1786397277.542259,60.60606002807617,105.1,39.0859375
1786397277.5541942,60.60606002807617,84.2,39.0859375
1786397277.570151,60.60606002807617,62.5,39.0859375
1786397277.5840063,60.60606002807617,72.5,39.0859375
1786397277.6014779,60.60606002807617,57.3,39.0859375
1786397277.6162243,61.7283935546875,67.8,39.0859375
1786397277.6328125,61.7283935546875,0.0,39.0859375
1786397277.6485822,61.7283935546875,63.3,39.0859375
1786397277.662893,61.7283935546875,0.0,39.0859375
1786397277.680467,61.7283935546875,56.6,39.0859375
1786397277.6953232,61.7283935546875,0.0,39.0859375
1786397277.7107964,61.7283935546875,64.7,39.0859375
1786397277.7276127,61.7283935546875,59.6,39.0859375
1786397277.742465,61.7283935546875,0.0,39.0859375
1786397277.7681296,61.7283935546875,38.1,39.0859375
1786397277.7843218,61.7283935546875,64.0,39.0859375
1786397277.7987876,61.7283935546875,138.3,39.0859375
1786397277.81206,61.7283935546875,75.0,39.0859375
1786397277.825619,61.7283935546875,148.6,39.0859375
1786397277.841932,61.7283935546875,0.0,39.0859375
1786397277.8556416,61.7283935546875,72.3,39.0859375
1786397277.8756583,61.7283935546875,50.3,39.0859375
1786397277.8879943,61.7283935546875,0.0,39.0859375
1786397277.9075046,61.7283935546875,51.3,39.0859375
1786397277.920691,61.7283935546875,75.8,39.0859375
1786397277.941827,62.11180114746094,47.2,39.0859375
1786397277.9588096,62.11180114746094,59.1,39.09375
1786397277.9723215,62.11180114746094,73.9,39.09375
1786397277.9888453,62.11180114746094,59.3,39.09375
1786397278.0124419,62.11180114746094,42.1,39.09375
1786397278.0266201,62.11180114746094,146.3,39.09375
1786397278.0383627,62.11180114746094,0.0,39.09375
1786397278.0520146,62.11180114746094,73.5,39.09375
1786397278.0687168,62.11180114746094,60.0,39.09375
1786397278.0859709,62.11180114746094,0.0,39.09375
1786397278.104576,61.349693298339844,53.6,39.09375
1786397278.1208265,61.349693298339844,61.6,39.09375
1786397278.1352735,61.349693298339844,69.4,39.09375
1786397278.1504936,61.349693298339844,65.6,39.09375
1786397278.1694953,61.349693298339844,0.0,39.09375
1786397278.184671,61.349693298339844,65.9,39.09375
1786397278.2031162,61.349693298339844,53.6,39.09375
1786397278.2157195,61.349693298339844,80.8,39.09375
1786397278.231773,61.349693298339844,62.3,39.09375
1786397278.2473593,61.349693298339844,64.2,39.09375
1786397278.2614152,62.11180114746094,0.0,39.09375
1786397278.2788055,62.11180114746094,57.5,39.09375
1786397278.2952702,62.11180114746094,60.7,39.09375
1786397278.3126178,62.11180114746094,57.7,39.09375
1786397278.3348901,62.11180114746094,44.3,39.09375
1786397278.3487272,62.11180114746094,73.5,39.09375
1786397278.3691,62.11180114746094,48.8,39.09375
1786397278.3813848,62.11180114746094,82.9,39.09375
1786397278.396743,62.11180114746094,129.9,39.09375
1786397278.4140937,62.11180114746094,57.7,39.09375
1786397278.4255803,60.60606002807617,87.3,39.09375
1786397278.4450777,60.60606002807617,51.3,39.09375
1786397278.459092,60.60606002807617,0.0,39.09375
1786397278.4837325,60.60606002807617,80.9,39.09765625
1786397278.4959028,60.60606002807617,82.2,39.09765625
1786397278.5077627,60.60606002807617,0.0,39.09765625
1786397278.5235758,60.60606002807617,62.9,39.09765625
1786397278.540979,60.60606002807617,0.0,39.09765625
1786397278.5593808,60.60606002807617,54.4,39.09765625
1786397278.5744612,60.60606002807617,66.3,39.09765625
1786397278.5916986,61.349693298339844,58.0,39.09765625
1786397278.611714,61.349693298339844,49.8,39.09765625
1786397278.6298163,61.349693298339844,55.2,39.09765625
1786397278.6436129,61.349693298339844,72.9,39.09765625
1786397278.6575892,61.349693298339844,71.6,39.09765625
1786397278.674547,61.349693298339844,59.0,39.09765625
1786397278.6902251,61.349693298339844,63.8,39.09765625
1786397278.7096648,61.349693298339844,51.3,39.09765625
1786397278.7252665,61.349693298339844,64.2,39.09765625
1786397278.7485163,61.349693298339844,127.5,39.09765625
1786397278.763841,59.88024139404297,66.3,39.09765625
1786397278.7774749,59.88024139404297,73.5,39.09765625
1786397278.7881556,59.88024139404297,0.0,39.09765625
1786397278.805344,59.88024139404297,57.9,39.1015625
1786397278.8205268,59.88024139404297,66.1,39.1015625
1786397278.8380978,59.88024139404297,0.0,39.1015625
1786397278.8524568,59.88024139404297,69.7,39.1015625
1786397278.8709822,59.88024139404297,53.7,39.1015625
1786397278.8875148,59.88024139404297,0.0,39.1015625
1786397278.9024837,59.88024139404297,66.4,39.1015625
1786397278.9211295,61.7283935546875,53.8,39.1015625
1786397278.9345016,61.7283935546875,0.0,39.1015625
1786397278.9500089,61.7283935546875,64.6,39.1015625
1786397278.9667077,61.7283935546875,0.0,39.1015625
1786397278.9823828,61.7283935546875,63.7,39.1015625
1786397278.9988756,61.7283935546875,0.0,39.10546875
1786397279.015373,61.7283935546875,60.7,39.10546875
1786397279.032855,61.7283935546875,57.0,39.10546875
1786397279.05482,61.7283935546875,45.4,39.10546875
1786397279.065943,61.7283935546875,90.8,39.10546875
1786397279.079117,62.11180114746094,0.0,39.10546875
1786397279.0984857,62.11180114746094,51.6,39.10546875
1786397279.1195822,62.11180114746094,47.4,39.10546875
1786397279.1307821,62.11180114746094,87.8,39.10546875
1786397279.1557837,62.11180114746094,80.5,39.10546875
1786397279.1748993,62.11180114746094,104.8,39.10546875
1786397279.1880612,62.11180114746094,76.0,39.10546875
1786397279.20147,62.11180114746094,74.6,39.10546875
1786397279.2164884,62.11180114746094,66.5,39.10546875
1786397279.2317567,62.11180114746094,65.6,39.10546875
1786397279.2451417,60.60606002807617,74.0,39.10546875
1786397279.2615316,60.60606002807617,61.5,39.10546875
1786397279.2776048,60.60606002807617,62.3,39.10546875
1786397279.2943113,60.60606002807617,0.0,39.10546875
1786397279.3089685,60.60606002807617,69.0,39.10546875
1786397279.3300347,60.60606002807617,47.4,39.10546875
1786397279.346027,60.60606002807617,62.5,39.10546875
1786397279.363719,60.60606002807617,56.5,39.10546875
1786397279.3826218,60.60606002807617,105.9,39.10546875
1786397279.398148,60.60606002807617,63.7,39.10546875
1786397279.4094276,62.11180114746094,90.2,39.10546875
1786397279.421623,62.11180114746094,0.0,39.10546875
1786397279.441668,62.11180114746094,49.7,39.10546875
1786397279.4571362,62.11180114746094,64.1,39.10546875
1786397279.469229,62.11180114746094,0.0,39.10546875
1786397279.485854,62.11180114746094,60.1,39.10546875
1786397279.5020366,62.11180114746094,0.0,39.10546875
1786397279.5207772,62.11180114746094,53.4,39.109375
1786397279.5402434,62.11180114746094,102.7,39.109375
1786397279.5566406,62.11180114746094,60.8,39.109375
1786397279.5747526,62.11180114746094,55.3,39.109375
1786397279.5903282,62.11180114746094,64.2,39.109375
1786397279.6042106,62.11180114746094,71.9,39.109375
1786397279.6218395,62.11180114746094,113.4,39.11328125
1786397279.6382105,62.11180114746094,61.2,39.11328125
1786397279.6509473,62.11180114746094,0.0,39.11328125
1786397279.666662,62.11180114746094,63.6,39.11328125
1786397279.6869304,62.11180114746094,49.3,39.11328125
1786397279.7062423,62.11180114746094,103.5,39.11328125
1786397279.728654,62.11180114746094,89.1,39.11328125
1786397279.744999,59.52381134033203,61.2,39.11328125
1786397279.7552023,59.52381134033203,95.2,39.11328125
1786397279.7739108,59.52381134033203,54.4,39.11328125
1786397279.7858205,59.52381134033203,84.0,39.11328125
1786397279.8023689,59.52381134033203,60.4,39.11328125
1786397279.8187728,59.52381134033203,0.0,39.11328125
1786397279.8330343,59.52381134033203,70.3,39.11328125
1786397279.8499491,59.52381134033203,59.0,39.11328125
1786397279.8657696,59.52381134033203,0.0,39.11328125
1786397279.8807113,59.52381134033203,67.2,39.11328125
1786397279.8973715,61.349693298339844,0.0,39.11328125
1786397279.9129913,61.349693298339844,64.4,39.11328125
1786397279.9298017,61.349693298339844,0.0,39.11328125
1786397279.947712,61.349693298339844,55.0,39.11328125
1786397279.970248,61.349693298339844,89.7,39.11328125
1786397279.9835713,61.349693298339844,75.2,39.11328125
1786397280.0014844,61.349693298339844,111.4,39.11328125
1786397280.0143526,61.349693298339844,77.8,39.11328125
1786397280.0296624,61.349693298339844,65.0,39.1171875
1786397280.0463388,61.349693298339844,0.0,39.1171875
1786397280.0613666,61.349693298339844,66.6,39.1171875
1786397280.0806227,61.349693298339844,52.0,39.1171875
1786397280.0933738,61.349693298339844,0.0,39.1171875
1786397280.1101863,61.349693298339844,59.5,39.1171875
1786397280.1278121,61.349693298339844,56.6,39.1171875
1786397280.1430519,61.349693298339844,0.0,39.1171875
1786397280.158267,61.349693298339844,65.8,39.1171875
1786397280.175673,61.349693298339844,0.0,39.1171875
1786397280.1911402,61.349693298339844,64.7,39.1171875
1786397280.2075534,61.349693298339844,60.7,39.1171875
1786397280.2262204,61.7283935546875,53.6,39.1171875
1786397280.2404888,61.7283935546875,0.0,39.1171875
1786397280.2566955,61.7283935546875,61.8,39.1171875
1786397280.2742476,61.7283935546875,56.8,39.1171875
1786397280.291092,61.7283935546875,59.5,39.1171875
1786397280.3104968,61.7283935546875,51.4,39.1171875
1786397280.3261285,61.7283935546875,64.2,39.1171875
1786397280.3450277,61.7283935546875,52.0,39.1171875
1786397280.3614423,61.7283935546875,124.0,39.1171875
1786397280.3735378,61.7283935546875,82.7,39.1171875
1786397280.3913782,61.7283935546875,56.2,39.1171875
1786397280.4029372,61.7283935546875,86.1,39.1171875
1786397280.418988,61.7283935546875,0.0,39.1171875
1786397280.4371374,61.7283935546875,55.1,39.1171875
1786397280.452785,61.7283935546875,64.6,39.12109375
1786397280.4690833,61.7283935546875,61.4,39.12109375
1786397280.4861248,61.7283935546875,58.6,39.12109375
1786397280.5057535,61.7283935546875,100.8,39.12109375
1786397280.5197628,61.7283935546875,72.3,39.12109375
1786397280.5353892,61.7283935546875,64.1,39.12109375
1786397280.5491033,61.7283935546875,72.9,39.125
1786397280.5684738,61.7283935546875,51.6,39.125
1786397280.5784173,61.7283935546875,0.0,39.125
1786397280.595384,61.7283935546875,58.9,39.125
1786397280.6101973,61.7283935546875,0.0,39.125
1786397280.6289713,61.7283935546875,53.2,39.125
1786397280.6441872,61.7283935546875,65.9,39.125
1786397280.6612647,61.7283935546875,58.5,39.125
1786397280.675904,61.7283935546875,68.4,39.125
1786397280.6953316,61.7283935546875,51.5,39.125
1786397280.7174475,62.5,44.8,39.125
1786397280.7313063,62.5,145.6,39.125
1786397280.7444274,62.5,76.6,39.125
1786397280.759242,62.5,67.4,39.125
1786397280.7770994,62.5,55.8,39.125
1786397280.7936568,62.5,60.6,39.125
1786397280.8120716,62.5,54.3,39.125
1786397280.8245616,62.5,80.2,39.125
1786397280.8418598,62.5,57.7,39.125
1786397280.8581223,62.5,61.4,39.125
1786397280.8767207,60.240966796875,53.9,39.125
1786397280.896704,60.240966796875,49.9,39.125
1786397280.9191601,60.240966796875,88.3,39.125
1786397280.9337761,60.240966796875,139.0,39.125
1786397280.9472692,60.240966796875,73.1,39.125
1786397280.9606073,60.240966796875,0.0,39.125
1786397280.9756193,60.240966796875,66.6,39.125
1786397280.9904387,60.240966796875,67.4,39.125
1786397281.0093875,60.240966796875,52.8,39.125
1786397281.0255902,60.240966796875,61.7,39.125
1786397281.0405085,60.240966796875,66.9,39.125
1786397281.0550115,60.240966796875,69.0,39.125
1786397281.079239,60.240966796875,41.1,39.12890625
1786397281.0999289,60.240966796875,95.2,39.12890625
1786397281.1136174,60.240966796875,74.3,39.12890625
1786397281.1260908,60.240966796875,81.2,39.12890625
1786397281.1406221,60.240966796875,68.9,39.12890625
1786397281.1547697,60.240966796875,0.0,39.12890625
1786397281.1695936,60.240966796875,0.0,39.12890625
1786397281.187573,60.240966796875,55.6,39.12890625
1786397281.2030876,60.60606002807617,0.0,39.12890625
1786397281.2193964,60.60606002807617,61.3,39.12890625
1786397281.235615,60.60606002807617,0.0,39.12890625
1786397281.252507,60.60606002807617,59.2,39.12890625
1786397281.2697847,60.60606002807617,0.0,39.12890625
1786397281.2875834,60.60606002807617,56.2,39.1328125
1786397281.303673,60.60606002807617,0.0,39.1328125
1786397281.3186305,60.60606002807617,67.2,39.1328125
1786397281.3351188,60.60606002807617,60.6,39.1328125
1786397281.352829,60.60606002807617,0.0,39.1328125
1786397281.3668377,60.975608825683594,71.3,39.1328125
1786397281.3837998,60.975608825683594,59.1,39.1328125
1786397281.4021816,60.975608825683594,54.2,39.1328125
1786397281.4176207,60.975608825683594,65.0,39.1328125
1786397281.434175,60.975608825683594,60.4,39.1328125
1786397281.4533598,60.975608825683594,52.0,39.1328125
1786397281.4731112,60.975608825683594,0.0,39.1328125
1786397281.4854481,60.975608825683594,84.2,39.1328125
1786397281.502677,60.975608825683594,116.0,39.1328125
1786397281.5160325,60.975608825683594,0.0,39.1328125
1786397281.529803,61.7283935546875,71.7,39.1328125
1786397281.5473485,61.7283935546875,57.0,39.1328125
1786397281.5664291,61.7283935546875,52.7,39.1328125
1786397281.577153,61.7283935546875,0.0,39.1328125
1786397281.5967522,61.7283935546875,51.1,39.13671875
1786397281.6105256,61.7283935546875,73.6,39.13671875
1786397281.6281877,61.7283935546875,0.0,39.13671875
1786397281.6516387,61.7283935546875,85.4,39.13671875
1786397281.6685016,61.7283935546875,59.2,39.13671875
1786397281.6849582,61.7283935546875,182.4,39.13671875
1786397281.6987224,61.7283935546875,72.7,39.13671875
1786397281.7089317,61.7283935546875,0.0,39.13671875
1786397281.724094,61.7283935546875,65.7,39.13671875
1786397281.740596,61.7283935546875,60.8,39.13671875
1786397281.7570066,61.7283935546875,0.0,39.13671875
1786397281.7732947,61.7283935546875,61.4,39.13671875
1786397281.788768,61.7283935546875,0.0,39.13671875
1786397281.8045373,61.7283935546875,63.3,39.13671875
1786397281.8214839,61.7283935546875,0.0,39.13671875
1786397281.8411534,61.7283935546875,50.5,39.13671875
1786397281.8569927,60.975608825683594,0.0,39.13671875
1786397281.872118,60.975608825683594,66.0,39.13671875
1786397281.8885083,60.975608825683594,122.2,39.13671875
1786397281.9045696,60.975608825683594,0.0,39.13671875
1786397281.920623,60.975608825683594,62.4,39.13671875
1786397281.938039,60.975608825683594,57.2,39.13671875
1786397281.9553034,60.975608825683594,0.0,39.13671875
1786397281.9722,60.975608825683594,58.7,39.13671875
1786397281.986109,60.975608825683594,73.0,39.13671875
1786397282.003512,60.975608825683594,0.0,39.13671875
1786397282.022344,61.7283935546875,105.2,39.13671875
1786397282.0354688,61.7283935546875,0.0,39.13671875
1786397282.0528095,61.7283935546875,57.4,39.13671875
1786397282.0715435,61.7283935546875,53.5,39.13671875
1786397282.0837526,61.7283935546875,0.0,39.13671875
1786397282.1006258,61.7283935546875,59.2,39.13671875
1786397282.1163125,61.7283935546875,0.0,39.140625
1786397282.133422,61.7283935546875,58.5,39.14453125
1786397282.1547637,61.7283935546875,46.8,39.14453125
1786397282.1678216,61.7283935546875,76.7,39.14453125
1786397282.1840904,61.349693298339844,61.6,39.14453125
1786397282.2022107,61.349693298339844,55.1,39.14453125
1786397282.215406,61.349693298339844,75.9,39.14453125
1786397282.232645,61.349693298339844,0.0,39.14453125
1786397282.246284,61.349693298339844,73.2,39.14453125
1786397282.26261,61.349693298339844,0.0,39.14453125
1786397282.2783613,61.349693298339844,63.4,39.14453125
1786397282.2964594,61.349693298339844,55.1,39.14453125
1786397282.3136466,61.349693298339844,58.4,39.14453125
1786397282.334966,61.349693298339844,47.0,39.14453125
1786397282.3479211,62.11180114746094,77.3,39.14453125
1786397282.3587325,62.11180114746094,92.9,39.14453125
1786397282.3754709,62.11180114746094,59.7,39.14453125
1786397282.3903997,62.11180114746094,0.0,39.14453125
1786397282.4097872,62.11180114746094,102.6,39.14453125
1786397282.4231105,62.11180114746094,75.5,39.14453125
1786397282.4399576,62.11180114746094,0.0,39.14453125
1786397282.4567597,62.11180114746094,59.6,39.14453125
1786397282.4729526,62.11180114746094,61.7,39.14453125
1786397282.4898758,62.11180114746094,0.0,39.14453125
1786397282.5071912,62.11180114746094,57.7,39.14453125
1786397282.522554,62.11180114746094,65.1,39.14453125
1786397282.5401554,62.11180114746094,56.7,39.14453125
1786397282.5565717,62.11180114746094,61.1,39.14453125
1786397282.573523,62.11180114746094,117.6,39.14453125
1786397282.5918603,62.11180114746094,54.7,39.14453125
1786397282.6085172,62.11180114746094,59.9,39.14453125
1786397282.6176436,62.11180114746094,109.9,39.14453125
1786397282.6371353,62.11180114746094,50.8,39.1484375
1786397282.649765,62.11180114746094,80.5,39.1484375
1786397282.6627748,62.11180114746094,76.9,39.1484375
1786397282.6787028,62.11180114746094,0.0,39.1796875
1786397282.6953027,62.11180114746094,60.2,39.1796875
1786397282.7137096,62.11180114746094,0.0,39.1796875
1786397282.727964,62.11180114746094,69.9,39.1796875
1786397282.7448027,62.11180114746094,0.0,39.1796875
1786397282.7606773,62.11180114746094,63.1,39.1796875
1786397282.7777803,62.11180114746094,0.0,39.1796875
1786397282.7964363,62.11180114746094,52.9,39.1796875
1786397282.8105023,62.11180114746094,72.6,39.1796875
1786397282.8262472,60.975608825683594,0.0,39.1796875
1786397282.8428903,60.975608825683594,60.0,39.1796875
1786397282.8586652,60.975608825683594,0.0,39.1796875
1786397282.8749256,60.975608825683594,61.6,39.1796875
1786397282.8932102,60.975608825683594,0.0,39.1796875
1786397282.9111195,60.975608825683594,55.8,39.1796875
1786397282.928024,60.975608825683594,59.0,39.1796875
1786397282.9419544,60.975608825683594,72.1,39.18359375
1786397282.959384,60.975608825683594,57.4,39.18359375
1786397282.9774175,60.975608825683594,55.1,39.18359375
1786397282.9928288,62.11180114746094,65.4,39.18359375
1786397283.0072317,62.11180114746094,0.0,39.18359375
1786397283.0248573,62.11180114746094,56.7,39.18359375
1786397283.0412412,62.11180114746094,122.0,39.18359375
1786397283.0567667,62.11180114746094,64.3,39.18359375
1786397283.0758195,62.11180114746094,52.6,39.18359375
1786397283.0859456,62.11180114746094,98.3,39.18359375
1786397283.1069467,62.11180114746094,47.6,39.18359375
1786397283.1240535,62.11180114746094,58.6,39.18359375
1786397283.140158,62.11180114746094,62.0,39.18359375
1786397283.1510055,62.11180114746094,92.5,39.1875
1786397283.1675384,62.11180114746094,0.0,39.1875
1786397283.182292,62.11180114746094,68.4,39.1875
1786397283.2015986,62.11180114746094,51.8,39.1875
1786397283.2187407,62.11180114746094,58.2,39.1875
1786397283.2340746,62.11180114746094,0.0,39.1875
1786397283.2521327,62.11180114746094,55.3,39.1875
1786397283.2705202,62.11180114746094,108.5,39.1875
1786397283.2837908,62.11180114746094,75.8,39.1875
1786397283.2994056,62.11180114746094,64.0,39.1875
1786397283.3158703,61.7283935546875,60.7,39.1875
1786397283.3341198,61.7283935546875,54.7,39.1875
1786397283.3480375,61.7283935546875,71.7,39.1875
1786397283.360589,61.7283935546875,80.0,39.1875
1786397283.3764665,61.7283935546875,0.0,39.1875
1786397283.3954844,61.7283935546875,52.6,39.1875
1786397283.4090302,61.7283935546875,73.9,39.1875
1786397283.425847,61.7283935546875,59.4,39.1875
1786397283.4422855,61.7283935546875,0.0,39.1875
1786397283.4582417,61.7283935546875,62.7,39.1875
1786397283.4739127,62.5,63.8,39.1875
1786397283.4918075,62.5,55.8,39.1875
1786397283.5094607,62.5,0.0,39.1875
1786397283.527201,62.5,112.7,39.1875
1786397283.548829,62.5,92.6,39.1875
1786397283.5610864,62.5,80.7,39.1875
1786397283.577676,62.5,60.9,39.1875
1786397283.5926201,62.5,66.9,39.1875
1786397283.6066055,62.5,71.3,39.1875
1786397283.62445,62.5,56.1,39.1875
1786397283.641674,60.240966796875,58.1,39.1875
1786397283.6588287,60.240966796875,116.6,39.1875
1786397283.6721983,60.240966796875,0.0,39.19140625
1786397283.6865425,60.240966796875,70.0,39.19140625
1786397283.7020967,60.240966796875,0.0,39.19140625
1786397283.7179954,60.240966796875,62.9,39.19140625
1786397283.7369483,60.240966796875,52.7,39.19140625
1786397283.753413,60.240966796875,60.8,39.19140625
1786397283.7670515,60.240966796875,0.0,39.1953125
1786397283.78408,60.240966796875,58.7,39.1953125
1786397283.798801,62.11180114746094,0.0,39.1953125
1786397283.8143308,62.11180114746094,128.7,39.1953125
1786397283.8358815,62.11180114746094,46.5,39.1953125
1786397283.8480916,62.11180114746094,81.8,39.1953125
1786397283.8658895,62.11180114746094,55.7,39.1953125
1786397283.8827739,62.11180114746094,59.7,39.1953125
1786397283.8965964,62.11180114746094,0.0,39.1953125
1786397283.914037,62.11180114746094,57.5,39.1953125
1786397283.9300408,62.11180114746094,62.5,39.1953125
1786397283.9450727,62.11180114746094,66.6,39.1953125
1786397283.9618313,62.5,58.8,39.1953125
1786397283.9772968,62.5,65.5,39.1953125
1786397283.9977784,62.5,48.6,39.1953125
1786397284.008697,62.5,93.3,39.1953125
1786397284.0239465,62.5,0.0,39.1953125
1786397284.0418825,62.5,55.8,39.1953125
1786397284.0579536,62.5,62.2,39.1953125
1786397284.071407,62.5,0.0,39.1953125
1786397284.0896518,62.5,54.7,39.1953125
1786397284.107977,62.5,54.5,39.1953125
1786397284.12496,61.7283935546875,58.8,39.1953125
1786397284.1434214,61.7283935546875,54.1,39.1953125
1786397284.156797,61.7283935546875,74.6,39.1953125
1786397284.174284,61.7283935546875,57.4,39.19921875
1786397284.187247,61.7283935546875,77.2,39.19921875
1786397284.2058413,61.7283935546875,53.9,39.19921875
1786397284.2181475,61.7283935546875,81.0,39.19921875
1786397284.2366834,61.7283935546875,0.0,39.19921875
1786397284.2492938,61.7283935546875,79.2,39.19921875
1786397284.2696116,61.7283935546875,49.3,39.19921875
1786397284.285485,62.11180114746094,62.9,39.19921875
1786397284.3015234,62.11180114746094,62.4,39.19921875
1786397284.3173203,62.11180114746094,63.3,39.19921875
1786397284.339231,62.11180114746094,91.1,39.19921875
1786397284.3516412,62.11180114746094,80.9,39.19921875
1786397284.3688688,62.11180114746094,57.9,39.19921875
1786397284.37917,62.11180114746094,0.0,39.19921875
1786397284.3961363,62.11180114746094,58.9,39.19921875
1786397284.4171019,62.11180114746094,95.5,39.19921875
1786397284.4364488,62.11180114746094,51.5,39.19921875
1786397284.4516041,61.7283935546875,132.3,39.19921875
1786397284.4646952,61.7283935546875,76.4,39.19921875
1786397284.4810414,61.7283935546875,0.0,39.19921875
1786397284.499083,61.7283935546875,110.9,39.19921875
1786397284.5126054,61.7283935546875,73.6,39.19921875
1786397284.5262716,61.7283935546875,0.0,39.19921875
1786397284.5425103,61.7283935546875,61.1,39.19921875
1786397284.557931,61.7283935546875,0.0,39.19921875
1786397284.5753822,61.7283935546875,57.3,39.19921875
1786397284.592354,61.7283935546875,58.8,39.203125
1786397284.6103637,61.349693298339844,55.6,39.203125
1786397284.6255243,61.349693298339844,65.7,39.203125
1786397284.6431956,61.349693298339844,56.7,39.203125
1786397284.6604652,61.349693298339844,58.0,39.203125
1786397284.6783235,61.349693298339844,55.3,39.203125
1786397284.6920722,61.349693298339844,74.1,39.20703125
1786397284.7159033,61.349693298339844,82.6,39.20703125
1786397284.7315683,61.349693298339844,130.3,39.20703125
1786397284.745761,61.349693298339844,70.5,39.20703125
1786397284.7554185,61.349693298339844,102.6,39.20703125
1786397284.7743576,60.60606002807617,53.1,39.20703125
1786397284.7867846,60.60606002807617,0.0,39.20703125
1786397284.8073258,60.60606002807617,48.7,39.20703125
1786397284.8252926,60.60606002807617,110.8,39.20703125
1786397284.8488717,60.60606002807617,42.5,39.20703125
1786397284.8626106,60.60606002807617,146.0,39.20703125
1786397284.8752997,60.60606002807617,78.9,39.20703125
1786397284.8909802,60.60606002807617,63.8,39.20703125
1786397284.9076064,60.60606002807617,0.0,39.20703125
1786397284.9212654,60.60606002807617,73.4,39.20703125
1786397284.9359217,60.60606002807617,68.0,39.20703125
1786397284.9530363,60.60606002807617,0.0,39.20703125
1786397284.97417,60.60606002807617,48.0,39.20703125
1786397284.9912357,60.60606002807617,58.3,39.20703125
1786397285.0100708,60.60606002807617,106.6,39.20703125
1786397285.0260267,60.60606002807617,62.6,39.20703125
1786397285.03963,60.60606002807617,73.6,39.20703125
1786397285.0508459,60.60606002807617,89.5,39.20703125
1786397285.0709794,60.60606002807617,49.6,39.20703125
1786397285.0843964,60.60606002807617,74.7,39.20703125
1786397285.102128,61.7283935546875,56.2,39.20703125
1786397285.116867,61.7283935546875,0.0,39.20703125
1786397285.1310837,61.7283935546875,70.2,39.20703125
1786397285.1482732,61.7283935546875,58.2,39.20703125
1786397285.1656294,61.7283935546875,0.0,39.20703125
1786397285.1817,61.7283935546875,62.3,39.20703125
1786397285.1980963,61.7283935546875,60.9,39.20703125
1786397285.2146463,61.7283935546875,60.5,39.2109375
1786397285.2307556,61.7283935546875,61.1,39.2109375
1786397285.246247,61.7283935546875,65.4,39.2109375
1786397285.2654843,61.349693298339844,52.0,39.2109375
1786397285.2792633,61.349693298339844,0.0,39.2109375
1786397285.2949197,61.349693298339844,63.8,39.2109375
1786397285.3095365,61.349693298339844,0.0,39.2109375
1786397285.327203,61.349693298339844,0.0,39.2109375
1786397285.3418727,61.349693298339844,68.2,39.2109375
1786397285.3584576,61.349693298339844,60.3,39.2109375
1786397285.3745503,61.349693298339844,0.0,39.2109375
1786397285.390504,61.349693298339844,62.6,39.2109375
1786397285.4075913,61.349693298339844,0.0,39.2109375
1786397285.423906,62.11180114746094,61.3,39.2109375
1786397285.4401703,62.11180114746094,0.0,39.21484375
1786397285.4619386,62.11180114746094,91.7,39.21484375
1786397285.4810624,62.11180114746094,52.4,39.21484375
1786397285.488156,62.11180114746094,141.3,39.21484375
1786397285.5038383,62.11180114746094,0.0,39.21484375
1786397285.5190651,62.11180114746094,65.8,39.21484375
1786397285.536271,62.11180114746094,58.1,39.21484375
1786397285.5536208,62.11180114746094,0.0,39.21484375
1786397285.5754988,62.11180114746094,91.5,39.21484375
1786397285.5863686,61.7283935546875,0.0,39.21484375
1786397285.6109078,61.7283935546875,81.4,39.21484375
1786397285.6189606,61.7283935546875,123.9,39.21484375
1786397285.6410513,61.7283935546875,45.3,39.21484375
1786397285.6530602,61.7283935546875,160.2,39.21484375
1786397285.6722095,61.7283935546875,53.5,39.21484375
1786397285.6850028,61.7283935546875,78.2,39.21484375
1786397285.699601,61.7283935546875,68.7,39.21484375
1786397285.7150767,61.7283935546875,0.0,39.21484375
1786397285.735976,61.7283935546875,47.5,39.21875
1786397285.7476494,61.7283935546875,86.9,39.21875
1786397285.7673898,61.7283935546875,50.5,39.21875
1786397285.784166,61.7283935546875,59.6,39.21875
1786397285.8018692,61.7283935546875,109.8,39.21875
1786397285.8169966,61.7283935546875,68.6,39.21875
1786397285.8320632,61.7283935546875,66.2,39.21875
1786397285.8450878,61.7283935546875,76.6,39.21875
1786397285.8581202,61.7283935546875,0.0,39.21875
1786397285.8772604,61.7283935546875,52.2,39.21875
1786397285.8903968,61.7283935546875,76.5,39.21875
1786397285.9092596,62.5,0.0,39.21875
1786397285.922535,62.5,75.5,39.21875
1786397285.9395382,62.5,58.8,39.21875
1786397285.9554453,62.5,0.0,39.21875
1786397285.9752035,62.5,50.4,39.21875
1786397285.988119,62.5,74.9,39.21875
1786397286.012571,62.5,118.8,39.21875
1786397286.0289006,62.5,129.1,39.21875
1786397286.0468497,62.5,57.0,39.21875
1786397286.0566766,62.5,101.7,39.21875
1786397286.0748043,61.349693298339844,55.2,39.21875
1786397286.0876324,61.349693298339844,77.7,39.21875
1786397286.107789,61.349693298339844,49.7,39.21875
1786397286.1243625,61.349693298339844,60.4,39.21875
1786397286.1356027,61.349693298339844,88.9,39.21875
1786397286.1532972,61.349693298339844,0.0,39.21875
1786397286.1736755,61.349693298339844,49.0,39.21875
1786397286.1902983,61.349693298339844,120.5,39.21875
1786397286.2079854,61.349693298339844,113.1,39.21875
1786397286.220472,61.349693298339844,80.1,39.21875
1786397286.2379692,62.11180114746094,57.0,39.21875
1786397286.2533913,62.11180114746094,65.1,39.2265625
1786397286.2703564,62.11180114746094,118.0,39.2265625
1786397286.2806215,62.11180114746094,0.0,39.2265625
1786397286.2962441,62.11180114746094,65.4,39.2265625
1786397286.3126638,62.11180114746094,0.0,39.2265625
1786397286.3270838,62.11180114746094,69.5,39.2265625
1786397286.345852,62.11180114746094,53.3,39.2265625
1786397286.3592286,62.11180114746094,0.0,39.2265625
1786397286.3754115,62.11180114746094,61.8,39.2265625
1786397286.3962872,62.11180114746094,47.7,39.2265625
1786397286.416542,62.11180114746094,49.4,39.2265625
1786397286.4274812,62.11180114746094,91.1,39.2265625
1786397286.444522,62.11180114746094,59.0,39.2265625
1786397286.4601495,62.11180114746094,64.0,39.2265625
1786397286.4758844,62.11180114746094,63.4,39.2265625
1786397286.4882953,62.11180114746094,0.0,39.2265625
1786397286.508109,62.11180114746094,50.5,39.2265625
1786397286.521888,62.11180114746094,72.5,39.2265625
1786397286.543966,62.11180114746094,45.2,39.2265625
1786397286.5565007,61.7283935546875,79.8,39.2265625
1786397286.5764809,61.7283935546875,50.2,39.2265625
1786397286.5870578,61.7283935546875,94.0,39.2265625
1786397286.6085553,61.7283935546875,93.0,39.2265625
1786397286.625888,61.7283935546875,57.7,39.2265625
1786397286.641571,61.7283935546875,127.6,39.2265625
1786397286.653067,61.7283935546875,0.0,39.2265625
1786397286.6716132,61.7283935546875,54.0,39.2265625
1786397286.6830232,61.7283935546875,87.9,39.2265625
1786397286.7016819,61.7283935546875,53.5,39.2265625
1786397286.7144246,62.11180114746094,0.0,39.2265625
1786397286.7333508,62.11180114746094,52.6,39.2265625
1786397286.748697,62.11180114746094,65.4,39.2265625
1786397286.7639062,62.11180114746094,0.0,39.23046875
1786397286.7785635,62.11180114746094,68.4,39.23046875
1786397286.7974536,62.11180114746094,0.0,39.23046875
1786397286.8158984,62.11180114746094,108.7,39.23046875
1786397286.8317294,62.11180114746094,0.0,39.23046875
1786397286.8489785,62.11180114746094,57.9,39.23046875
1786397286.8682928,62.11180114746094,51.8,39.23046875
1786397286.8843079,60.975608825683594,125.3,39.23046875
1786397286.8999324,60.975608825683594,63.9,39.23046875
1786397286.9118443,60.975608825683594,83.8,39.23046875
1786397286.925479,60.975608825683594,73.5,39.23046875
1786397286.9419458,60.975608825683594,0.0,39.23046875
1786397286.9611356,60.975608825683594,51.9,39.23046875
1786397286.981155,60.975608825683594,50.1,39.23046875
1786397286.995113,60.975608825683594,0.0,39.23046875
1786397287.0166144,60.975608825683594,92.8,39.23046875
1786397287.0260618,60.975608825683594,0.0,39.23046875
1786397287.0438979,62.11180114746094,56.3,39.23046875
1786397287.058287,62.11180114746094,69.6,39.23046875
1786397287.0734572,62.11180114746094,65.9,39.234375
1786397287.0898435,62.11180114746094,61.1,39.234375
1786397287.1088939,62.11180114746094,52.4,39.234375
1786397287.1206856,62.11180114746094,0.0,39.234375
1786397287.139193,62.11180114746094,54.1,39.234375
1786397287.1518886,62.11180114746094,78.8,39.234375
1786397287.174422,62.11180114746094,44.3,39.234375
1786397287.1894605,62.11180114746094,66.2,39.234375
1786397287.210489,61.7283935546875,95.4,39.234375
1786397287.2190592,61.7283935546875,117.2,39.234375
1786397287.2394607,61.7283935546875,48.9,39.234375
1786397287.2508674,61.7283935546875,0.0,39.234375
1786397287.2720442,61.7283935546875,47.2,39.234375
1786397287.2855926,61.7283935546875,73.7,39.23828125
1786397287.3009214,61.7283935546875,64.9,39.23828125
1786397287.3160958,61.7283935546875,66.3,39.23828125
1786397287.332232,61.7283935546875,0.0,39.23828125
1786397287.3496077,61.7283935546875,57.3,39.23828125
1786397287.3729012,61.7283935546875,42.9,39.23828125
1786397287.3886323,61.7283935546875,127.3,39.23828125
1786397287.4083135,61.7283935546875,50.8,39.23828125
1786397287.4208412,61.7283935546875,160.4,39.23828125
1786397287.436609,61.7283935546875,63.1,39.23828125
1786397287.4479728,61.7283935546875,88.5,39.23828125
1786397287.467077,61.7283935546875,52.1,39.23828125
1786397287.481768,61.7283935546875,0.0,39.23828125
1786397287.500475,61.7283935546875,53.3,39.23828125
1786397287.5141912,61.7283935546875,73.1,39.23828125
1786397287.5320137,60.60606002807617,56.1,39.23828125
1786397287.5467207,60.60606002807617,0.0,39.23828125
1786397287.5672073,60.60606002807617,48.7,39.23828125
1786397287.5889025,60.60606002807617,89.9,39.23828125
1786397287.6059155,60.60606002807617,60.8,39.23828125
1786397287.6168501,60.60606002807617,91.6,39.23828125
1786397287.6294315,60.60606002807617,79.2,39.23828125
1786397287.6459994,60.60606002807617,60.4,39.23828125
1786397287.6621628,60.60606002807617,0.0,39.23828125
1786397287.6771078,60.60606002807617,133.6,39.23828125
1786397287.693256,61.349693298339844,0.0,39.23828125
1786397287.7128887,61.349693298339844,50.9,39.23828125
1786397287.725379,61.349693298339844,80.2,39.23828125
1786397287.746477,61.349693298339844,47.4,39.23828125
1786397287.7595227,61.349693298339844,76.6,39.23828125
1786397287.7754695,61.349693298339844,62.7,39.23828125
1786397287.7920425,61.349693298339844,60.4,39.23828125
1786397287.807641,61.349693298339844,64.0,39.2421875
1786397287.8228123,61.349693298339844,65.9,39.2421875
1786397287.8397458,61.349693298339844,0.0,39.2421875
1786397287.8537824,61.349693298339844,71.4,39.2421875
1786397287.8710763,61.349693298339844,57.3,39.2421875
1786397287.8853998,61.349693298339844,0.0,39.2421875
1786397287.9055243,61.349693298339844,49.4,39.24609375
1786397287.9180844,61.349693298339844,0.0,39.24609375
1786397287.9429805,61.349693298339844,78.5,39.24609375
1786397287.9609578,61.349693298339844,114.6,39.24609375
1786397287.9756794,61.349693298339844,68.2,39.24609375
1786397287.9895327,61.349693298339844,70.7,39.24609375
1786397288.0089524,61.349693298339844,104.3,39.24609375
1786397288.018653,62.11180114746094,102.9,39.24609375
1786397288.0354218,62.11180114746094,0.0,39.24609375
1786397288.051637,62.11180114746094,61.7,39.24609375
1786397288.0667846,62.11180114746094,65.9,39.24609375
1786397288.0849283,62.11180114746094,55.3,39.24609375
1786397288.1012495,62.11180114746094,0.0,39.24609375
1786397288.115771,62.11180114746094,69.1,39.24609375
1786397288.1322389,62.11180114746094,0.0,39.24609375
1786397288.147826,62.11180114746094,62.0,39.24609375
1786397288.1642787,62.11180114746094,62.7,39.24609375
1786397288.1812134,61.7283935546875,59.1,39.24609375
1786397288.194827,61.7283935546875,0.0,39.24609375
1786397288.215479,61.7283935546875,48.5,39.24609375
1786397288.2268696,61.7283935546875,87.9,39.24609375
1786397288.2447774,61.7283935546875,0.0,39.24609375
1786397288.2595646,61.7283935546875,67.6,39.24609375
1786397288.2758996,61.7283935546875,61.2,39.24609375
1786397288.2923315,61.7283935546875,0.0,39.24609375
1786397288.3137178,61.7283935546875,46.7,39.25
1786397288.3284616,61.7283935546875,67.8,39.25
1786397288.3468447,61.7283935546875,108.7,39.25
1786397288.3600535,61.7283935546875,76.0,39.25
1786397288.3783743,61.7283935546875,54.5,39.25
1786397288.3922331,61.7283935546875,71.6,39.25
1786397288.4120307,61.7283935546875,50.8,39.25
1786397288.4230907,61.7283935546875,0.0,39.25
1786397288.442706,61.7283935546875,51.1,39.25
1786397288.4548903,61.7283935546875,81.3,39.25
1786397288.4745252,61.7283935546875,51.2,39.25
1786397288.4923449,61.7283935546875,56.2,39.25
1786397288.5095062,61.7283935546875,116.3,39.25
1786397288.5209875,61.7283935546875,0.0,39.25
1786397288.539012,61.7283935546875,55.3,39.25
1786397288.558111,61.7283935546875,104.7,39.25
1786397288.5760543,61.7283935546875,111.2,39.25
1786397288.5926898,61.7283935546875,60.3,39.25
1786397288.6103687,61.7283935546875,111.3,39.25
1786397288.616399,61.7283935546875,0.0,39.25
1786397288.635071,61.7283935546875,53.3,39.25
1786397288.6480687,61.7283935546875,77.6,39.25
1786397288.6644316,61.349693298339844,0.0,39.25
1786397288.6810336,61.349693298339844,120.8,39.25
1786397288.7029135,61.349693298339844,45.5,39.25
1786397288.7166882,61.349693298339844,73.0,39.25
1786397288.732182,61.349693298339844,0.0,39.25
1786397288.7495532,61.349693298339844,115.1,39.25390625
1786397288.7653272,61.349693298339844,0.0,39.25390625
1786397288.7799346,61.349693298339844,68.6,39.25390625
1786397288.795498,61.349693298339844,64.3,39.25390625
1786397288.8132315,61.349693298339844,56.4,39.25390625
1786397288.8277156,61.7283935546875,0.0,39.2578125
1786397288.8497767,61.7283935546875,90.6,39.2578125
1786397288.863099,61.7283935546875,71.8,39.2578125
1786397288.8825424,61.7283935546875,53.2,39.2578125
1786397288.8963563,61.7283935546875,72.3,39.2578125
1786397288.912362,61.7283935546875,62.6,39.2578125
1786397288.9319324,61.7283935546875,51.0,39.2578125
1786397288.9450784,61.7283935546875,149.4,39.2578125
1786397288.9600806,61.7283935546875,67.8,39.2578125
1786397288.9749203,61.7283935546875,67.4,39.2578125
1786397288.9920497,61.349693298339844,0.0,39.2578125
1786397289.0066187,61.349693298339844,68.7,39.2578125
1786397289.0249324,61.349693298339844,54.6,39.2578125
1786397289.0404265,61.349693298339844,0.0,39.2578125
1786397289.0564082,61.349693298339844,0.0,39.2578125
1786397289.073458,61.349693298339844,116.9,39.2578125
1786397289.092885,61.349693298339844,0.0,39.2578125
1786397289.1119766,61.349693298339844,104.6,39.2578125
1786397289.1308355,61.349693298339844,52.8,39.2578125
1786397289.1439438,61.349693298339844,154.1,39.2578125
1786397289.1570008,60.975608825683594,0.0,39.2578125
1786397289.1805158,60.975608825683594,84.9,39.2578125
1786397289.192152,60.975608825683594,172.4,39.2578125
1786397289.2101111,60.975608825683594,55.1,39.2578125
1786397289.2254279,60.975608825683594,65.9,39.2578125
1786397289.2433424,60.975608825683594,55.8,39.2578125
1786397289.2562168,60.975608825683594,77.8,39.2578125
1786397289.273202,60.975608825683594,58.4,39.2578125
1786397289.2860508,60.975608825683594,78.7,39.2578125
1786397289.3083935,60.975608825683594,44.8,39.2578125
1786397289.3169675,61.349693298339844,0.0,39.2578125
1786397289.3391285,61.349693298339844,45.0,39.2578125
1786397289.356558,61.349693298339844,115.2,39.26171875
1786397289.366772,61.349693298339844,0.0,39.26171875
1786397289.38191,61.349693298339844,66.9,39.26171875
1786397289.3991082,61.349693298339844,0.0,39.26171875
1786397289.414319,61.349693298339844,65.8,39.26171875
1786397289.4312685,61.349693298339844,58.5,39.26171875
1786397289.4471328,61.349693298339844,0.0,39.26171875
1786397289.4627156,61.349693298339844,64.2,39.26171875
1786397289.4792984,62.11180114746094,0.0,39.26171875
1786397289.4961307,62.11180114746094,59.5,39.26171875
1786397289.5173783,62.11180114746094,47.0,39.26171875
1786397289.528403,62.11180114746094,90.1,39.26171875
1786397289.5433674,62.11180114746094,67.2,39.26171875
1786397289.5595036,62.11180114746094,0.0,39.265625
1786397289.5779164,62.11180114746094,54.2,39.265625
1786397289.5900016,62.11180114746094,83.0,39.265625
1786397289.6081216,62.11180114746094,55.2,39.265625
1786397289.624228,62.11180114746094,0.0,39.265625
1786397289.6441262,62.11180114746094,50.2,39.265625
1786397289.658376,62.11180114746094,70.2,39.265625
1786397289.677605,62.11180114746094,52.0,39.265625
1786397289.6905556,62.11180114746094,77.6,39.265625
1786397289.7167137,62.11180114746094,76.3,39.265625
1786397289.7298977,62.11180114746094,75.9,39.265625
1786397289.746621,62.11180114746094,119.8,39.265625
1786397289.7612598,62.11180114746094,68.2,39.265625
1786397289.7766876,62.11180114746094,65.0,39.265625
1786397289.7914987,62.11180114746094,67.5,39.265625
1786397289.8090045,60.240966796875,0.0,39.265625
1786397289.8242455,60.240966796875,65.6,39.265625
1786397289.8415475,60.240966796875,57.8,39.265625
1786397289.85831,60.240966796875,59.5,39.265625
1786397289.8742309,60.240966796875,62.8,39.26953125
1786397289.885909,60.240966796875,85.6,39.26953125
1786397289.9112952,60.240966796875,78.8,39.26953125
1786397289.9215584,60.240966796875,95.9,39.26953125
1786397289.9419096,60.240966796875,49.6,39.26953125
1786397289.9571905,60.240966796875,65.3,39.26953125
1786397289.9690323,61.7283935546875,84.5,39.26953125
1786397289.984719,61.7283935546875,0.0,39.26953125
1786397290.0014658,61.7283935546875,59.5,39.26953125
1786397290.0163233,61.7283935546875,67.6,39.26953125
1786397290.0325778,61.7283935546875,61.2,39.26953125
1786397290.0464702,61.7283935546875,72.4,39.26953125
1786397290.0621367,61.7283935546875,0.0,39.26953125
1786397290.0803316,61.7283935546875,54.9,39.26953125
1786397290.0988123,61.7283935546875,0.0,39.26953125
1786397290.11714,61.7283935546875,54.4,39.26953125
1786397290.1309314,61.7283935546875,72.9,39.26953125
1786397290.1463213,61.7283935546875,0.0,39.26953125
1786397290.161438,61.7283935546875,66.1,39.26953125
1786397290.1781192,61.7283935546875,60.1,39.26953125
1786397290.1937387,61.7283935546875,0.0,39.26953125
1786397290.210089,61.7283935546875,61.2,39.2734375
1786397290.22624,61.7283935546875,0.0,39.2734375
1786397290.243196,61.7283935546875,58.9,39.2734375
1786397290.259098,61.7283935546875,0.0,39.2734375
1786397290.2785535,61.7283935546875,51.1,39.2734375
1786397290.2969615,61.349693298339844,54.6,39.2734375
1786397290.3139021,61.349693298339844,59.0,39.2734375
1786397290.3269494,61.349693298339844,76.8,39.2734375
1786397290.343132,61.349693298339844,61.3,39.2734375
1786397290.3588731,61.349693298339844,0.0,39.2734375
1786397290.3757017,61.349693298339844,118.8,39.2734375
1786397290.3907347,61.349693298339844,0.0,39.28125
1786397290.4072576,61.349693298339844,60.5,39.28125
1786397290.4231362,61.349693298339844,0.0,39.28125
1786397290.445596,61.349693298339844,44.5,39.28125
1786397290.4591393,60.60606002807617,73.8,39.28125
1786397290.4781244,60.60606002807617,0.0,39.28125
1786397290.491145,60.60606002807617,76.9,39.28125
1786397290.5087569,60.60606002807617,56.7,39.28125
1786397290.5254166,60.60606002807617,60.1,39.28125
1786397290.5406249,60.60606002807617,0.0,39.28125
1786397290.5542696,60.60606002807617,73.1,39.28125
1786397290.5701332,60.60606002807617,0.0,39.28125
1786397290.5870695,60.60606002807617,118.0,39.28125
1786397290.6063244,60.60606002807617,0.0,39.28125
1786397290.6201727,61.7283935546875,72.3,39.28125
1786397290.6362374,61.7283935546875,0.0,39.28125
1786397290.658389,61.7283935546875,90.2,39.28125
1786397290.6740491,61.7283935546875,63.8,39.28125
1786397290.6874678,61.7283935546875,0.0,39.28125
1786397290.704361,61.7283935546875,59.5,39.28125
1786397290.7199903,61.7283935546875,128.0,39.28125
1786397290.7367256,61.7283935546875,59.5,39.28125
1786397290.7486439,61.7283935546875,0.0,39.28125
1786397290.765076,61.7283935546875,60.4,39.28125
1786397290.7813573,61.349693298339844,0.0,39.28125
1786397290.7991066,61.349693298339844,56.2,39.28125
1786397290.8140733,61.349693298339844,67.0,39.28125
1786397290.8398516,61.349693298339844,38.3,39.28125
1786397290.8618941,61.349693298339844,91.8,39.28125
1786397290.8756256,61.349693298339844,144.3,39.28125
1786397290.8878748,61.349693298339844,81.2,39.28125
1786397290.9036813,61.349693298339844,0.0,39.28125
1786397290.9193149,61.349693298339844,64.2,39.28515625
1786397290.9362257,61.349693298339844,59.1,39.28515625
1786397290.9511633,59.88024139404297,67.2,39.28515625
1786397290.973046,59.88024139404297,44.6,39.28515625
1786397290.9947734,59.88024139404297,93.5,39.28515625
1786397291.012628,59.88024139404297,55.9,39.28515625
1786397291.0262887,59.88024139404297,149.4,39.28515625
1786397291.0401595,59.88024139404297,70.2,39.28515625
1786397291.0570602,59.88024139404297,60.5,39.28515625
1786397291.078624,59.88024139404297,46.2,39.28515625
1786397291.0931082,59.88024139404297,136.9,39.28515625
1786397291.1086128,59.88024139404297,130.3,39.28515625
1786397291.1236718,59.88024139404297,66.4,39.28515625
1786397291.1359704,59.88024139404297,81.3,39.28515625
1786397291.1484869,59.88024139404297,0.0,39.28515625
1786397291.1655545,59.88024139404297,58.6,39.28515625
1786397291.1825595,59.88024139404297,59.5,39.28515625
1786397291.200229,59.88024139404297,56.2,39.28515625
1786397291.2227345,59.88024139404297,44.0,39.28515625
1786397291.2364767,59.88024139404297,74.5,39.2890625
1786397291.2518065,59.88024139404297,130.7,39.2890625
1786397291.2696111,59.88024139404297,56.1,39.2890625
1786397291.2801304,61.349693298339844,95.4,39.2890625
1786397291.2965972,61.349693298339844,60.7,39.2890625
1786397291.311625,61.349693298339844,0.0,39.2890625
1786397291.328741,61.349693298339844,58.3,39.2890625
1786397291.3506136,61.349693298339844,45.8,39.296875
1786397291.361611,61.349693298339844,0.0,39.296875
1786397291.3813486,61.349693298339844,51.3,39.296875
1786397291.3964355,61.349693298339844,66.2,39.296875
1786397291.409877,61.349693298339844,74.3,39.296875
1786397291.4267242,61.349693298339844,0.0,39.30078125
1786397291.445023,61.7283935546875,54.6,39.30078125
1786397291.4620874,61.7283935546875,58.5,39.30078125
1786397291.4824944,61.7283935546875,98.2,39.30078125
1786397291.4951978,61.7283935546875,0.0,39.30078125
1786397291.5104885,61.7283935546875,65.2,39.30078125
1786397291.5228615,61.7283935546875,81.3,39.30078125
1786397291.5446131,61.7283935546875,45.9,39.30078125
1786397291.5604014,61.7283935546875,63.4,39.30078125
1786397291.5814168,61.7283935546875,94.5,39.30078125
1786397291.5933216,61.7283935546875,84.5,39.30078125
1786397291.6128762,61.349693298339844,102.3,39.30078125
1786397291.622171,61.349693298339844,108.4,39.30078125
1786397291.6415386,61.349693298339844,51.6,39.30078125
1786397291.6566358,61.349693298339844,66.3,39.30078125
1786397291.6728806,61.349693298339844,61.5,39.30078125
1786397291.686891,61.349693298339844,0.0,39.30078125
1786397291.7056792,61.349693298339844,53.2,39.30078125
1786397291.7199976,61.349693298339844,70.0,39.30078125
1786397291.743681,61.349693298339844,42.0,39.30078125
1786397291.7625685,61.349693298339844,106.4,39.30078125
1786397291.77583,60.60606002807617,75.5,39.30078125
1786397291.7910926,60.60606002807617,65.6,39.30078125
1786397291.8058238,60.60606002807617,68.0,39.30078125
1786397291.8197553,60.60606002807617,71.4,39.30078125
1786397291.8378158,60.60606002807617,55.4,39.30078125
1786397291.855212,60.60606002807617,57.0,39.30078125
1786397291.8701003,60.60606002807617,67.8,39.30078125
1786397291.8869052,60.60606002807617,59.6,39.30078125
1786397291.9048615,60.60606002807617,55.7,39.30078125
1786397291.9232044,60.60606002807617,54.3,39.30078125
1786397291.936765,60.60606002807617,72.7,39.30078125
1786397291.9501216,60.60606002807617,0.0,39.3046875
1786397291.9674108,60.60606002807617,57.4,39.3046875
1786397291.9824882,60.60606002807617,66.9,39.3046875
1786397291.998468,60.60606002807617,0.0,39.3046875
1786397292.0142925,60.60606002807617,63.3,39.3046875
1786397292.0444546,60.60606002807617,66.2,39.3046875
1786397292.0624337,60.60606002807617,111.4,39.3046875
1786397292.0779018,60.60606002807617,64.7,39.3046875
1786397292.0899422,60.60606002807617,82.4,39.30859375
1786397292.1063025,60.240966796875,60.6,39.30859375
1786397292.1199906,60.240966796875,74.5,39.30859375
1786397292.13546,60.240966796875,64.7,39.30859375
1786397292.1497395,60.240966796875,70.0,39.30859375
1786397292.166458,60.240966796875,0.0,39.30859375
1786397292.1812644,60.240966796875,67.9,39.30859375
1786397292.1975183,60.240966796875,0.0,39.30859375
1786397292.2180169,60.240966796875,48.8,39.30859375
1786397292.2370696,60.240966796875,52.5,39.30859375
1786397292.2480972,60.240966796875,90.8,39.30859375
1786397292.278665,61.349693298339844,65.1,39.30859375
1786397292.2953265,61.349693298339844,119.4,39.30859375
1786397292.3078096,61.349693298339844,81.4,39.30859375
1786397292.3197985,61.349693298339844,83.3,39.30859375
1786397292.34174,61.349693298339844,45.5,39.30859375
1786397292.3557048,61.349693298339844,72.0,39.30859375
1786397292.3654547,61.349693298339844,102.1,39.30859375
1786397292.3850644,61.349693298339844,51.1,39.30859375
1786397292.4041572,61.349693298339844,52.1,39.30859375
1786397292.4174228,61.349693298339844,75.9,39.30859375
1786397292.4353654,60.240966796875,55.5,39.30859375
1786397292.45004,60.240966796875,68.5,39.30859375
1786397292.4733694,60.240966796875,85.4,39.30859375
1786397292.4857666,60.240966796875,81.0,39.3125
1786397292.497656,60.240966796875,83.9,39.3125
1786397292.5115685,60.240966796875,0.0,39.3125
1786397292.5272622,60.240966796875,63.7,39.3125
1786397292.543177,60.240966796875,0.0,39.3125
1786397292.5600443,60.240966796875,59.4,39.3125
1786397292.57738,60.240966796875,57.5,39.3125
1786397292.5941434,61.349693298339844,59.7,39.3125
1786397292.6156995,61.349693298339844,46.4,39.3125
1786397292.635991,61.349693298339844,96.2,39.3125
1786397292.6475823,61.349693298339844,90.1,39.3125
1786397292.6630216,61.349693298339844,0.0,39.3125
1786397292.6860588,61.349693298339844,86.5,39.3125
1786397292.700111,61.349693298339844,70.7,39.3125
1786397292.7123115,61.349693298339844,83.2,39.3125
1786397292.7294579,61.349693298339844,0.0,39.3125
1786397292.7449062,61.349693298339844,64.8,39.3125
1786397292.7614636,59.52381134033203,60.4,39.3125
1786397292.779597,59.52381134033203,55.2,39.3125
1786397292.7939634,59.52381134033203,69.4,39.3125
1786397292.8122616,59.52381134033203,54.8,39.3125
1786397292.8247085,59.52381134033203,0.0,39.3125
1786397292.8498352,59.52381134033203,79.3,39.3125
1786397292.8634217,59.52381134033203,148.0,39.3125
1786397292.8758974,59.52381134033203,80.2,39.3125
1786397292.8903222,59.52381134033203,0.0,39.3125
1786397292.9059808,59.52381134033203,63.8,39.31640625
1786397292.9236472,61.7283935546875,56.7,39.31640625
1786397292.941953,61.7283935546875,54.7,39.31640625
1786397292.9556196,61.7283935546875,0.0,39.31640625
1786397292.9739435,61.7283935546875,54.2,39.31640625
1786397292.985594,61.7283935546875,86.6,39.31640625
1786397293.0084987,61.7283935546875,43.7,39.3203125
1786397293.0254323,61.7283935546875,58.9,39.3203125
1786397293.04262,61.7283935546875,116.4,39.3203125
1786397293.058403,61.7283935546875,63.4,39.3203125
1786397293.0736182,61.7283935546875,64.9,39.3203125
1786397293.086827,62.5,76.9,39.3203125
1786397293.1063163,62.5,101.9,39.3203125
1786397293.1181822,62.5,85.2,39.3203125
1786397293.130461,62.5,0.0,39.3203125
1786397293.1478233,62.5,57.5,39.3203125
1786397293.1645415,62.5,0.0,39.3203125
1786397293.1802695,62.5,63.6,39.3203125
1786397293.2015722,62.5,46.7,39.3203125
1786397293.2154064,62.5,72.9,39.3203125
1786397293.2407365,62.5,77.9,39.3203125
1786397293.2567096,60.60606002807617,64.0,39.3203125
1786397293.267348,60.60606002807617,89.7,39.3203125
1786397293.2853794,60.60606002807617,113.8,39.3203125
1786397293.2992744,60.60606002807617,72.0,39.3203125
1786397293.3131542,60.60606002807617,0.0,39.3203125
1786397293.3310914,60.60606002807617,56.6,39.3203125
1786397293.3470109,60.60606002807617,62.7,39.3203125
1786397293.3673613,60.60606002807617,49.1,39.3203125
1786397293.3823302,60.60606002807617,67.1,39.3203125
1786397293.3955185,60.60606002807617,75.8,39.3203125
1786397293.4188602,61.349693298339844,85.5,39.3203125
1786397293.4382713,61.349693298339844,51.4,39.3203125
1786397293.4500308,61.349693298339844,85.4,39.3203125
1786397293.461749,61.349693298339844,85.2,39.3203125
1786397293.4803205,61.349693298339844,0.0,39.3203125
1786397293.4950676,61.349693298339844,68.2,39.3203125
1786397293.5098479,61.349693298339844,67.7,39.3203125
1786397293.5254593,61.349693298339844,0.0,39.32421875
1786397293.542189,61.349693298339844,59.8,39.32421875
1786397293.5596678,61.349693298339844,57.1,39.32421875
1786397293.5810556,61.349693298339844,46.7,39.32421875
1786397293.5945694,61.349693298339844,73.9,39.32421875
1786397293.6141858,61.349693298339844,102.0,39.32421875
1786397293.630107,61.349693298339844,125.1,39.32421875
1786397293.646541,61.349693298339844,61.1,39.32421875
1786397293.6606221,61.349693298339844,71.0,39.32421875
1786397293.6755586,61.349693298339844,67.0,39.32421875
1786397293.6889307,61.349693298339844,74.6,39.32421875
1786397293.704208,61.349693298339844,65.2,39.32421875
1786397293.7191179,61.349693298339844,0.0,39.32421875
1786397293.7385895,61.7283935546875,51.3,39.328125
1786397293.7529662,61.7283935546875,69.6,39.328125
1786397293.7711637,61.7283935546875,54.9,39.328125
1786397293.7859266,61.7283935546875,67.8,39.328125
1786397293.8027182,61.7283935546875,0.0,39.328125
1786397293.8156426,61.7283935546875,77.8,39.328125
1786397293.8362005,61.7283935546875,48.4,39.328125
1786397293.8528883,61.7283935546875,60.0,39.328125
1786397293.8716974,61.7283935546875,105.9,39.328125
1786397293.882498,61.7283935546875,93.8,39.328125
1786397293.8964407,61.7283935546875,0.0,39.328125
1786397293.9128907,61.7283935546875,61.0,39.328125
1786397293.930917,61.7283935546875,0.0,39.328125
1786397293.9512336,61.7283935546875,49.2,39.328125
1786397293.9697697,61.7283935546875,53.6,39.328125
1786397293.984099,61.7283935546875,70.6,39.328125
1786397293.9995832,61.7283935546875,64.5,39.328125
1786397294.014126,61.7283935546875,68.9,39.328125
1786397294.0312932,61.7283935546875,0.0,39.328125
1786397294.0480676,61.7283935546875,59.6,39.33203125
1786397294.0633414,60.60606002807617,65.5,39.33203125
1786397294.0895743,60.60606002807617,38.1,39.33203125
1786397294.0966501,60.60606002807617,142.3,39.33203125
1786397294.11257,60.60606002807617,62.6,39.33203125
1786397294.127907,60.60606002807617,0.0,39.33203125
1786397294.1442106,60.60606002807617,61.3,39.33203125
1786397294.1605082,60.60606002807617,61.4,39.33203125
1786397294.1801085,60.60606002807617,0.0,39.33203125
1786397294.1970909,60.60606002807617,117.6,39.33203125
1786397294.2191339,60.60606002807617,45.4,39.33203125
1786397294.2378526,60.975608825683594,104.8,39.33203125
1786397294.2473645,60.975608825683594,109.9,39.33203125
1786397294.2738698,60.975608825683594,75.2,39.33203125
1786397294.2843645,60.975608825683594,96.1,39.33203125
1786397294.2984133,60.975608825683594,70.9,39.33203125
1786397294.3133552,60.975608825683594,0.0,39.33203125
1786397294.3295126,60.975608825683594,61.8,39.33203125
1786397294.3454905,60.975608825683594,62.7,39.33203125
1786397294.3598576,60.975608825683594,0.0,39.33203125
1786397294.3804977,60.975608825683594,48.4,39.33203125
1786397294.391643,60.60606002807617,90.0,39.33203125
1786397294.4196067,60.60606002807617,70.5,39.33203125
1786397294.4324038,60.60606002807617,79.1,39.33203125
1786397294.4482403,60.60606002807617,63.8,39.33203125
1786397294.461322,60.60606002807617,76.9,39.33203125
1786397294.478254,60.60606002807617,59.0,39.33203125
1786397294.4927807,60.60606002807617,0.0,39.33203125
1786397294.5125964,60.60606002807617,50.5,39.33203125
1786397294.5270717,60.60606002807617,69.0,39.33203125
1786397294.5435195,60.60606002807617,60.7,39.33203125
1786397294.5591629,60.240966796875,64.1,39.3359375
1786397294.575362,60.240966796875,0.0,39.33984375
1786397294.5920594,60.240966796875,59.9,39.33984375
1786397294.6109574,60.240966796875,52.9,39.33984375
1786397294.629814,60.240966796875,105.6,39.33984375
1786397294.6482575,60.240966796875,54.3,39.33984375
1786397294.6608753,60.240966796875,79.4,39.33984375
1786397294.6802156,60.240966796875,51.7,39.33984375
1786397294.6909895,60.240966796875,93.1,39.33984375
1786397294.7124505,60.240966796875,46.6,39.33984375
1786397294.7251174,60.60606002807617,78.4,39.33984375
1786397294.7433696,60.60606002807617,54.9,39.33984375
1786397294.7610953,60.60606002807617,111.5,39.33984375
1786397294.7820494,60.60606002807617,96.5,39.33984375
1786397294.794452,60.60606002807617,80.5,39.33984375
1786397294.811717,60.60606002807617,58.0,39.33984375
1786397294.8250768,60.60606002807617,72.8,39.33984375
1786397294.8423986,60.60606002807617,118.0,39.33984375
1786397294.8543928,60.60606002807617,82.4,39.33984375
1786397294.8738203,60.60606002807617,51.9,39.33984375
1786397294.8851595,61.7283935546875,88.0,39.33984375
1786397294.9022973,61.7283935546875,57.7,39.33984375
1786397294.9189956,61.7283935546875,60.5,39.33984375
1786397294.936577,61.7283935546875,56.8,39.33984375
1786397294.948789,61.7283935546875,0.0,39.33984375
1786397294.9646814,61.7283935546875,0.0,39.33984375
1786397294.9828017,61.7283935546875,55.0,39.33984375
1786397295.0002635,61.7283935546875,57.3,39.33984375
1786397295.0193706,61.7283935546875,104.7,39.33984375
1786397295.036959,61.7283935546875,56.8,39.33984375
1786397295.0481863,62.5,89.2,39.33984375
1786397295.0631547,62.5,66.9,39.33984375
1786397295.0787096,62.5,64.3,39.34375
1786397295.0947287,62.5,0.0,39.34375
1786397295.1136947,62.5,52.8,39.34375
1786397295.127323,62.5,73.3,39.34375
1786397295.142994,62.5,0.0,39.34375
1786397295.1597016,62.5,59.9,39.34375
1786397295.1803555,62.5,48.5,39.34375
1786397295.1941109,62.5,72.5,39.34375
1786397295.2162476,60.60606002807617,45.2,39.34375
1786397295.2268872,60.60606002807617,94.0,39.34375
1786397295.252767,60.60606002807617,38.5,39.34375
1786397295.2658656,60.60606002807617,152.9,39.34375
1786397295.2799144,60.60606002807617,71.1,39.34375
1786397295.2939706,60.60606002807617,0.0,39.34375
1786397295.313891,60.60606002807617,100.3,39.34375
1786397295.326652,60.60606002807617,78.5,39.34375
1786397295.3423266,60.60606002807617,63.8,39.34375
1786397295.3586724,60.60606002807617,0.0,39.34375
1786397295.3740015,60.975608825683594,65.3,39.34375
1786397295.3904128,60.975608825683594,0.0,39.34375
1786397295.4085608,60.975608825683594,54.9,39.34375
1786397295.4240735,60.975608825683594,64.7,39.34765625
1786397295.4402983,60.975608825683594,0.0,39.35546875
1786397295.4552445,60.975608825683594,67.0,39.35546875
1786397295.471101,60.975608825683594,63.0,39.35546875
1786397295.4868488,60.975608825683594,0.0,39.35546875
1786397295.504492,60.975608825683594,56.4,39.35546875
1786397295.518514,60.975608825683594,0.0,39.35546875
1786397295.5358717,61.349693298339844,57.5,39.35546875
1786397295.5519855,61.349693298339844,0.0,39.35546875
1786397295.574506,61.349693298339844,44.3,39.35546875
1786397295.584197,61.349693298339844,103.4,39.35546875
1786397295.6061966,61.349693298339844,45.4,39.35546875
1786397295.6224644,61.349693298339844,61.4,39.35546875
1786397295.6426506,61.349693298339844,99.0,39.35546875
1786397295.654579,61.349693298339844,0.0,39.35546875
1786397295.6719458,61.349693298339844,57.4,39.35546875
1786397295.68293,61.349693298339844,92.3,39.35546875
1786397295.7035472,60.975608825683594,46.4,39.35546875
1786397295.717668,60.975608825683594,0.0,39.35546875
1786397295.7374992,60.975608825683594,100.3,39.35546875
1786397295.7494779,60.975608825683594,0.0,39.35546875
1786397295.7636838,60.975608825683594,70.6,39.35546875
1786397295.7785888,60.975608825683594,0.0,39.35546875
1786397295.794572,60.975608825683594,62.6,39.35546875
1786397295.811453,60.975608825683594,0.0,39.35546875
1786397295.8272445,60.975608825683594,63.4,39.35546875
1786397295.8447819,60.975608825683594,0.0,39.35546875
1786397295.8605618,62.11180114746094,63.4,39.359375
1786397295.8767717,62.11180114746094,0.0,39.359375
1786397295.894562,62.11180114746094,112.2,39.359375
1786397295.912413,62.11180114746094,56.1,39.359375
1786397295.9268603,62.11180114746094,69.3,39.359375
1786397295.9453018,62.11180114746094,54.2,39.359375
1786397295.959356,62.11180114746094,0.0,39.359375
1786397295.9780412,62.11180114746094,53.5,39.359375
1786397295.9975395,62.11180114746094,51.1,39.359375
1786397296.0126665,62.11180114746094,131.9,39.359375
1786397296.0279765,60.975608825683594,65.8,39.359375
1786397296.0461845,60.975608825683594,55.0,39.359375
1786397296.0595484,60.975608825683594,0.0,39.359375
1786397296.0748541,60.975608825683594,65.3,39.359375
1786397296.0929515,60.975608825683594,55.2,39.359375
1786397296.1149807,60.975608825683594,45.3,39.359375
1786397296.1347613,60.975608825683594,100.2,39.359375
1786397296.14874,60.975608825683594,145.2,39.359375
1786397296.1624055,60.975608825683594,73.2,39.359375
1786397296.1789138,60.975608825683594,60.6,39.359375
1786397296.1936476,60.60606002807617,67.9,39.359375
1786397296.209597,60.60606002807617,62.7,39.359375
1786397296.2228727,60.60606002807617,0.0,39.359375
1786397296.2395449,60.60606002807617,59.9,39.359375
1786397296.2557058,60.60606002807617,0.0,39.359375
1786397296.27289,60.60606002807617,58.1,39.36328125
1786397296.2900033,60.60606002807617,58.4,39.36328125
1786397296.3082054,60.60606002807617,55.0,39.36328125
1786397296.3217928,60.60606002807617,73.7,39.36328125
1786397296.3420444,60.60606002807617,0.0,39.36328125
1786397296.356234,60.975608825683594,70.5,39.36328125
1786397296.3746533,60.975608825683594,54.3,39.36328125
1786397296.3897147,60.975608825683594,66.5,39.3671875
1786397296.4069061,60.975608825683594,58.1,39.3671875
1786397296.4190576,60.975608825683594,0.0,39.3671875
1786397296.4356987,60.975608825683594,60.1,39.3671875
1786397296.4520152,60.975608825683594,0.0,39.3671875
1786397296.4710972,60.975608825683594,52.3,39.3671875
1786397296.4833665,60.975608825683594,81.6,39.3671875
1786397296.5012963,60.975608825683594,0.0,39.3671875
1786397296.5205417,61.349693298339844,52.1,39.3671875
1786397296.5372608,61.349693298339844,58.8,39.3671875
1786397296.5579476,61.349693298339844,97.9,39.3671875
1786397296.5766847,61.349693298339844,106.9,39.3671875
1786397296.591617,61.349693298339844,66.8,39.3671875
1786397296.6013625,61.349693298339844,103.4,39.3671875
1786397296.6139739,61.349693298339844,0.0,39.3671875
1786397296.6330373,61.349693298339844,52.3,39.3671875
1786397296.646871,61.349693298339844,0.0,39.3671875
1786397296.6639721,61.349693298339844,0.0,39.3671875
1786397296.680379,61.349693298339844,61.1,39.3671875
1786397296.6972554,61.349693298339844,59.2,39.3671875
1786397296.7130663,61.349693298339844,0.0,39.3671875
1786397296.731472,61.349693298339844,54.3,39.3671875
1786397296.7471561,61.349693298339844,63.8,39.3671875
1786397296.7601867,61.349693298339844,0.0,39.3671875
1786397296.7763379,61.349693298339844,124.2,39.3671875
1786397296.7925847,61.349693298339844,0.0,39.3671875
1786397296.808006,61.349693298339844,64.8,39.3671875
1786397296.826721,61.349693298339844,53.4,39.3671875
1786397296.8415296,62.11180114746094,0.0,39.3671875
1786397296.8570924,62.11180114746094,0.0,39.3671875
1786397296.8758988,62.11180114746094,53.0,39.3671875
1786397296.8904085,62.11180114746094,69.0,39.3671875
1786397296.907801,62.11180114746094,57.4,39.37109375
1786397296.9270513,62.11180114746094,52.0,39.37109375
1786397296.9424148,62.11180114746094,65.2,39.37109375
1786397296.955197,62.11180114746094,78.4,39.37109375
1786397296.9780426,62.11180114746094,43.7,39.37109375
1786397296.989923,62.11180114746094,0.0,39.37109375
1786397297.012281,61.7283935546875,89.6,39.37109375
1786397297.0224075,61.7283935546875,98.8,39.37109375
1786397297.0415401,61.7283935546875,52.2,39.37109375
1786397297.0557399,61.7283935546875,70.8,39.37109375
1786397297.0721364,61.7283935546875,0.0,39.37109375
1786397297.0863817,61.7283935546875,139.1,39.37109375
1786397297.1054704,61.7283935546875,0.0,39.375
1786397297.1233,61.7283935546875,56.4,39.375
1786397297.1412735,61.7283935546875,167.6,39.375
1786397297.1517766,61.7283935546875,0.0,39.375
1786397297.1646264,62.11180114746094,77.7,39.375
1786397297.1798756,62.11180114746094,0.0,39.375
1786397297.1980326,62.11180114746094,55.0,39.375
1786397297.2125986,62.11180114746094,0.0,39.375
1786397297.2319398,62.11180114746094,51.6,39.375
1786397297.2481503,62.11180114746094,61.7,39.375
1786397297.2643075,62.11180114746094,61.8,39.375
1786397297.2791805,62.11180114746094,0.0,39.375
1786397297.2970917,62.11180114746094,54.4,39.375
1786397297.3129542,62.11180114746094,65.1,39.375
1786397297.33297,61.349693298339844,49.4,39.375
1786397297.3511353,61.349693298339844,55.8,39.375
1786397297.373554,61.349693298339844,89.0,39.375
1786397297.381863,61.349693298339844,121.2,39.375
1786397297.3949356,61.349693298339844,0.0,39.375
1786397297.410479,61.349693298339844,64.5,39.375
1786397297.432466,61.349693298339844,45.4,39.37890625
1786397297.4452853,61.349693298339844,78.0,39.37890625
1786397297.4596329,61.349693298339844,0.0,39.37890625
1786397297.4757645,61.349693298339844,62.0,39.37890625
1786397297.4946685,60.240966796875,0.0,39.37890625
1786397297.5128505,60.240966796875,54.9,39.37890625
1786397297.5258977,60.240966796875,77.0,39.37890625
1786397297.5438793,60.240966796875,0.0,39.37890625
1786397297.5603123,60.240966796875,61.0,39.37890625
1786397297.5744748,60.240966796875,70.5,39.37890625
1786397297.592497,60.240966796875,0.0,39.37890625
1786397297.6119184,60.240966796875,51.4,39.37890625
1786397297.624699,60.240966796875,78.5,39.37890625
1786397297.6420295,60.240966796875,57.6,39.37890625
1786397297.6575663,61.349693298339844,0.0,39.37890625
1786397297.6755197,61.349693298339844,55.6,39.37890625
1786397297.690401,61.349693298339844,67.3,39.37890625
1786397297.711892,61.349693298339844,46.3,39.37890625
1786397297.7224314,61.349693298339844,95.8,39.37890625
1786397297.741651,61.349693298339844,52.0,39.37890625
1786397297.7545726,61.349693298339844,0.0,39.37890625
1786397297.7730865,61.349693298339844,53.9,39.37890625
1786397297.7904384,61.349693298339844,57.9,39.37890625
1786397297.808875,61.349693298339844,54.1,39.37890625
1786397297.8185682,61.349693298339844,103.2,39.37890625
1786397297.8359196,61.349693298339844,57.5,39.37890625
1786397297.8503556,61.349693298339844,0.0,39.37890625
1786397297.8715518,61.349693298339844,46.6,39.37890625
1786397297.8830671,61.349693298339844,88.4,39.37890625
1786397297.9015908,61.349693298339844,108.0,39.37890625
1786397297.9198024,61.349693298339844,54.9,39.37890625
1786397297.930449,61.349693298339844,0.0,39.38671875
1786397297.9471352,61.349693298339844,59.9,39.38671875
1786397297.9662125,61.349693298339844,52.2,39.38671875
1786397297.9784644,62.5,0.0,39.38671875
1786397297.995113,62.5,60.0,39.38671875
1786397298.0110636,62.5,0.0,39.38671875
1786397298.0263672,62.5,0.0,39.38671875
1786397298.042805,62.5,60.9,39.38671875
1786397298.0582693,62.5,0.0,39.38671875
1786397298.0778608,62.5,51.0,39.38671875
1786397298.0954604,62.5,56.8,39.38671875
1786397298.1128802,62.5,57.5,39.38671875
1786397298.1273868,62.5,68.8,39.38671875
1786397298.1419609,62.11180114746094,68.8,39.38671875
1786397298.156609,62.11180114746094,0.0,39.38671875
1786397298.176324,62.11180114746094,50.7,39.38671875
1786397298.1900373,62.11180114746094,73.1,39.38671875
1786397298.207536,62.11180114746094,57.1,39.38671875
1786397298.2227082,62.11180114746094,0.0,39.38671875
1786397298.2416213,62.11180114746094,52.6,39.38671875
1786397298.2610514,62.11180114746094,102.9,39.38671875
1786397298.281719,62.11180114746094,48.6,39.38671875
1786397298.2947488,62.11180114746094,153.1,39.38671875
1786397298.310482,61.349693298339844,63.1,39.38671875
1786397298.321744,61.349693298339844,88.1,39.38671875
1786397298.336587,61.349693298339844,0.0,39.38671875
1786397298.3515322,61.349693298339844,67.0,39.38671875
1786397298.3690274,61.349693298339844,0.0,39.38671875
1786397298.384066,61.349693298339844,67.6,39.38671875
1786397298.403572,61.349693298339844,50.8,39.38671875
1786397298.41771,61.349693298339844,71.6,39.38671875
1786397298.4333918,61.349693298339844,63.5,39.38671875
1786397298.4514015,61.349693298339844,55.8,39.390625
1786397298.464755,62.11180114746094,0.0,39.390625
1786397298.4837902,62.11180114746094,51.9,39.390625
1786397298.4984608,62.11180114746094,0.0,39.390625
1786397298.5149455,62.11180114746094,60.8,39.390625
1786397298.528494,62.11180114746094,74.0,39.390625
1786397298.5461159,62.11180114746094,0.0,39.390625
1786397298.5634072,62.11180114746094,57.8,39.390625
1786397298.5785828,62.11180114746094,0.0,39.390625
1786397298.5957885,62.11180114746094,58.2,39.390625
1786397298.6123877,62.11180114746094,60.2,39.390625
1786397298.6307595,60.975608825683594,0.0,39.390625
1786397298.6519449,60.975608825683594,94.2,39.390625
1786397298.673642,60.975608825683594,91.5,39.390625
1786397298.6867828,60.975608825683594,76.8,39.390625
1786397298.6981084,60.975608825683594,88.3,39.390625
1786397298.7162662,60.975608825683594,55.3,39.390625
1786397298.7318473,60.975608825683594,64.1,39.390625
1786397298.745603,60.975608825683594,0.0,39.390625
1786397298.7637978,60.975608825683594,54.8,39.390625
1786397298.7873757,60.975608825683594,42.4,39.39453125
1786397298.7985582,60.240966796875,89.2,39.39453125
1786397298.8153164,60.240966796875,59.8,39.39453125
1786397298.8319433,60.240966796875,60.2,39.39453125
1786397298.8456762,60.240966796875,72.8,39.39453125
1786397298.862034,60.240966796875,61.2,39.39453125
1786397298.8765182,60.240966796875,68.9,39.39453125
1786397298.8907287,60.240966796875,0.0,39.39453125
1786397298.9066808,60.240966796875,62.6,39.39453125
1786397298.9221466,60.240966796875,64.8,39.39453125
1786397298.939224,60.240966796875,58.5,39.39453125
1786397298.9555373,62.5,0.0,39.39453125
1786397298.9771545,62.5,45.9,39.3984375
1786397298.987775,62.5,95.7,39.3984375
1786397299.0164297,62.5,69.6,39.3984375
1786397299.0255744,62.5,108.5,39.3984375
1786397299.0429223,62.5,57.9,39.3984375
1786397299.0551054,62.5,0.0,39.3984375
1786397299.0768592,62.5,45.8,39.3984375
1786397299.0918381,62.5,67.0,39.3984375
1786397299.1058354,62.5,71.1,39.3984375
1786397299.1198676,60.240966796875,0.0,39.3984375
1786397299.140995,60.240966796875,47.6,39.3984375
1786397299.1592746,60.240966796875,54.6,39.3984375
1786397299.1792996,60.240966796875,100.0,39.3984375
1786397299.192964,60.240966796875,73.0,39.3984375
1786397299.2069848,60.240966796875,71.5,39.3984375
1786397299.2218566,60.240966796875,67.2,39.3984375
1786397299.2366138,60.240966796875,67.1,39.3984375
1786397299.2511353,60.240966796875,0.0,39.3984375
1786397299.2698758,60.240966796875,53.1,39.3984375
1786397299.283838,61.349693298339844,72.1,39.3984375
1786397299.2986526,61.349693298339844,0.0,39.3984375
1786397299.3159935,61.349693298339844,57.6,39.3984375
1786397299.3315487,61.349693298339844,0.0,39.3984375
1786397299.3478544,61.349693298339844,61.4,39.3984375
1786397299.3630764,61.349693298339844,65.8,39.3984375
1786397299.3794436,61.349693298339844,60.7,39.3984375
1786397299.3966653,61.349693298339844,0.0,39.3984375
1786397299.4234548,61.349693298339844,74.5,39.3984375
1786397299.4404604,61.349693298339844,117.6,39.3984375
1786397299.4485478,61.349693298339844,0.0,39.3984375
1786397299.4625757,61.349693298339844,71.5,39.3984375
1786397299.479299,61.349693298339844,0.0,39.3984375
1786397299.4950268,61.349693298339844,63.6,39.40234375
1786397299.513037,61.349693298339844,55.5,39.40234375
1786397299.5289593,61.349693298339844,0.0,39.40234375
1786397299.5438135,61.349693298339844,67.2,39.40234375
1786397299.5595694,61.349693298339844,0.0,39.40234375
1786397299.5774417,61.349693298339844,55.9,39.40234375
1786397299.5921023,61.349693298339844,0.0,39.40625
1786397299.6106286,61.7283935546875,54.0,39.40625
1786397299.6249168,61.7283935546875,70.0,39.40625
1786397299.6414156,61.7283935546875,0.0,39.40625
1786397299.6570284,61.7283935546875,64.3,39.40625
1786397299.67837,61.7283935546875,46.8,39.40625
1786397299.6912308,61.7283935546875,77.8,39.40625
1786397299.7090273,61.7283935546875,56.1,39.40625
1786397299.725502,61.7283935546875,0.0,39.40625
1786397299.7446132,61.7283935546875,104.3,39.40625
1786397299.7642043,61.7283935546875,51.1,39.40625
1786397299.7746375,61.349693298339844,96.1,39.40625
1786397299.7899418,61.349693298339844,129.4,39.40625
1786397299.8122008,61.349693298339844,45.2,39.40625
1786397299.8238297,61.349693298339844,85.9,39.40625
1786397299.8425567,61.349693298339844,53.5,39.40625
1786397299.851516,61.349693298339844,111.4,39.40625
1786397299.867238,61.349693298339844,63.3,39.40625
1786397299.8827577,61.349693298339844,0.0,39.40625
1786397299.903762,61.349693298339844,46.0,39.40625
1786397299.9168522,61.349693298339844,81.0,39.40625
1786397299.9313552,61.7283935546875,0.0,39.40625
1786397299.948735,61.7283935546875,57.6,39.40625
1786397299.971305,61.7283935546875,43.6,39.40625
1786397299.9828515,61.7283935546875,89.3,39.40625
1786397300.000588,61.7283935546875,0.0,39.40625
1786397300.0270479,61.7283935546875,75.1,39.41015625
1786397300.0420525,61.7283935546875,135.1,39.41015625
1786397300.0500822,61.7283935546875,124.4,39.41015625
1786397300.0685308,61.7283935546875,53.7,39.41015625
1786397300.0829813,61.7283935546875,0.0,39.41015625
1786397300.1028595,60.975608825683594,50.1,39.41015625
1786397300.120448,60.975608825683594,56.7,39.41015625
1786397300.1400104,60.975608825683594,103.0,39.41015625
1786397300.151914,60.975608825683594,84.1,39.41015625
1786397300.1638205,60.975608825683594,83.8,39.41015625
1786397300.181581,60.975608825683594,56.1,39.41015625
1786397300.1982696,60.975608825683594,0.0,39.41015625
1786397300.2155395,60.975608825683594,58.0,39.41015625
1786397300.2285316,60.975608825683594,76.7,39.41015625
1786397300.245876,60.975608825683594,57.6,39.41015625
1786397300.268318,61.349693298339844,44.4,39.41015625
1786397300.281794,61.349693298339844,73.8,39.41015625
1786397300.2959015,61.349693298339844,71.9,39.41015625
1786397300.3117774,61.349693298339844,63.1,39.41015625
1786397300.328205,61.349693298339844,60.9,39.41015625
1786397300.3459268,61.349693298339844,56.3,39.41015625
1786397300.3611348,61.349693298339844,0.0,39.41015625
1786397300.3769844,61.349693298339844,63.5,39.41015625
1786397300.394932,61.349693298339844,55.8,39.41015625
1786397300.4073575,61.349693298339844,80.5,39.4140625
1786397300.4237273,61.7283935546875,0.0,39.4140625
1786397300.4402962,61.7283935546875,60.4,39.4140625
1786397300.4561746,61.7283935546875,63.0,39.4140625
1786397300.4803522,61.7283935546875,41.2,39.4140625
1786397300.4922767,61.7283935546875,84.3,39.4140625
1786397300.5118484,61.7283935546875,102.2,39.4140625
1786397300.5245876,61.7283935546875,78.5,39.41796875
1786397300.539969,61.7283935546875,64.9,39.41796875
1786397300.5545886,61.7283935546875,67.6,39.41796875
1786397300.57018,61.7283935546875,63.7,39.41796875
1786397300.584875,62.11180114746094,69.3,39.41796875
1786397300.6025329,62.11180114746094,56.5,39.41796875
1786397300.6157105,62.11180114746094,0.0,39.41796875
1786397300.636884,62.11180114746094,47.3,39.41796875
1786397300.6542268,62.11180114746094,57.6,39.41796875
1786397300.6733763,62.11180114746094,104.4,39.41796875
1786397300.681732,62.11180114746094,0.0,39.41796875
1786397300.6962245,62.11180114746094,69.0,39.41796875
1786397300.7148013,62.11180114746094,53.8,39.41796875
1786397300.7343304,62.11180114746094,51.1,39.41796875
1786397300.7473087,62.11180114746094,77.1,39.41796875
1786397300.7604854,62.11180114746094,75.9,39.41796875
1786397300.7775455,62.11180114746094,0.0,39.41796875
1786397300.7932498,62.11180114746094,64.2,39.41796875
1786397300.8163357,62.11180114746094,43.3,39.41796875
1786397300.8290162,62.11180114746094,78.9,39.41796875
1786397300.8467014,62.11180114746094,56.5,39.41796875
1786397300.858897,62.11180114746094,82.0,39.41796875
1786397300.877874,62.11180114746094,52.7,39.41796875
1786397300.8909872,62.11180114746094,76.3,39.41796875
1786397300.9098186,62.11180114746094,53.0,39.41796875
1786397300.923896,62.11180114746094,71.1,39.41796875
1786397300.9387567,62.11180114746094,66.7,39.41796875
1786397300.9542077,62.11180114746094,65.2,39.41796875
1786397300.9744394,62.11180114746094,49.4,39.41796875
1786397300.9858696,62.11180114746094,0.0,39.41796875
1786397301.003445,62.11180114746094,56.7,39.41796875
1786397301.0171037,62.11180114746094,73.4,39.41796875
1786397301.0362551,62.11180114746094,0.0,39.421875
1786397301.0565789,62.11180114746094,98.4,39.421875
1786397301.0714598,62.89308547973633,67.1,39.421875
1786397301.083571,62.89308547973633,82.5,39.421875
1786397301.0987372,62.89308547973633,66.4,39.421875
1786397301.1160543,62.89308547973633,57.8,39.421875
1786397301.134531,62.89308547973633,53.6,39.421875
1786397301.1470177,62.89308547973633,0.0,39.421875
1786397301.165107,62.89308547973633,109.9,39.421875
1786397301.179586,62.89308547973633,69.6,39.421875
1786397301.1981459,62.89308547973633,53.7,39.421875
1786397301.2119668,62.89308547973633,0.0,39.421875
1786397301.2292383,61.7283935546875,57.9,39.42578125
1786397301.2457635,61.7283935546875,60.5,39.42578125
1786397301.261219,61.7283935546875,64.6,39.42578125
1786397301.2791822,61.7283935546875,55.8,39.42578125
1786397301.2912002,61.7283935546875,0.0,39.42578125
1786397301.307335,61.7283935546875,62.0,39.42578125
1786397301.324988,61.7283935546875,0.0,39.42578125
1786397301.341583,61.7283935546875,60.3,39.42578125
1786397301.3564909,61.7283935546875,67.1,39.42578125
1786397301.3730056,61.7283935546875,0.0,39.42578125
1786397301.390352,62.11180114746094,115.2,39.42578125
1786397301.4087427,62.11180114746094,54.3,39.42578125
1786397301.4251108,62.11180114746094,60.9,39.42578125
1786397301.4401712,62.11180114746094,0.0,39.42578125
1786397301.4528515,62.11180114746094,79.0,39.42578125
1786397301.4691496,62.11180114746094,0.0,39.42578125
1786397301.4841125,62.11180114746094,67.4,39.42578125
1786397301.5013552,62.11180114746094,57.6,39.42578125
1786397301.5175698,62.11180114746094,0.0,39.42578125
1786397301.536462,62.11180114746094,105.2,39.42578125
1786397301.5511465,62.11180114746094,0.0,39.4296875
1786397301.568632,62.11180114746094,57.0,39.4296875
1786397301.5863082,62.11180114746094,56.7,39.4296875
1786397301.6003687,62.11180114746094,70.9,39.4296875
1786397301.6179643,62.11180114746094,56.9,39.4296875
1786397301.635101,62.11180114746094,56.7,39.4296875
1786397301.6495185,62.11180114746094,143.5,39.4296875
1786397301.6613414,62.11180114746094,84.8,39.4296875
1786397301.6796458,62.11180114746094,0.0,39.4296875
1786397301.6945536,62.11180114746094,67.2,39.4296875
1786397301.7112439,61.7283935546875,59.9,39.4296875
1786397301.7279038,61.7283935546875,0.0,39.4296875
1786397301.7424197,61.7283935546875,69.0,39.4296875
1786397301.7591755,61.7283935546875,0.0,39.4296875
1786397301.7900915,61.7283935546875,64.1,39.4296875
1786397301.802546,61.7283935546875,81.5,39.4296875
1786397301.8195174,61.7283935546875,118.3,39.4296875
1786397301.8303745,61.7283935546875,0.0,39.4296875
1786397301.8472648,61.7283935546875,59.2,39.4296875
1786397301.8618457,61.7283935546875,0.0,39.4296875
1786397301.8770933,59.52381134033203,65.6,39.4296875
1786397301.8933947,59.52381134033203,61.3,39.4296875
1786397301.912514,59.52381134033203,0.0,39.4296875
1786397301.9272814,59.52381134033203,68.6,39.4296875
1786397301.9421315,59.52381134033203,67.4,39.4296875
1786397301.9587533,59.52381134033203,0.0,39.4296875
1786397301.978976,59.52381134033203,49.1,39.4296875
1786397301.9947557,59.52381134033203,63.8,39.4296875
1786397302.0210476,59.52381134033203,76.1,39.4296875
1786397302.0311632,59.52381134033203,98.1,39.4296875
1786397302.0452611,60.60606002807617,70.9,39.4296875
1786397302.0592077,60.60606002807617,0.0,39.43359375
1786397302.082076,60.60606002807617,43.7,39.43359375
1786397302.0917616,60.60606002807617,103.7,39.4375
1786397302.1145806,60.60606002807617,43.7,39.4375
1786397302.1309154,60.60606002807617,60.8,39.4375
1786397302.1441863,60.60606002807617,75.3,39.4375
1786397302.158489,60.60606002807617,0.0,39.4375
1786397302.1782818,60.60606002807617,50.5,39.4375
1786397302.1933832,60.60606002807617,0.0,39.4375
1786397302.216324,60.975608825683594,87.2,39.4375
1786397302.227721,60.975608825683594,87.2,39.4375
1786397302.2477796,60.975608825683594,50.0,39.4375
1786397302.258828,60.975608825683594,90.1,39.4375
1786397302.2766612,60.975608825683594,56.2,39.4375
1786397302.2909744,60.975608825683594,69.9,39.4375
1786397302.3066523,60.975608825683594,63.7,39.4375
1786397302.3229315,60.975608825683594,61.4,39.4375
1786397302.3426096,60.975608825683594,50.8,39.4375
1786397302.355664,60.975608825683594,76.9,39.4375
1786397302.377133,62.11180114746094,91.4,39.4375
1786397302.3945084,62.11180114746094,58.6,39.4375
1786397302.4155822,62.11180114746094,95.1,39.4375
1786397302.424562,62.11180114746094,111.4,39.4375
1786397302.446787,62.11180114746094,45.1,39.4375
1786397302.454417,62.11180114746094,129.3,39.4375
1786397302.4719818,62.11180114746094,57.3,39.4375
1786397302.4879076,62.11180114746094,0.0,39.4375
1786397302.5084443,62.11180114746094,48.7,39.4375
1786397302.5202024,62.11180114746094,85.1,39.4375
1786397302.5391881,59.88024139404297,0.0,39.4375
1786397302.5568411,59.88024139404297,56.6,39.4375
1786397302.575867,59.88024139404297,102.7,39.4375
1786397302.5898864,59.88024139404297,74.0,39.44140625
1786397302.6042092,59.88024139404297,69.7,39.44140625
1786397302.6166635,59.88024139404297,0.0,39.44140625
1786397302.6447017,59.88024139404297,71.1,39.44140625
1786397302.6578767,59.88024139404297,76.2,39.44140625
1786397302.6658704,59.88024139404297,0.0,39.44140625
1786397302.689479,59.88024139404297,42.3,39.44140625
1786397302.7016194,61.349693298339844,163.8,39.44140625
1786397302.7143507,61.349693298339844,79.5,39.44140625
1786397302.7316391,61.349693298339844,0.0,39.44140625
1786397302.746367,61.349693298339844,68.0,39.44140625
1786397302.7618861,61.349693298339844,0.0,39.44140625
1786397302.7792199,61.349693298339844,57.5,39.44140625
1786397302.7996674,61.349693298339844,48.8,39.44140625
1786397302.8255203,61.349693298339844,77.6,39.44140625
1786397302.8380868,61.349693298339844,76.9,39.44140625
1786397302.8474493,61.349693298339844,112.3,39.44140625
1786397302.8640537,60.240966796875,0.0,39.44140625
1786397302.8788116,60.240966796875,67.8,39.4453125
1786397302.8949766,60.240966796875,0.0,39.4453125
1786397302.9105582,60.240966796875,64.2,39.4453125
1786397302.9295232,60.240966796875,0.0,39.4453125
1786397302.9460104,60.240966796875,60.7,39.4453125
1786397302.9629054,60.240966796875,0.0,39.4453125
1786397302.982444,60.240966796875,51.6,39.4453125
1786397302.996068,60.240966796875,73.2,39.4453125
1786397303.011113,60.240966796875,66.5,39.4453125
1786397303.0278754,61.7283935546875,0.0,39.4453125
1786397303.049392,61.7283935546875,46.3,39.4453125
1786397303.063707,61.7283935546875,70.2,39.4453125
1786397303.0768523,61.7283935546875,76.4,39.4453125
1786397303.0908346,61.7283935546875,0.0,39.4453125
1786397303.1090093,61.7283935546875,109.9,39.44921875
1786397303.1242347,61.7283935546875,0.0,39.44921875
1786397303.1412046,61.7283935546875,58.8,39.44921875
1786397303.1561227,61.7283935546875,0.0,39.44921875
1786397303.1725066,61.7283935546875,60.9,39.44921875
1786397303.1896827,61.7283935546875,0.0,39.44921875
1786397303.2112665,61.7283935546875,46.3,39.44921875
1786397303.2238863,61.7283935546875,79.4,39.44921875
1786397303.2404234,61.7283935546875,60.3,39.44921875
1786397303.2537837,61.7283935546875,75.1,39.44921875
1786397303.2763815,61.7283935546875,0.0,39.44921875
1786397303.2897303,61.7283935546875,75.2,39.44921875
1786397303.3079233,61.7283935546875,55.0,39.44921875
1786397303.321234,61.7283935546875,150.2,39.44921875
1786397303.3392808,61.7283935546875,0.0,39.44921875
1786397303.3515177,61.349693298339844,82.3,39.44921875
1786397303.3766797,61.349693298339844,39.8,39.44921875
1786397303.3881178,61.349693298339844,86.9,39.44921875
1786397303.413545,61.349693298339844,78.7,39.44921875
1786397303.427901,61.349693298339844,69.0,39.44921875
1786397303.4427636,61.349693298339844,68.1,39.44921875
1786397303.4536407,61.349693298339844,0.0,39.44921875
1786397303.4723947,61.349693298339844,53.6,39.44921875
1786397303.4867918,61.349693298339844,69.2,39.44921875
1786397303.5065703,61.349693298339844,50.6,39.44921875
1786397303.5179088,60.240966796875,0.0,39.44921875
1786397303.5367599,60.240966796875,52.7,39.44921875
1786397303.553567,60.240966796875,59.3,39.44921875
1786397303.580388,60.240966796875,75.1,39.44921875
1786397303.5917456,60.240966796875,88.3,39.44921875
1786397303.6074357,60.240966796875,63.6,39.44921875
1786397303.6214836,60.240966796875,71.5,39.44921875
1786397303.6406894,60.240966796875,52.0,39.453125
1786397303.652844,60.240966796875,159.6,39.453125
1786397303.6682816,60.240966796875,0.0,39.453125
1786397303.6819794,60.60606002807617,77.2,39.453125
1786397303.7042396,60.60606002807617,44.4,39.453125
1786397303.7201629,60.60606002807617,63.0,39.45703125
1786397303.7368944,60.60606002807617,60.2,39.45703125
1786397303.7479374,60.60606002807617,90.8,39.45703125
1786397303.7616844,60.60606002807617,72.8,39.45703125
1786397303.7793484,60.60606002807617,0.0,39.45703125
1786397303.795048,60.60606002807617,63.6,39.45703125
1786397303.8101702,60.60606002807617,0.0,39.45703125
1786397303.8269608,60.60606002807617,59.2,39.45703125
1786397303.8440049,62.11180114746094,0.0,39.45703125
1786397303.8579938,62.11180114746094,71.4,39.45703125
1786397303.8774405,62.11180114746094,51.4,39.45703125
1786397303.8952231,62.11180114746094,56.3,39.45703125
1786397303.9165852,62.11180114746094,46.7,39.45703125
1786397303.9293215,62.11180114746094,78.8,39.45703125
1786397303.946694,62.11180114746094,57.5,39.45703125
1786397303.962418,62.11180114746094,63.7,39.45703125
1786397303.9778247,62.11180114746094,64.9,39.45703125
1786397303.9905694,62.11180114746094,78.4,39.45703125
1786397304.011931,60.975608825683594,46.9,39.45703125
1786397304.023902,60.975608825683594,0.0,39.45703125
1786397304.0434475,60.975608825683594,51.1,39.45703125
1786397304.056133,60.975608825683594,79.1,39.45703125
1786397304.0824068,60.975608825683594,76.1,39.45703125
1786397304.0922265,60.975608825683594,100.9,39.45703125
1786397304.1049893,60.975608825683594,0.0,39.45703125
1786397304.119013,60.975608825683594,70.6,39.45703125
1786397304.1419182,60.975608825683594,43.8,39.45703125
1786397304.1593144,60.975608825683594,57.7,39.4609375
1786397304.1735785,62.11180114746094,70.1,39.4609375
1786397304.1894174,62.11180114746094,63.1,39.4609375
1786397304.2062936,62.11180114746094,59.3,39.4609375
1786397304.2164822,62.11180114746094,98.6,39.4609375
1786397304.2331395,62.11180114746094,0.0,39.4609375
1786397304.2506428,62.11180114746094,57.9,39.4609375
1786397304.2673552,62.11180114746094,59.7,39.4609375
1786397304.2838209,62.11180114746094,60.7,39.4609375
1786397304.297842,62.11180114746094,70.7,39.4609375
1786397304.3123639,62.11180114746094,0.0,39.4609375
1786397304.3323364,62.5,50.0,39.4609375
1786397304.3488977,62.5,60.5,39.4609375
1786397304.3720562,62.5,85.9,39.4609375
1786397304.3918633,62.5,50.7,39.4609375
1786397304.408046,62.5,123.7,39.4609375
1786397304.4178452,62.5,101.8,39.4609375
1786397304.4322102,62.5,69.7,39.4609375
1786397304.4455626,62.5,0.0,39.4609375
1786397304.461006,62.5,0.0,39.4609375
1786397304.4767246,62.5,63.7,39.4609375
1786397304.4939106,60.60606002807617,0.0,39.4609375
1786397304.5096297,60.60606002807617,64.0,39.4609375
1786397304.5256536,60.60606002807617,0.0,39.4609375
1786397304.541839,60.60606002807617,61.8,39.4609375
1786397304.561662,60.60606002807617,50.4,39.46484375
1786397304.5782497,60.60606002807617,0.0,39.46484375
1786397304.592269,60.60606002807617,71.5,39.46484375
1786397304.6081703,60.60606002807617,62.9,39.46484375
1786397304.623911,60.60606002807617,0.0,39.46484375
1786397304.6429083,60.60606002807617,52.7,39.46484375
1786397304.6570623,60.975608825683594,70.6,39.46484375
1786397304.674978,60.975608825683594,0.0,39.46875
1786397304.689103,60.975608825683594,70.7,39.46875
1786397304.708771,60.975608825683594,50.9,39.46875
1786397304.7246864,60.975608825683594,62.9,39.46875
1786397304.7456505,60.975608825683594,47.5,39.46875
1786397304.7599523,60.975608825683594,70.2,39.46875
1786397304.7803373,60.975608825683594,48.9,39.46875
1786397304.7962036,60.975608825683594,126.5,39.46875
1786397304.8139153,60.975608825683594,55.9,39.46875
1786397304.8231223,60.975608825683594,110.5,39.46875
1786397304.8423038,60.975608825683594,104.3,39.46875
1786397304.8561242,60.975608825683594,72.4,39.46875
1786397304.8765364,60.975608825683594,49.0,39.46875
1786397304.8906233,60.975608825683594,71.0,39.46875
1786397304.9072611,60.975608825683594,59.8,39.46875
1786397304.9159303,60.975608825683594,0.0,39.46875
1786397304.938425,60.975608825683594,43.8,39.46875
1786397304.9553022,60.975608825683594,60.2,39.46875
1786397304.9754512,60.975608825683594,99.4,39.46875
1786397304.9855747,62.11180114746094,0.0,39.46875
1786397304.9979484,62.11180114746094,81.0,39.46875
1786397305.013401,62.11180114746094,0.0,39.46875
1786397305.034243,62.11180114746094,47.9,39.46875
1786397305.0465963,62.11180114746094,81.3,39.46875
1786397305.0624688,62.11180114746094,0.0,39.46875
1786397305.079251,62.11180114746094,59.6,39.46875
1786397305.095837,62.11180114746094,60.1,39.46875
1786397305.1102934,62.11180114746094,69.3,39.46875
1786397305.1269023,62.11180114746094,0.0,39.46875
1786397305.1460505,62.5,52.1,39.46875
1786397305.1590507,62.5,76.9,39.46875
1786397305.1822374,62.5,43.2,39.46875
1786397305.1958013,62.5,73.8,39.47265625
1786397305.2237518,62.5,71.2,39.47265625
1786397305.2311757,62.5,135.3,39.47265625
1786397305.2460017,62.5,68.0,39.47265625
1786397305.2620513,62.5,0.0,39.47265625
1786397305.276653,62.5,68.6,39.47265625
1786397305.2952106,62.5,0.0,39.47265625
1786397305.3089657,59.88024139404297,0.0,39.47265625
1786397305.3250751,59.88024139404297,62.1,39.47265625
1786397305.3460186,59.88024139404297,47.7,39.47265625
1786397305.357485,59.88024139404297,0.0,39.47265625
1786397305.3808649,59.88024139404297,85.6,39.47265625
1786397305.396172,59.88024139404297,65.4,39.47265625
1786397305.4159002,59.88024139404297,50.7,39.4765625
1786397305.4234095,59.88024139404297,131.8,39.4765625
1786397305.4437315,59.88024139404297,49.3,39.4765625
1786397305.4582412,59.88024139404297,0.0,39.4765625
1786397305.4768724,60.975608825683594,53.7,39.4765625
1786397305.4908242,60.975608825683594,71.8,39.4765625
1786397305.5122325,60.975608825683594,46.7,39.4765625
1786397305.5266216,60.975608825683594,69.3,39.4765625
1786397305.5449,60.975608825683594,109.0,39.4765625
1786397305.557199,60.975608825683594,0.0,39.4765625
1786397305.5829372,60.975608825683594,77.7,39.4765625
1786397305.5921423,60.975608825683594,108.3,39.4765625
1786397305.6122315,60.975608825683594,49.7,39.4765625
1786397305.6239243,60.975608825683594,85.4,39.4765625
1786397305.6382968,61.349693298339844,0.0,39.4765625
1786397305.6527865,61.349693298339844,69.1,39.4765625
1786397305.6685705,61.349693298339844,0.0,39.4765625
1786397305.6848924,61.349693298339844,0.0,39.4765625
1786397305.700448,61.349693298339844,64.2,39.48046875
1786397305.7166338,61.349693298339844,0.0,39.48046875
1786397305.732755,61.349693298339844,61.7,39.48046875
1786397305.748398,61.349693298339844,64.2,39.48046875
1786397305.7632008,61.349693298339844,0.0,39.48046875
1786397305.7790601,61.349693298339844,63.0,39.48046875
1786397305.7998843,62.5,0.0,39.48046875
1786397305.8155634,62.5,64.1,39.48046875
1786397305.8286772,62.5,75.2,39.48046875
1786397305.843363,62.5,0.0,39.48046875
1786397305.8589716,62.5,64.1,39.48046875
1786397305.8751023,62.5,0.0,39.48046875
1786397305.8902678,62.5,66.0,39.48046875
1786397305.9076602,62.5,0.0,39.48046875
1786397305.924978,62.5,57.7,39.48046875
1786397305.9464257,62.5,45.7,39.48046875
1786397305.9625714,62.11180114746094,63.5,39.48046875
1786397305.9787962,62.11180114746094,61.6,39.48046875
1786397305.9905608,62.11180114746094,85.2,39.48046875
1786397306.0124018,62.11180114746094,45.8,39.48046875
1786397306.0224483,62.11180114746094,0.0,39.48046875
1786397306.0423174,62.11180114746094,50.3,39.48046875
1786397306.0555558,62.11180114746094,75.6,39.48046875
1786397306.076045,62.11180114746094,48.7,39.48046875
1786397306.0893395,62.11180114746094,150.6,39.48046875
1786397306.1118352,62.11180114746094,44.3,39.48046875
1786397306.1287184,62.11180114746094,118.7,39.48046875
1786397306.1428547,62.11180114746094,70.8,39.48046875
1786397306.155788,62.11180114746094,77.4,39.48046875
1786397306.1715817,62.11180114746094,62.1,39.48046875
1786397306.183879,62.11180114746094,83.2,39.48046875
1786397306.1999073,62.11180114746094,0.0,39.48046875
1786397306.2155693,62.11180114746094,63.9,39.48046875
1786397306.2333126,62.11180114746094,0.0,39.48828125
1786397306.250656,62.11180114746094,57.5,39.48828125
1786397306.265713,62.11180114746094,67.2,39.48828125
1786397306.2825437,62.11180114746094,59.6,39.48828125
1786397306.2957852,62.11180114746094,0.0,39.48828125
1786397306.3137338,62.11180114746094,55.7,39.48828125
1786397306.3409534,62.11180114746094,73.3,39.48828125
1786397306.350342,62.11180114746094,107.2,39.48828125
1786397306.3660226,62.11180114746094,0.0,39.48828125
1786397306.382176,62.11180114746094,62.3,39.48828125
1786397306.3967056,62.11180114746094,68.8,39.48828125
1786397306.4123957,62.11180114746094,0.0,39.48828125
1786397306.4293084,62.11180114746094,58.9,39.48828125
1786397306.44884,60.975608825683594,51.2,39.48828125
1786397306.4600968,60.975608825683594,0.0,39.48828125
1786397306.4817698,60.975608825683594,92.3,39.48828125
1786397306.4977448,60.975608825683594,62.4,39.48828125
1786397306.516467,60.975608825683594,107.2,39.48828125
1786397306.5334911,60.975608825683594,58.5,39.48828125
1786397306.546881,60.975608825683594,75.0,39.48828125
1786397306.560057,60.975608825683594,75.8,39.48828125
1786397306.5744302,60.975608825683594,69.7,39.48828125
1786397306.5904505,60.975608825683594,0.0,39.48828125
1786397306.6154017,61.7283935546875,78.5,39.48828125
1786397306.6242929,61.7283935546875,119.6,39.48828125
1786397306.6436114,61.7283935546875,51.7,39.48828125
1786397306.6558805,61.7283935546875,0.0,39.48828125
1786397306.6802058,61.7283935546875,41.0,39.48828125
1786397306.6935139,61.7283935546875,150.2,39.48828125
1786397306.7088082,61.7283935546875,65.4,39.48828125
1786397306.723895,61.7283935546875,0.0,39.48828125
1786397306.7402701,61.7283935546875,61.3,39.4921875
1786397306.7510817,61.7283935546875,92.4,39.4921875
1786397306.771624,61.349693298339844,48.4,39.4921875
1786397306.7844274,61.349693298339844,0.0,39.4921875
1786397306.8044753,61.349693298339844,49.8,39.4921875
1786397306.8183637,61.349693298339844,72.3,39.4921875
1786397306.8375282,61.349693298339844,52.0,39.4921875
1786397306.8518014,61.349693298339844,0.0,39.4921875
1786397306.8656697,61.349693298339844,72.7,39.4921875
1786397306.8832495,61.349693298339844,0.0,39.4921875
1786397306.9113147,61.349693298339844,107.0,39.4921875
1786397306.9262772,61.349693298339844,66.9,39.4921875
1786397306.9422011,60.60606002807617,62.8,39.4921875
1786397306.9536939,60.60606002807617,86.6,39.4921875
1786397306.9704704,60.60606002807617,59.6,39.4921875
1786397306.9835958,60.60606002807617,75.1,39.4921875
1786397306.997856,60.60606002807617,0.0,39.4921875
1786397307.0146942,60.60606002807617,59.4,39.4921875
1786397307.0386665,60.60606002807617,41.6,39.4921875
1786397307.0482864,60.60606002807617,105.0,39.4921875
1786397307.0695724,60.60606002807617,45.4,39.49609375
1786397307.0895417,60.60606002807617,102.4,39.49609375
1786397307.1090915,61.7283935546875,102.9,39.49609375
1786397307.124275,61.7283935546875,66.6,39.49609375
1786397307.1330662,61.7283935546875,113.8,39.49609375
1786397307.1484792,61.7283935546875,64.8,39.49609375
1786397307.1658106,61.7283935546875,0.0,39.49609375
1786397307.1791015,61.7283935546875,75.6,39.49609375
1786397307.1945844,61.7283935546875,0.0,39.49609375
1786397307.212588,61.7283935546875,55.4,39.49609375
1786397307.2274287,61.7283935546875,0.0,39.49609375
1786397307.2429981,61.7283935546875,64.1,39.49609375
1786397307.2584627,60.975608825683594,0.0,39.5
1786397307.2773788,60.975608825683594,52.9,39.5
1786397307.294983,60.975608825683594,0.0,39.5
1786397307.3134596,60.975608825683594,108.0,39.5
1786397307.327823,60.975608825683594,0.0,39.5
1786397307.344922,60.975608825683594,58.5,39.5
1786397307.3586454,60.975608825683594,72.9,39.5
1786397307.376498,60.975608825683594,0.0,39.5
1786397307.3924134,60.975608825683594,62.8,39.5
1786397307.412648,60.975608825683594,49.4,39.5
1786397307.4244194,60.975608825683594,170.1,39.5
1786397307.4432688,60.975608825683594,0.0,39.5
1786397307.4550574,60.975608825683594,85.3,39.5
1786397307.4792535,60.975608825683594,41.2,39.5
1786397307.4934378,60.975608825683594,70.7,39.5
1786397307.5131233,60.975608825683594,50.5,39.5
1786397307.5229993,60.975608825683594,102.6,39.5
1786397307.5455878,60.975608825683594,88.3,39.5
1786397307.5547953,60.975608825683594,0.0,39.5
1786397307.5792873,60.975608825683594,81.5,39.5
1786397307.5861425,61.7283935546875,146.8,39.5
1786397307.6096437,61.7283935546875,42.5,39.5
1786397307.6244683,61.7283935546875,67.6,39.5
1786397307.6435122,61.7283935546875,103.8,39.5
1786397307.651729,61.7283935546875,0.0,39.5
1786397307.6653454,61.7283935546875,73.4,39.5
1786397307.6829588,61.7283935546875,0.0,39.5
1786397307.6978216,61.7283935546875,0.0,39.5
1786397307.7139292,61.7283935546875,62.2,39.5
1786397307.7420835,61.7283935546875,70.7,39.5
1786397307.7513106,60.975608825683594,0.0,39.5
1786397307.7633188,60.975608825683594,83.7,39.5
1786397307.779452,60.975608825683594,0.0,39.50390625
1786397307.799902,60.975608825683594,48.7,39.50390625
1786397307.8178713,60.975608825683594,55.8,39.50390625
1786397307.8289726,60.975608825683594,90.4,39.50390625
1786397307.8450866,60.975608825683594,62.1,39.50390625
1786397307.8597484,60.975608825683594,0.0,39.50390625
1786397307.8778868,60.975608825683594,55.0,39.50390625
1786397307.892519,60.975608825683594,68.4,39.5078125
1786397307.913474,62.5,0.0,39.5078125
1786397307.9242744,62.5,92.2,39.5078125
1786397307.9424925,62.5,55.0,39.5078125
1786397307.9588397,62.5,0.0,39.5078125
1786397307.9807465,62.5,91.6,39.5078125
1786397307.9951892,62.5,69.2,39.5078125
1786397308.007621,62.5,0.0,39.5078125
1786397308.024249,62.5,60.2,39.5078125
1786397308.0423846,62.5,55.1,39.5078125
1786397308.0596042,62.5,58.0,39.5078125
1786397308.0795414,61.7283935546875,50.2,39.5078125
1786397308.0919363,61.7283935546875,160.9,39.5078125
1786397308.1114342,61.7283935546875,51.4,39.5078125
1786397308.1244967,61.7283935546875,76.5,39.5078125
1786397308.1398044,61.7283935546875,65.3,39.5078125
1786397308.1521611,61.7283935546875,0.0,39.5078125
1786397308.1698382,61.7283935546875,56.8,39.5078125
1786397308.1826544,61.7283935546875,79.0,39.5078125
1786397308.1999843,61.7283935546875,0.0,39.5078125
1786397308.2162948,61.7283935546875,61.4,39.5078125
1786397308.232976,61.7283935546875,0.0,39.5078125
1786397308.2480855,61.7283935546875,66.4,39.5078125
1786397308.2650669,61.7283935546875,0.0,39.5078125
1786397308.2820725,61.7283935546875,59.3,39.5078125
1786397308.2990572,61.7283935546875,0.0,39.51171875
1786397308.3149745,61.7283935546875,63.1,39.51171875
1786397308.3311594,61.7283935546875,0.0,39.51171875
1786397308.3472757,61.7283935546875,62.1,39.51171875
1786397308.3641942,61.7283935546875,59.1,39.51171875
1786397308.3798742,61.7283935546875,0.0,39.51171875
1786397308.3966055,61.7283935546875,59.8,39.51171875
1786397308.4156272,61.7283935546875,52.6,39.51171875
1786397308.42924,61.7283935546875,73.2,39.51171875
1786397308.4490666,61.7283935546875,50.2,39.51171875
1786397308.4591913,61.7283935546875,99.7,39.51171875
1786397308.4763823,61.7283935546875,58.3,39.51171875
1786397308.4914534,61.7283935546875,0.0,39.51171875
1786397308.509234,61.7283935546875,56.2,39.51171875
1786397308.521822,61.7283935546875,0.0,39.51171875
1786397308.5424113,61.7283935546875,48.5,39.51171875
1786397308.5560222,62.11180114746094,73.5,39.51171875
1786397308.573373,62.11180114746094,0.0,39.51171875
1786397308.5907254,62.11180114746094,57.6,39.51171875
1786397308.6077569,62.11180114746094,0.0,39.51171875
1786397308.6226406,62.11180114746094,134.4,39.51171875
1786397308.6481626,62.11180114746094,39.0,39.51171875
1786397308.6678922,62.11180114746094,101.6,39.51171875
1786397308.6805906,62.11180114746094,157.0,39.51171875
1786397308.693024,62.11180114746094,79.5,39.51171875
1786397308.7084575,62.11180114746094,0.0,39.51171875
1786397308.722694,60.240966796875,70.1,39.51171875
1786397308.73927,60.240966796875,60.4,39.515625
1786397308.755639,60.240966796875,0.0,39.515625
1786397308.7723763,60.240966796875,59.6,39.515625
1786397308.7887995,60.240966796875,0.0,39.515625
1786397308.8046331,60.240966796875,63.2,39.515625
1786397308.8202863,60.240966796875,63.9,39.51953125
1786397308.8366325,60.240966796875,0.0,39.51953125
1786397308.8523724,60.240966796875,0.0,39.51953125
1786397308.8687456,60.240966796875,119.0,39.51953125
1786397308.8834972,61.349693298339844,0.0,39.51953125
1786397308.9014626,61.349693298339844,55.7,39.51953125
1786397308.9182923,61.349693298339844,0.0,39.51953125
1786397308.9351287,61.349693298339844,60.5,39.51953125
1786397308.94976,61.349693298339844,0.0,39.51953125
1786397308.967236,61.349693298339844,57.4,39.51953125
1786397308.979978,61.349693298339844,79.2,39.51953125
1786397308.9957862,61.349693298339844,0.0,39.51953125
1786397309.0122504,61.349693298339844,60.7,39.51953125
1786397309.0305429,61.349693298339844,0.0,39.51953125
1786397309.048756,61.7283935546875,54.8,39.51953125
1786397309.0621402,61.7283935546875,74.9,39.51953125
1786397309.08089,61.7283935546875,0.0,39.51953125
1786397309.0938816,61.7283935546875,77.0,39.51953125
1786397309.1266353,61.7283935546875,91.5,39.51953125
1786397309.1401072,61.7283935546875,74.3,39.51953125
1786397309.149036,61.7283935546875,0.0,39.51953125
1786397309.164862,61.7283935546875,63.6,39.51953125
1786397309.1799684,61.7283935546875,0.0,39.51953125
1786397309.19549,61.7283935546875,0.0,39.51953125
1786397309.2115996,60.240966796875,0.0,39.51953125
1786397309.2291386,60.240966796875,113.9,39.51953125
1786397309.2442431,60.240966796875,0.0,39.51953125
1786397309.2603095,60.240966796875,62.2,39.51953125
1786397309.2862735,60.240966796875,37.6,39.51953125
1786397309.294381,60.240966796875,0.0,39.51953125
1786397309.3139431,60.240966796875,102.2,39.51953125
1786397309.3257117,60.240966796875,84.8,39.51953125
1786397309.3483374,60.240966796875,44.1,39.5234375
1786397309.3582625,60.240966796875,0.0,39.5234375
1786397309.3740168,62.11180114746094,63.8,39.5234375
1786397309.3895783,62.11180114746094,64.3,39.5234375
1786397309.4093206,62.11180114746094,0.0,39.5234375
1786397309.4244251,62.11180114746094,66.2,39.5234375
1786397309.440671,62.11180114746094,0.0,39.5234375
1786397309.4598076,62.11180114746094,52.2,39.5234375
1786397309.4781659,62.11180114746094,54.4,39.5234375
1786397309.4923446,62.11180114746094,70.5,39.5234375
1786397309.5135968,62.11180114746094,47.1,39.5234375
1786397309.5243855,62.11180114746094,92.8,39.5234375
1786397309.5413074,60.60606002807617,118.1,39.5234375
1786397309.5548825,60.60606002807617,0.0,39.52734375
1786397309.5728114,60.60606002807617,55.6,39.52734375
1786397309.5862195,60.60606002807617,74.8,39.52734375
1786397309.6084964,60.60606002807617,0.0,39.52734375
1786397309.6195831,60.60606002807617,93.6,39.52734375
1786397309.638884,60.60606002807617,51.5,39.52734375
1786397309.649917,60.60606002807617,0.0,39.52734375
1786397309.6685832,60.60606002807617,53.1,39.52734375
1786397309.687151,60.60606002807617,54.2,39.52734375
1786397309.701822,62.11180114746094,66.3,39.52734375
1786397309.719933,62.11180114746094,56.6,39.52734375
1786397309.7383657,62.11180114746094,54.0,39.52734375
1786397309.748895,62.11180114746094,95.8,39.52734375
1786397309.7631874,62.11180114746094,0.0,39.52734375
1786397309.7822378,62.11180114746094,52.5,39.52734375
1786397309.7979414,62.11180114746094,63.7,39.52734375
1786397309.8131573,62.11180114746094,65.3,39.52734375
1786397309.8313718,62.11180114746094,55.3,39.52734375
1786397309.8447354,62.11180114746094,0.0,39.53125
1786397309.8618076,62.11180114746094,58.6,39.53125
1786397309.882485,62.11180114746094,48.3,39.53125
1786397309.8992057,62.11180114746094,119.4,39.53125
1786397309.9170406,62.11180114746094,55.7,39.53125
1786397309.9316933,62.11180114746094,68.9,39.53125
1786397309.9443572,62.11180114746094,79.1,39.53125
1786397309.9585974,62.11180114746094,0.0,39.53125
1786397309.9768815,62.11180114746094,54.6,39.53125
1786397309.990947,62.11180114746094,71.3,39.53125
1786397310.0069902,62.11180114746094,0.0,39.53125
1786397310.0226686,61.7283935546875,63.8,39.53125
1786397310.040024,61.7283935546875,0.0,39.53125
1786397310.0561974,61.7283935546875,61.8,39.53125
1786397310.0806148,61.7283935546875,40.6,39.53125
1786397310.0983262,61.7283935546875,113.7,39.53125
1786397310.1147237,61.7283935546875,121.8,39.53125
1786397310.1253333,61.7283935546875,95.1,39.53125
1786397310.1387177,61.7283935546875,0.0,39.53125
1786397310.1528566,61.7283935546875,70.9,39.53125
1786397310.1777751,61.7283935546875,80.1,39.53125
1786397310.1896696,60.975608825683594,84.4,39.53125
1786397310.2077177,60.975608825683594,55.0,39.53125
1786397310.224009,60.975608825683594,61.7,39.53125
1786397310.2408535,60.975608825683594,59.4,39.53125
1786397310.2546694,60.975608825683594,72.6,39.53125
1786397310.2750678,60.975608825683594,49.0,39.53125
1786397310.2842116,60.975608825683594,0.0,39.53125
1786397310.305156,60.975608825683594,47.5,39.53125
1786397310.321549,60.975608825683594,122.9,39.53125
1786397310.339119,60.975608825683594,56.8,39.53125
1786397310.3474417,62.11180114746094,0.0,39.53125
1786397310.3627875,62.11180114746094,0.0,39.53515625
1786397310.3792999,62.11180114746094,60.5,39.5390625
1786397310.395546,62.11180114746094,0.0,39.5390625
1786397310.41306,62.11180114746094,56.7,39.5390625
1786397310.4286828,62.11180114746094,0.0,39.5390625
1786397310.446691,62.11180114746094,55.3,39.5390625
1786397310.4619148,62.11180114746094,65.9,39.5390625
1786397310.4795012,62.11180114746094,0.0,39.5390625
1786397310.495608,62.11180114746094,62.2,39.5390625
1786397310.5141156,61.349693298339844,54.0,39.5390625
1786397310.5304403,61.349693298339844,61.1,39.5390625
1786397310.5437949,61.349693298339844,0.0,39.5390625
1786397310.5621924,61.349693298339844,54.4,39.5390625
1786397310.5782766,61.349693298339844,62.1,39.5390625
1786397310.5931923,61.349693298339844,67.1,39.5390625
1786397310.609366,61.349693298339844,0.0,39.5390625
1786397310.6267955,61.349693298339844,57.4,39.5390625
1786397310.6445944,61.349693298339844,56.2,39.5390625
1786397310.6607053,61.349693298339844,62.1,39.5390625
1786397310.6786878,61.349693298339844,55.5,39.5390625
1786397310.696552,61.349693298339844,112.0,39.5390625
1786397310.713466,61.349693298339844,59.2,39.5390625
1786397310.7245636,61.349693298339844,0.0,39.5390625
1786397310.7395775,61.349693298339844,66.7,39.5390625
1786397310.756764,61.349693298339844,0.0,39.5390625
1786397310.772737,61.349693298339844,62.3,39.5390625
1786397310.7874312,61.349693298339844,0.0,39.5390625
1786397310.8045776,61.349693298339844,58.2,39.5390625
1786397310.8203006,61.349693298339844,0.0,39.5390625
1786397310.8391817,60.975608825683594,52.8,39.5390625
1786397310.8531985,60.975608825683594,71.5,39.5390625
1786397310.8762612,60.975608825683594,43.4,39.5390625
1786397310.8864923,60.975608825683594,97.7,39.54296875
1786397310.9078734,60.975608825683594,46.5,39.54296875
1786397310.916696,60.975608825683594,0.0,39.54296875
1786397310.9343758,60.975608825683594,56.5,39.54296875
1786397310.9503636,60.975608825683594,0.0,39.54296875
1786397310.9709766,60.975608825683594,48.4,39.54296875
1786397310.9817455,60.975608825683594,93.3,39.54296875
1786397310.9992085,62.5,0.0,39.54296875
1786397311.0170355,62.5,56.6,39.54296875
1786397311.0344894,62.5,57.1,39.54296875
1786397311.0474687,62.5,77.6,39.54296875
1786397311.0647912,62.5,0.0,39.54296875
1786397311.0810645,62.5,62.2,39.54296875
1786397311.0960503,62.5,66.7,39.54296875
1786397311.1137567,62.5,0.0,39.54296875
1786397311.1276736,62.5,71.9,39.54296875
1786397311.1468732,62.5,52.1,39.54296875
1786397311.166582,61.349693298339844,50.6,39.54296875
1786397311.1867788,61.349693298339844,98.6,39.54296875
1786397311.2018435,61.349693298339844,65.7,39.54296875
1786397311.214434,61.349693298339844,81.3,39.546875
1786397311.2279756,61.349693298339844,73.6,39.546875
1786397311.2421029,61.349693298339844,71.1,39.546875
1786397311.256903,61.349693298339844,0.0,39.546875
1786397311.274335,61.349693298339844,57.3,39.546875
1786397311.2925901,61.349693298339844,54.4,39.546875
1786397311.3130808,61.349693298339844,49.2,39.546875
1786397311.323211,62.11180114746094,98.4,39.546875
1786397311.3420546,62.11180114746094,0.0,39.546875
1786397311.3550916,62.11180114746094,76.7,39.546875
1786397311.3826299,62.11180114746094,72.4,39.546875
1786397311.4013264,62.11180114746094,106.9,39.546875
1786397311.414649,62.11180114746094,75.4,39.55078125
1786397311.424432,62.11180114746094,102.4,39.55078125
1786397311.4450588,62.11180114746094,47.9,39.55078125
1786397311.4579206,62.11180114746094,79.1,39.55078125
1786397311.4725118,62.11180114746094,0.0,39.55078125
1786397311.4893165,59.88024139404297,59.6,39.55078125
1786397311.5062273,59.88024139404297,59.0,39.55078125
1786397311.5209684,59.88024139404297,0.0,39.55078125
1786397311.5371256,59.88024139404297,61.8,39.55078125
1786397311.5547626,59.88024139404297,56.8,39.55078125
1786397311.5761817,59.88024139404297,46.7,39.55078125
1786397311.590762,59.88024139404297,68.4,39.55078125
1786397311.6067853,59.88024139404297,62.5,39.55078125
1786397311.6284053,59.88024139404297,91.5,39.55078125
1786397311.6500676,59.88024139404297,93.0,39.55078125
1786397311.658084,59.88024139404297,125.9,39.55078125
1786397311.673666,59.88024139404297,64.3,39.55078125
1786397311.6871197,59.88024139404297,0.0,39.55078125
1786397311.7052553,59.88024139404297,55.1,39.55078125
1786397311.7213576,59.88024139404297,0.0,39.55078125
1786397311.7407203,59.88024139404297,51.5,39.55078125
1786397311.754266,59.88024139404297,73.9,39.55078125
1786397311.775699,59.88024139404297,92.7,39.55078125
1786397311.7905319,59.88024139404297,68.0,39.55078125
1786397311.8064296,59.88024139404297,61.9,39.55078125
1786397311.8201773,62.11180114746094,74.1,39.55078125
1786397311.8373191,62.11180114746094,58.0,39.55078125
1786397311.8518717,62.11180114746094,69.4,39.55078125
1786397311.8686924,62.11180114746094,59.2,39.55078125
1786397311.8820846,62.11180114746094,0.0,39.55078125
1786397311.8991737,62.11180114746094,58.3,39.55078125
1786397311.918309,62.11180114746094,52.4,39.55078125
1786397311.931633,62.11180114746094,74.9,39.5546875
1786397311.950467,62.11180114746094,53.2,39.5546875
1786397311.9623556,62.11180114746094,0.0,39.5546875
1786397311.9838018,61.7283935546875,45.7,39.5546875
1786397311.9957988,61.7283935546875,86.5,39.5546875
1786397312.0142632,61.7283935546875,54.1,39.5546875
1786397312.031392,61.7283935546875,58.2,39.5546875
1786397312.0521438,61.7283935546875,96.2,39.5546875
1786397312.063976,61.7283935546875,85.2,39.55859375
1786397312.0770051,61.7283935546875,0.0,39.55859375
1786397312.0962107,61.7283935546875,52.0,39.55859375
1786397312.1118817,61.7283935546875,0.0,39.55859375
1786397312.1271648,61.7283935546875,65.4,39.55859375
1786397312.1416466,60.975608825683594,0.0,39.55859375
1786397312.1587296,60.975608825683594,57.9,39.55859375
1786397312.1769774,60.975608825683594,55.2,39.55859375
1786397312.1953278,60.975608825683594,54.7,39.55859375
1786397312.2128031,60.975608825683594,57.0,39.55859375
1786397312.2301886,60.975608825683594,57.6,39.55859375
1786397312.247676,60.975608825683594,112.6,39.55859375
1786397312.2602642,60.975608825683594,80.3,39.55859375
1786397312.2741144,60.975608825683594,73.2,39.55859375
1786397312.287783,60.975608825683594,0.0,39.55859375
1786397312.3056548,62.11180114746094,56.1,39.55859375
1786397312.3211381,62.11180114746094,64.4,39.55859375
1786397312.338305,62.11180114746094,58.3,39.55859375
1786397312.3542607,62.11180114746094,0.0,39.55859375
1786397312.3713365,62.11180114746094,58.4,39.55859375
1786397312.3888237,62.11180114746094,57.1,39.55859375
1786397312.4115753,62.11180114746094,87.9,39.55859375
1786397312.423252,62.11180114746094,85.6,39.55859375
1786397312.4364166,62.11180114746094,75.3,39.55859375
1786397312.449384,62.11180114746094,78.4,39.5625
1786397312.4667487,61.7283935546875,0.0,39.5625
1786397312.4806082,61.7283935546875,73.0,39.5625
1786397312.4982562,61.7283935546875,0.0,39.5625
1786397312.513292,61.7283935546875,0.0,39.5625
1786397312.5305243,61.7283935546875,57.9,39.5625
1786397312.5456088,61.7283935546875,0.0,39.5625
1786397312.561238,61.7283935546875,0.0,39.5625
1786397312.5777826,61.7283935546875,60.5,39.5625
1786397312.5980706,61.7283935546875,49.1,39.5625
1786397312.6137977,61.7283935546875,63.9,39.5625
1786397312.6259007,62.11180114746094,0.0,39.5625
1786397312.6445613,62.11180114746094,53.6,39.5625
1786397312.6592662,62.11180114746094,0.0,39.5625
1786397312.6788342,62.11180114746094,50.8,39.5625
1786397312.6972077,62.11180114746094,109.3,39.5625
1786397312.713709,62.11180114746094,60.5,39.5625
1786397312.724496,62.11180114746094,0.0,39.5625
1786397312.7407658,62.11180114746094,61.4,39.5625
1786397312.7577145,62.11180114746094,0.0,39.5625
1786397312.7772725,62.11180114746094,51.3,39.5625
1786397312.7987251,60.240966796875,45.5,39.5625
1786397312.815283,60.240966796875,125.3,39.5625
1786397312.826182,60.240966796875,0.0,39.5625
1786397312.8433056,60.240966796875,58.3,39.5625
1786397312.8561816,60.240966796875,77.8,39.5625
1786397312.8734853,60.240966796875,57.9,39.56640625
1786397312.887237,60.240966796875,0.0,39.56640625
1786397312.9088814,60.240966796875,46.1,39.56640625
1786397312.9210532,60.240966796875,0.0,39.56640625
1786397312.9416637,60.240966796875,96.5,39.56640625
1786397312.9560428,62.5,0.0,39.5703125
1786397312.978412,62.5,132.3,39.5703125
1786397312.988396,62.5,102.8,39.5703125
1786397313.006822,62.5,54.2,39.5703125
1786397313.0193264,62.5,0.0,39.5703125
1786397313.0377057,62.5,55.0,39.5703125
1786397313.0513096,62.5,73.8,39.5703125
1786397313.0707216,62.5,0.0,39.5703125
1786397313.0833633,62.5,79.3,39.5703125
1786397313.105097,62.5,46.1,39.5703125
1786397313.119821,61.349693298339844,67.9,39.5703125
1786397313.1318054,61.349693298339844,0.0,39.5703125
1786397313.1486213,61.349693298339844,59.4,39.5703125
1786397313.171799,61.349693298339844,43.1,39.5703125
1786397313.1886232,61.349693298339844,118.7,39.5703125
1786397313.201138,61.349693298339844,0.0,39.5703125
1786397313.2144876,61.349693298339844,75.5,39.5703125
1786397313.2398922,61.349693298339844,39.3,39.5703125
1786397313.2486699,61.349693298339844,114.2,39.5703125
1786397313.2634535,61.349693298339844,67.7,39.5703125
1786397313.2777956,61.7283935546875,0.0,39.5703125
1786397313.2935882,61.7283935546875,63.4,39.5703125
1786397313.3101108,61.7283935546875,0.0,39.5703125
1786397313.3246996,61.7283935546875,68.6,39.5703125
1786397313.3417752,61.7283935546875,0.0,39.5703125
1786397313.3572674,61.7283935546875,64.4,39.5703125
1786397313.373934,61.7283935546875,60.1,39.5703125
1786397313.390627,61.7283935546875,0.0,39.5703125
1786397313.414134,61.7283935546875,85.0,39.5703125
1786397313.4247534,61.7283935546875,0.0,39.5703125
1786397313.4434242,61.7283935546875,53.4,39.5703125
1786397313.45686,61.7283935546875,0.0,39.5703125
1786397313.4775329,61.7283935546875,48.0,39.57421875
1786397313.4906397,61.7283935546875,76.9,39.57421875
1786397313.506952,61.7283935546875,61.5,39.57421875
1786397313.5219843,61.7283935546875,0.0,39.57421875
1786397313.5420315,61.7283935546875,49.6,39.57421875
1786397313.5555108,61.7283935546875,74.7,39.57421875
1786397313.5801587,61.7283935546875,81.0,39.57421875
1786397313.5873132,61.7283935546875,0.0,39.57421875
1786397313.6124537,61.349693298339844,79.6,39.57421875
1786397313.6199362,61.349693298339844,0.0,39.57421875
1786397313.6388307,61.349693298339844,53.0,39.57421875
1786397313.6568918,61.349693298339844,55.4,39.57421875
1786397313.678268,61.349693298339844,93.4,39.57421875
1786397313.687891,61.349693298339844,103.8,39.57421875
1786397313.711649,61.349693298339844,42.1,39.578125
1786397313.7286098,61.349693298339844,117.8,39.578125
1786397313.7403688,61.349693298339844,85.3,39.578125
1786397313.7529027,61.349693298339844,78.8,39.578125
1786397313.768549,60.975608825683594,0.0,39.578125
1786397313.7831018,60.975608825683594,68.6,39.578125
1786397313.7972088,60.975608825683594,70.7,39.578125
1786397313.815252,60.975608825683594,0.0,39.578125
1786397313.831094,60.975608825683594,63.2,39.578125
1786397313.8527136,60.975608825683594,45.6,39.578125
1786397313.8724463,60.975608825683594,103.0,39.578125
1786397313.882342,60.975608825683594,0.0,39.578125
1786397313.8961177,60.975608825683594,73.4,39.578125
1786397313.9138803,60.975608825683594,56.3,39.578125
1786397313.9331598,61.349693298339844,51.1,39.578125
1786397313.9508915,61.349693298339844,57.2,39.578125
1786397313.9665139,61.349693298339844,64.0,39.578125
1786397313.9813442,61.349693298339844,0.0,39.578125
1786397313.9983346,61.349693298339844,58.7,39.58203125
1786397314.014813,61.349693298339844,60.8,39.58203125
1786397314.0294805,61.349693298339844,0.0,39.58203125
1786397314.046797,61.349693298339844,57.8,39.58203125
1786397314.0616417,61.349693298339844,0.0,39.58203125
1786397314.0779214,61.349693298339844,61.4,39.58203125
1786397314.0958743,60.975608825683594,0.0,39.58203125
1786397314.114971,60.975608825683594,52.2,39.58203125
1786397314.1299715,60.975608825683594,66.2,39.58203125
1786397314.1475384,60.975608825683594,114.6,39.58203125
1786397314.16371,60.975608825683594,61.7,39.58203125
1786397314.1784792,60.975608825683594,67.9,39.58203125
1786397314.1917932,60.975608825683594,75.3,39.58203125
1786397314.2121596,60.975608825683594,49.0,39.58203125
1786397314.2264075,60.975608825683594,70.2,39.58203125
1786397314.2440536,60.975608825683594,56.8,39.58203125
1786397314.2589765,61.7283935546875,67.0,39.58203125
1786397314.2776585,61.7283935546875,53.0,39.58203125
1786397314.2926736,61.7283935546875,67.4,39.58203125
1786397314.3159933,61.7283935546875,42.8,39.58203125
1786397314.3278584,61.7283935546875,84.5,39.58203125
1786397314.347285,61.7283935546875,102.6,39.58203125
1786397314.3627925,61.7283935546875,64.6,39.58203125
1786397314.37769,61.7283935546875,67.2,39.58203125
1786397314.39516,61.7283935546875,57.4,39.58203125
1786397314.4111304,61.7283935546875,125.2,39.58203125
1786397314.4215124,60.60606002807617,0.0,39.58203125
1786397314.443586,60.60606002807617,45.1,39.58203125
1786397314.4562001,60.60606002807617,79.8,39.58203125
1786397314.475193,60.60606002807617,52.6,39.58203125
1786397314.4917836,60.60606002807617,60.3,39.58203125
1786397314.512322,60.60606002807617,97.3,39.58203125
1786397314.5243447,60.60606002807617,83.4,39.58203125
1786397314.5385964,60.60606002807617,69.9,39.58984375
1786397314.5532398,60.60606002807617,68.1,39.58984375
1786397314.5719094,60.60606002807617,53.8,39.58984375
1786397314.5838776,62.11180114746094,83.3,39.58984375
1786397314.6011164,62.11180114746094,0.0,39.58984375
1786397314.6169994,62.11180114746094,63.3,39.58984375
1786397314.6344895,62.11180114746094,57.1,39.58984375
1786397314.6511264,62.11180114746094,60.0,39.58984375
1786397314.6648245,62.11180114746094,0.0,39.58984375
1786397314.6864448,62.11180114746094,46.4,39.58984375
1786397314.6999779,62.11180114746094,72.9,39.58984375
1786397314.7134812,62.11180114746094,75.0,39.58984375
1786397314.731109,62.11180114746094,0.0,39.58984375
1786397314.746948,61.349693298339844,63.1,39.58984375
1786397314.7609057,61.349693298339844,71.7,39.58984375
1786397314.7811294,61.349693298339844,98.5,39.58984375
1786397314.7948837,61.349693298339844,0.0,39.58984375
1786397314.811581,61.349693298339844,59.8,39.58984375
1786397314.8249469,61.349693298339844,75.0,39.58984375
1786397314.8421226,61.349693298339844,0.0,39.58984375
1786397314.8591383,61.349693298339844,58.8,39.58984375
1786397314.8775148,61.349693298339844,54.2,39.58984375
1786397314.894997,61.349693298339844,0.0,39.58984375
1786397314.9106998,60.975608825683594,63.8,39.58984375
1786397314.924747,60.975608825683594,71.3,39.58984375
1786397314.9436975,60.975608825683594,52.7,39.58984375
1786397314.9578316,60.975608825683594,0.0,39.58984375
1786397314.9783552,60.975608825683594,48.6,39.58984375
1786397314.9908068,60.975608825683594,80.8,39.58984375
1786397315.009266,60.975608825683594,54.0,39.58984375
1786397315.0299096,60.975608825683594,48.3,39.58984375
1786397315.0429058,60.975608825683594,77.6,39.59375
1786397315.0567265,60.975608825683594,72.5,39.59375
1786397315.076864,62.11180114746094,49.5,39.59375
1786397315.0939443,62.11180114746094,58.6,39.59375
1786397315.1111655,62.11180114746094,58.2,39.59375
1786397315.1230214,62.11180114746094,84.3,39.60546875
1786397315.1394148,62.11180114746094,61.0,39.60546875
1786397315.1537647,62.11180114746094,0.0,39.60546875
1786397315.17372,62.11180114746094,99.8,39.60546875
1786397315.1891093,62.11180114746094,0.0,39.60546875
1786397315.2085552,62.11180114746094,51.6,39.60546875
1786397315.222755,62.11180114746094,69.9,39.60546875
1786397315.2444422,60.60606002807617,46.2,39.60546875
1786397315.2578278,60.60606002807617,149.4,39.60546875
1786397315.283937,60.60606002807617,76.2,39.60546875
1786397315.300933,60.60606002807617,118.8,39.60546875
1786397315.3125365,60.60606002807617,86.4,39.60546875
1786397315.3258274,60.60606002807617,0.0,39.60546875
1786397315.3443635,60.60606002807617,108.0,39.60546875
1786397315.3550782,60.60606002807617,0.0,39.60546875
1786397315.3714745,60.60606002807617,60.4,39.60546875
1786397315.388597,60.60606002807617,0.0,39.609375
1786397315.4041307,59.17159652709961,64.4,39.609375
1786397315.4227703,59.17159652709961,53.3,39.609375
1786397315.440869,59.17159652709961,55.5,39.609375
1786397315.4553695,59.17159652709961,69.1,39.609375
1786397315.474584,59.17159652709961,51.8,39.609375
1786397315.4874268,59.17159652709961,78.2,39.609375
1786397315.502296,59.17159652709961,0.0,39.609375
1786397315.5194063,59.17159652709961,58.6,39.609375
1786397315.53308,59.17159652709961,72.7,39.609375
1786397315.5483918,59.17159652709961,0.0,39.609375
1786397315.5644953,62.5,62.1,39.609375
1786397315.5798388,62.5,65.2,39.609375
1786397315.596319,62.5,0.0,39.61328125
1786397315.6125748,62.5,61.4,39.61328125
1786397315.6289332,62.5,0.0,39.61328125
1786397315.6456313,62.5,59.8,39.61328125
1786397315.6645284,62.5,0.0,39.61328125
1786397315.692478,62.5,69.0,39.61328125
1786397315.7118611,62.5,163.7,39.61328125
1786397315.7211509,62.5,106.8,39.61328125
1786397315.736592,58.82352828979492,0.0,39.61328125
1786397315.7513638,58.82352828979492,67.8,39.61328125
1786397315.765746,58.82352828979492,69.1,39.61328125
1786397315.7810118,58.82352828979492,0.0,39.61328125
1786397315.8036435,58.82352828979492,44.2,39.61328125
1786397315.8130453,58.82352828979492,106.6,39.61328125
1786397315.828906,58.82352828979492,0.0,39.61328125
1786397315.8452065,58.82352828979492,61.3,39.61328125
1786397315.8611462,58.82352828979492,0.0,39.61328125
1786397315.877575,58.82352828979492,60.9,39.61328125
1786397315.894397,62.5,0.0,39.61328125
1786397315.9100337,62.5,63.8,39.61328125
1786397315.9255073,62.5,64.7,39.61328125
1786397315.9421172,62.5,0.0,39.61328125
1786397315.9582026,62.5,62.4,39.61328125
1786397315.9746203,62.5,61.0,39.61328125
1786397315.990235,62.5,0.0,39.61328125
1786397316.0105002,62.5,49.3,39.61328125
1786397316.0236173,62.5,75.7,39.61328125
1786397316.0413945,62.5,56.4,39.61328125
1786397316.0576866,61.7283935546875,61.4,39.61328125
1786397316.0774794,61.7283935546875,50.7,39.61328125
1786397316.0900705,61.7283935546875,0.0,39.61328125
1786397316.1068168,61.7283935546875,60.0,39.61328125
1786397316.1237683,61.7283935546875,59.2,39.6171875
1786397316.1399558,61.7283935546875,61.8,39.6171875
1786397316.1549811,61.7283935546875,0.0,39.6171875
1786397316.176714,61.7283935546875,91.9,39.6171875
1786397316.1900694,61.7283935546875,74.7,39.6171875
1786397316.2116718,61.7283935546875,92.7,39.62109375
1786397316.2283003,61.7283935546875,60.1,39.62109375
1786397316.2442098,61.7283935546875,125.8,39.62109375
1786397316.255755,61.7283935546875,86.7,39.62109375
1786397316.2712615,61.7283935546875,64.5,39.62109375
1786397316.2860484,61.7283935546875,67.7,39.62109375
1786397316.3019803,61.7283935546875,60.7,39.625
1786397316.316319,61.7283935546875,0.0,39.625
1786397316.3379402,61.7283935546875,46.2,39.625
1786397316.35019,61.7283935546875,81.4,39.625
1786397316.3628702,61.7283935546875,79.3,39.625
1786397316.386847,61.7283935546875,41.7,39.625
1786397316.401611,61.7283935546875,66.3,39.625
1786397316.417088,61.7283935546875,64.9,39.625
1786397316.432247,61.7283935546875,66.8,39.625
1786397316.4490237,61.7283935546875,59.7,39.625
1786397316.4625494,61.7283935546875,0.0,39.625
1786397316.4782572,61.7283935546875,63.6,39.625
1786397316.494688,61.7283935546875,0.0,39.625
1786397316.5130079,61.7283935546875,54.7,39.625
1786397316.528287,61.7283935546875,65.4,39.625
1786397316.5482645,60.60606002807617,50.0,39.625
1786397316.5638804,60.60606002807617,0.0,39.625
1786397316.5855634,60.60606002807617,91.6,39.625
1786397316.5978675,60.60606002807617,81.4,39.625
1786397316.6104321,60.60606002807617,0.0,39.625
1786397316.6257658,60.60606002807617,65.3,39.62890625
1786397316.642137,60.60606002807617,0.0,39.62890625
1786397316.6598413,60.60606002807617,56.6,39.62890625
1786397316.6758442,60.60606002807617,0.0,39.62890625
1786397316.694801,60.60606002807617,52.7,39.62890625
1786397316.7145941,61.349693298339844,50.5,39.62890625
1786397316.7238512,61.349693298339844,108.4,39.62890625
1786397316.739401,61.349693298339844,0.0,39.62890625
1786397316.7572396,61.349693298339844,112.2,39.62890625
1786397316.7751477,61.349693298339844,0.0,39.62890625
1786397316.7905283,61.349693298339844,64.9,39.62890625
1786397316.8089085,61.349693298339844,54.4,39.62890625
1786397316.8263743,61.349693298339844,57.2,39.62890625
1786397316.8477092,61.349693298339844,46.5,39.62890625
1786397316.862053,61.349693298339844,140.3,39.62890625
1786397316.8757,60.240966796875,72.8,39.62890625
1786397316.890516,60.240966796875,0.0,39.62890625
1786397316.9068618,60.240966796875,60.9,39.62890625
1786397316.9213376,60.240966796875,0.0,39.62890625
1786397316.942493,60.240966796875,47.2,39.62890625
1786397316.9559262,60.240966796875,74.5,39.62890625
1786397316.9742763,60.240966796875,0.0,39.62890625
1786397316.99131,60.240966796875,59.0,39.62890625
1786397317.0348382,60.240966796875,69.1,39.62890625
1786397317.0485418,60.240966796875,146.1,39.62890625
1786397317.0630527,54.64480972290039,68.9,39.6328125
1786397317.078111,54.64480972290039,66.3,39.6328125
1786397317.0915375,54.64480972290039,74.6,39.6328125
1786397317.10731,54.64480972290039,0.0,39.6328125
1786397317.123081,54.64480972290039,63.6,39.6328125
1786397317.1387045,54.64480972290039,64.1,39.6328125
1786397317.1541045,54.64480972290039,0.0,39.63671875
1786397317.1693368,54.64480972290039,65.8,39.63671875
1786397317.1852403,54.64480972290039,0.0,39.63671875
1786397317.2065313,54.64480972290039,47.0,39.63671875
1786397317.2197943,61.7283935546875,75.4,39.63671875
1786397317.2392254,61.7283935546875,51.4,39.63671875
1786397317.252801,61.7283935546875,73.6,39.63671875
1786397317.2722,61.7283935546875,51.3,39.63671875
1786397317.288488,61.7283935546875,61.8,39.63671875
1786397317.3077776,61.7283935546875,102.3,39.63671875
1786397317.320448,61.7283935546875,80.7,39.63671875
1786397317.3373024,61.7283935546875,57.5,39.63671875
1786397317.3512084,61.7283935546875,0.0,39.63671875
1786397317.3662658,61.7283935546875,66.0,39.63671875
1786397317.380646,61.7283935546875,70.1,39.63671875
1786397317.3969622,61.7283935546875,0.0,39.63671875
1786397317.4118981,61.7283935546875,67.1,39.63671875
1786397317.4290414,61.7283935546875,0.0,39.63671875
1786397317.4437916,61.7283935546875,68.0,39.63671875
1786397317.4613013,61.7283935546875,0.0,39.63671875
1786397317.4792073,61.7283935546875,0.0,39.63671875
1786397317.4956474,61.7283935546875,60.8,39.63671875
1786397317.5104702,61.7283935546875,67.6,39.63671875
1786397317.524764,61.7283935546875,0.0,39.63671875
1786397317.540959,61.7283935546875,61.8,39.63671875
1786397317.5573056,61.7283935546875,61.2,39.63671875
1786397317.5743058,61.7283935546875,0.0,39.63671875
1786397317.5892587,61.7283935546875,67.0,39.63671875
1786397317.60649,61.7283935546875,0.0,39.63671875
1786397317.6221135,61.7283935546875,64.2,39.63671875
1786397317.6479068,61.7283935546875,38.7,39.63671875
1786397317.6564348,61.7283935546875,117.8,39.63671875
1786397317.6760936,61.7283935546875,50.9,39.640625
1786397317.6916103,61.7283935546875,63.8,39.640625
1786397317.7079964,62.11180114746094,61.6,39.640625
1786397317.7205489,62.11180114746094,79.8,39.640625
1786397317.7384305,62.11180114746094,55.9,39.640625
1786397317.7534273,62.11180114746094,0.0,39.640625
1786397317.775153,62.11180114746094,46.0,39.640625
1786397317.790898,62.11180114746094,127.1,39.640625
1786397317.8107188,62.11180114746094,50.4,39.640625
1786397317.8271463,62.11180114746094,60.8,39.640625
1786397317.8392048,62.11180114746094,166.8,39.640625
1786397317.8519583,62.11180114746094,0.0,39.640625
1786397317.8708112,60.975608825683594,52.9,39.640625
1786397317.8843832,60.975608825683594,74.0,39.64453125
1786397317.9005113,60.975608825683594,61.6,39.64453125
1786397317.9143877,60.975608825683594,0.0,39.64453125
1786397317.9307923,60.975608825683594,0.0,39.64453125
1786397317.9473987,60.975608825683594,60.0,39.64453125
1786397317.9626064,60.975608825683594,0.0,39.64453125
1786397317.9790437,60.975608825683594,60.7,39.64453125
1786397317.9970777,60.975608825683594,0.0,39.64453125
1786397318.0132384,60.975608825683594,62.5,39.64453125
1786397318.0305398,62.11180114746094,0.0,39.64453125
1786397318.045062,62.11180114746094,136.6,39.64453125
1786397318.0694396,62.11180114746094,40.9,39.64453125
1786397318.080535,62.11180114746094,91.4,39.64453125
1786397318.095214,62.11180114746094,68.4,39.64453125
1786397318.1135075,62.11180114746094,0.0,39.64453125
1786397318.133417,62.11180114746094,50.2,39.64453125
1786397318.1476288,62.11180114746094,70.5,39.64453125
1786397318.1601033,62.11180114746094,80.4,39.64453125
1786397318.1782908,62.11180114746094,54.9,39.64453125
1786397318.1933625,60.975608825683594,66.4,39.6484375
1786397318.2108145,60.975608825683594,0.0,39.6484375
1786397318.226115,60.975608825683594,65.3,39.6484375
1786397318.241812,60.975608825683594,63.3,39.6484375
1786397318.257723,60.975608825683594,0.0,39.6484375
1786397318.2761447,60.975608825683594,54.6,39.6484375
1786397318.2887783,60.975608825683594,79.2,39.6484375
1786397318.314182,60.975608825683594,39.0,39.6484375
1786397318.3345392,60.975608825683594,99.3,39.6484375
1786397318.3496556,60.975608825683594,132.2,39.6484375
1786397318.360901,60.975608825683594,89.3,39.6484375
1786397318.3754916,60.975608825683594,68.3,39.6484375
1786397318.3895361,60.975608825683594,0.0,39.6484375
1786397318.4076273,60.975608825683594,55.2,39.6484375
1786397318.4213755,60.975608825683594,0.0,39.6484375
1786397318.4384456,60.975608825683594,58.6,39.6484375
1786397318.4548604,60.975608825683594,60.9,39.6484375
1786397318.4739532,60.975608825683594,0.0,39.6484375
1786397318.488265,60.975608825683594,70.0,39.6484375
1786397318.504023,60.975608825683594,63.4,39.6484375
1786397318.520676,61.7283935546875,60.1,39.6484375
1786397318.550397,61.7283935546875,67.0,39.6484375
1786397318.571828,61.7283935546875,93.4,39.6484375
1786397318.5843763,61.7283935546875,79.9,39.6484375
1786397318.5971262,61.7283935546875,77.5,39.6484375
1786397318.6119816,61.7283935546875,68.3,39.6484375
1786397318.6261733,61.7283935546875,70.5,39.6484375
1786397318.6429775,61.7283935546875,59.5,39.6484375
1786397318.661983,61.7283935546875,52.6,39.6484375
1786397318.67896,61.7283935546875,58.7,39.6484375
1786397318.6969488,58.479530334472656,55.7,39.6484375
1786397318.713799,58.479530334472656,59.3,39.6484375
1786397318.7290232,58.479530334472656,64.9,39.65234375
1786397318.7463315,58.479530334472656,116.8,39.65234375
1786397318.756256,58.479530334472656,100.7,39.65625
1786397318.7766037,58.479530334472656,49.1,39.65625
1786397318.7899745,58.479530334472656,74.9,39.65625
1786397318.8055449,58.479530334472656,64.3,39.65625
1786397318.820042,58.479530334472656,0.0,39.65625
1786397318.8443174,58.479530334472656,82.6,39.65625
1786397318.8569376,61.349693298339844,0.0,39.65625
1786397318.8720045,61.349693298339844,66.5,39.65625
1786397318.8856199,61.349693298339844,73.5,39.65625
1786397318.9045355,61.349693298339844,52.6,39.65625
1786397318.91963,61.349693298339844,133.1,39.65625
1786397318.9358528,61.349693298339844,61.7,39.65625
1786397318.9501195,61.349693298339844,0.0,39.65625
1786397318.9680457,61.349693298339844,55.6,39.65625
1786397318.983462,61.349693298339844,64.8,39.65625
1786397318.9971051,61.349693298339844,0.0,39.65625
1786397319.018831,62.5,46.1,39.65625
1786397319.0308871,62.5,82.8,39.65625
1786397319.0477445,62.5,59.6,39.65625
1786397319.0643337,62.5,59.8,39.65625
1786397319.0798645,62.5,0.0,39.65625
1786397319.0954173,62.5,64.4,39.65625
1786397319.1153803,62.5,49.7,39.65625
1786397319.126269,62.5,93.1,39.65625
1786397319.143536,62.5,57.9,39.65625
1786397319.159096,62.5,0.0,39.65625
1786397319.1751647,61.7283935546875,61.6,39.65625
1786397319.1913695,61.7283935546875,0.0,39.65625
1786397319.2080371,61.7283935546875,59.8,39.65625
1786397319.2233446,61.7283935546875,65.5,39.66015625
1786397319.2432013,61.7283935546875,50.3,39.66015625
1786397319.2550206,61.7283935546875,0.0,39.66015625
1786397319.281884,61.7283935546875,74.5,39.66015625
1786397319.2971601,61.7283935546875,62.8,39.66015625
1786397319.3183537,61.7283935546875,143.2,39.66015625
1786397319.3340082,61.7283935546875,63.6,39.66015625
1786397319.3434162,60.240966796875,112.0,39.66015625
1786397319.3590124,60.240966796875,64.2,39.66015625
1786397319.3747888,60.240966796875,63.3,39.66015625
1786397319.3888116,60.240966796875,0.0,39.66015625
1786397319.4080966,60.240966796875,51.9,39.66015625
1786397319.4229257,60.240966796875,67.2,39.66015625
1786397319.4427638,60.240966796875,50.4,39.66015625
1786397319.4550273,60.240966796875,81.9,39.66015625
1786397319.4777582,60.240966796875,44.0,39.66015625
1786397319.49155,60.240966796875,144.6,39.66015625
1786397319.5118163,62.5,49.4,39.66015625
1786397319.520236,62.5,118.8,39.66015625
1786397319.5427954,62.5,87.7,39.6640625
1786397319.5527132,62.5,103.8,39.6640625
1786397319.5689723,62.5,0.0,39.6640625
1786397319.5858006,62.5,59.5,39.6640625
1786397319.5987473,62.5,76.7,39.6640625
1786397319.616468,62.5,110.9,39.6640625
1786397319.6379213,62.5,47.4,39.6640625
1786397319.6561775,62.5,54.4,39.6640625
1786397319.680445,60.60606002807617,83.0,39.6640625
1786397319.692416,60.60606002807617,162.8,39.6640625
1786397319.7069166,60.60606002807617,70.4,39.6640625
1786397319.7199097,60.60606002807617,77.0,39.6640625
1786397319.7402318,60.60606002807617,49.2,39.6640625
1786397319.750031,60.60606002807617,0.0,39.66796875
1786397319.768026,60.60606002807617,55.0,39.66796875
1786397319.7852824,60.60606002807617,58.5,39.66796875
1786397319.804316,60.60606002807617,52.5,39.66796875
1786397319.8149123,60.60606002807617,0.0,39.66796875
1786397319.8385878,60.240966796875,83.4,39.66796875
1786397319.8545103,60.240966796875,64.0,39.66796875
1786397319.8720467,60.240966796875,57.1,39.66796875
1786397319.8830957,60.240966796875,89.8,39.66796875
1786397319.907991,60.240966796875,80.4,39.66796875
1786397319.9206157,60.240966796875,157.9,39.66796875
1786397319.9399226,60.240966796875,103.8,39.66796875
1786397319.9513676,60.240966796875,87.5,39.66796875
1786397319.9703896,60.240966796875,52.0,39.66796875
1786397319.9803905,60.240966796875,102.3,39.66796875
1786397319.9960737,61.349693298339844,0.0,39.66796875
1786397320.0122015,61.349693298339844,61.6,39.66796875
1786397320.0314703,61.349693298339844,52.1,39.66796875
1786397320.0544353,61.349693298339844,87.3,39.66796875
1786397320.0664055,61.349693298339844,83.4,39.66796875
1786397320.0799928,61.349693298339844,73.8,39.66796875
1786397320.0982935,61.349693298339844,54.6,39.66796875
1786397320.1143515,61.349693298339844,62.0,39.66796875
1786397320.1268556,61.349693298339844,80.1,39.66796875
1786397320.1420293,61.349693298339844,0.0,39.66796875
1786397320.1582718,61.349693298339844,61.6,39.66796875
1786397320.1795537,61.349693298339844,0.0,39.66796875
1786397320.1966665,61.349693298339844,116.5,39.66796875
1786397320.2119641,61.349693298339844,65.6,39.66796875
1786397320.2274604,61.349693298339844,63.9,39.66796875
1786397320.2410805,61.349693298339844,0.0,39.66796875
1786397320.2578123,61.349693298339844,59.6,39.66796875
1786397320.2748954,61.349693298339844,58.3,39.671875
1786397320.2896135,61.349693298339844,68.4,39.671875
1786397320.306852,61.349693298339844,57.5,39.671875
1786397320.3209572,61.349693298339844,0.0,39.671875
1786397320.342271,61.349693298339844,47.1,39.671875
1786397320.3562284,61.349693298339844,71.7,39.671875
1786397320.3774862,61.349693298339844,94.1,39.67578125
1786397320.3917406,61.349693298339844,70.3,39.67578125
1786397320.412332,61.349693298339844,96.8,39.67578125
1786397320.430294,61.349693298339844,55.5,39.67578125
1786397320.4492269,61.349693298339844,106.1,39.67578125
1786397320.4603696,61.349693298339844,89.7,39.67578125
1786397320.4760187,61.349693298339844,63.9,39.67578125
1786397320.4886274,60.240966796875,159.0,39.67578125
1786397320.5040026,60.240966796875,0.0,39.67578125
1786397320.519178,60.240966796875,65.9,39.67578125
1786397320.5388272,60.240966796875,50.9,39.67578125
1786397320.552725,60.240966796875,0.0,39.67578125
1786397320.5722775,60.240966796875,50.7,39.67578125
1786397320.587261,60.240966796875,67.6,39.67578125
1786397320.6059334,60.240966796875,53.5,39.67578125
1786397320.6171288,60.240966796875,0.0,39.67578125
1786397320.6394153,60.240966796875,45.1,39.67578125
1786397320.6533768,61.349693298339844,71.5,39.67578125
1786397320.6751344,61.349693298339844,91.8,39.67578125
1786397320.6868427,61.349693298339844,85.6,39.67578125
1786397320.7058628,61.349693298339844,52.0,39.67578125
1786397320.7164736,61.349693298339844,0.0,39.67578125
1786397320.7343214,61.349693298339844,55.9,39.67578125
1786397320.7477427,61.349693298339844,74.5,39.67578125
1786397320.7660794,61.349693298339844,0.0,39.67578125
1786397320.7816513,61.349693298339844,64.9,39.67578125
1786397320.795243,61.349693298339844,73.8,39.6796875
1786397320.8122683,61.349693298339844,0.0,39.6796875
1786397320.827898,61.349693298339844,64.0,39.6796875
1786397320.850202,61.349693298339844,44.7,39.6796875
1786397320.865457,61.349693298339844,65.5,39.6796875
1786397320.8824694,61.349693298339844,58.9,39.6796875
1786397320.8959086,61.349693298339844,74.6,39.6796875
1786397320.9097948,61.349693298339844,72.0,39.6796875
1786397320.9246535,61.349693298339844,0.0,39.6796875
1786397320.9425054,61.349693298339844,56.1,39.6796875
1786397320.9578912,61.349693298339844,64.8,39.6796875
1786397320.9739907,62.11180114746094,62.5,39.6796875
1786397320.9885528,62.11180114746094,0.0,39.6796875
1786397321.0083666,62.11180114746094,50.0,39.6796875
1786397321.021792,62.11180114746094,75.4,39.6796875
1786397321.0391219,62.11180114746094,0.0,39.6796875
1786397321.0542789,62.11180114746094,65.9,39.6796875
1786397321.0700793,62.11180114746094,63.3,39.6796875
1786397321.0846484,62.11180114746094,0.0,39.6796875
1786397321.1015587,62.11180114746094,0.0,39.6796875
1786397321.1190784,62.11180114746094,57.1,39.6796875
1786397321.1338296,62.5,67.4,39.6796875
1786397321.1499279,62.5,0.0,39.6796875
1786397321.170666,62.5,48.1,39.6796875
1786397321.1839504,62.5,75.5,39.68359375
1786397321.199175,62.5,65.5,39.68359375
1786397321.2259154,62.5,72.9,39.68359375
1786397321.2411473,62.5,67.9,39.68359375
1786397321.2541409,62.5,78.4,39.68359375
1786397321.2717645,62.5,56.6,39.68359375
1786397321.2814999,62.5,103.1,39.68359375
1786397321.2991548,61.349693298339844,56.5,39.6875
1786397321.3145695,61.349693298339844,0.0,39.6875
1786397321.3293226,61.349693298339844,68.2,39.6875
1786397321.3450553,61.349693298339844,0.0,39.6875
1786397321.3617737,61.349693298339844,60.5,39.6875
1786397321.3807507,61.349693298339844,52.7,39.6875
1786397321.4002147,61.349693298339844,51.2,39.6875
1786397321.4150848,61.349693298339844,134.7,39.6875
1786397321.4304764,61.349693298339844,64.9,39.6875
1786397321.4455032,61.349693298339844,0.0,39.6875
1786397321.4604287,61.349693298339844,67.3,39.6875
1786397321.4781642,61.349693298339844,56.4,39.6875
1786397321.4928255,61.349693298339844,0.0,39.6875
1786397321.5103166,61.349693298339844,57.2,39.6875
1786397321.5241218,61.349693298339844,72.3,39.6875
1786397321.5463388,61.349693298339844,45.1,39.6875
1786397321.560772,61.349693298339844,69.2,39.6875
1786397321.5836112,61.349693298339844,87.2,39.6875
1786397321.5976,61.349693298339844,71.5,39.6875
1786397321.6133366,61.349693298339844,63.8,39.6875
1786397321.6276803,60.975608825683594,69.8,39.6875
1786397321.644762,60.975608825683594,58.7,39.6875
1786397321.6567116,60.975608825683594,83.6,39.6875
1786397321.673743,60.975608825683594,0.0,39.6875
1786397321.6892655,60.975608825683594,64.8,39.6875
1786397321.7083354,60.975608825683594,0.0,39.6875
1786397321.7243252,60.975608825683594,63.1,39.6875
1786397321.7414021,60.975608825683594,58.5,39.6875
1786397321.7611227,60.975608825683594,101.2,39.6875
1786397321.7800875,60.975608825683594,53.0,39.6875
1786397321.7916288,60.975608825683594,86.0,39.6875
1786397321.8083787,60.975608825683594,59.9,39.6875
1786397321.8208578,60.975608825683594,80.4,39.69140625
1786397321.837985,60.975608825683594,0.0,39.69140625
1786397321.8513305,60.975608825683594,75.1,39.69140625
1786397321.868347,60.975608825683594,0.0,39.69140625
1786397321.8858929,60.975608825683594,57.1,39.69140625
1786397321.9068334,60.975608825683594,47.6,39.69140625
1786397321.9264364,60.975608825683594,153.1,39.69140625
1786397321.9424553,60.975608825683594,62.1,39.69140625
1786397321.9557264,61.349693298339844,76.1,39.69140625
1786397321.972134,61.349693298339844,60.9,39.69140625
1786397321.9859583,61.349693298339844,72.4,39.69140625
1786397322.003919,61.349693298339844,55.7,39.69140625
1786397322.0179777,61.349693298339844,0.0,39.69140625
1786397322.033777,61.349693298339844,62.1,39.6953125
1786397322.0499618,61.349693298339844,62.4,39.6953125
1786397322.0652823,61.349693298339844,0.0,39.6953125
1786397322.0812745,61.349693298339844,62.7,39.6953125
1786397322.0958383,61.349693298339844,0.0,39.6953125
1786397322.1146343,61.349693298339844,53.1,39.6953125
1786397322.131097,61.349693298339844,60.5,39.6953125
1786397322.1516075,61.349693298339844,48.9,39.6953125
1786397322.1667502,61.349693298339844,65.9,39.6953125
1786397322.1879463,61.349693298339844,47.4,39.6953125
1786397322.1953428,61.349693298339844,134.0,39.6953125
1786397322.213936,61.349693298339844,0.0,39.6953125
1786397322.2258966,61.349693298339844,84.0,39.6953125
1786397322.2470386,61.349693298339844,47.3,39.6953125
1786397322.2585447,61.349693298339844,0.0,39.6953125
1786397322.2762117,61.7283935546875,56.6,39.6953125
1786397322.2924595,61.7283935546875,0.0,39.6953125
1786397322.3090339,61.7283935546875,60.2,39.6953125
1786397322.3230133,61.7283935546875,71.7,39.6953125
1786397322.3448238,61.7283935546875,45.7,39.69921875
1786397322.3582582,61.7283935546875,0.0,39.69921875
1786397322.37803,61.7283935546875,102.0,39.69921875
1786397322.389843,61.7283935546875,0.0,39.69921875
1786397322.410294,61.7283935546875,98.0,39.69921875
1786397322.4201705,61.7283935546875,0.0,39.69921875
1786397322.4376812,62.5,57.1,39.69921875
1786397322.452762,62.5,66.4,39.69921875
1786397322.4721572,62.5,51.6,39.69921875
1786397322.4856753,62.5,0.0,39.69921875
1786397322.5059884,62.5,48.5,39.69921875
1786397322.52015,62.5,72.0,39.69921875
1786397322.540871,62.5,48.2,39.69921875
1786397322.5553677,62.5,138.2,39.69921875
1786397322.571486,62.5,61.5,39.69921875
1786397322.5844204,62.5,78.2,39.69921875
1786397322.6017811,61.7283935546875,57.6,39.69921875
1786397322.6156151,61.7283935546875,72.5,39.69921875
1786397322.6303794,61.7283935546875,0.0,39.69921875
1786397322.6472075,61.7283935546875,59.5,39.69921875
1786397322.6615765,61.7283935546875,0.0,39.69921875
1786397322.678042,61.7283935546875,60.8,39.69921875
1786397322.6940813,61.7283935546875,0.0,39.69921875
1786397322.712375,61.7283935546875,54.6,39.69921875
1786397322.7290413,61.7283935546875,60.0,39.69921875
1786397322.7469535,61.7283935546875,55.4,39.69921875
1786397322.7648642,61.7283935546875,112.4,39.69921875
1786397322.7861304,61.7283935546875,46.9,39.69921875
1786397322.7984955,61.7283935546875,80.9,39.69921875
1786397322.8112528,61.7283935546875,78.9,39.69921875
1786397322.824969,61.7283935546875,72.8,39.69921875
1786397322.840134,61.7283935546875,0.0,39.703125
1786397322.8562467,61.7283935546875,61.4,39.70703125
1786397322.872965,61.7283935546875,0.0,39.70703125
1786397322.8878605,61.7283935546875,0.0,39.70703125
1786397322.9062982,61.7283935546875,54.1,39.70703125
1786397322.9244785,61.349693298339844,54.8,39.70703125
1786397322.946049,61.349693298339844,92.6,39.70703125
1786397322.960692,61.349693298339844,68.8,39.70703125
1786397322.9786234,61.349693298339844,55.7,39.70703125
1786397322.9897504,61.349693298339844,89.9,39.70703125
1786397323.0087032,61.349693298339844,52.7,39.70703125
1786397323.025663,61.349693298339844,59.1,39.70703125
1786397323.0401306,61.349693298339844,69.1,39.70703125
1786397323.0542073,61.349693298339844,0.0,39.70703125
1786397323.0730674,61.349693298339844,53.0,39.70703125
1786397323.0868428,60.975608825683594,0.0,39.70703125
1786397323.1095457,60.975608825683594,44.0,39.70703125
1786397323.1224794,60.975608825683594,77.5,39.70703125
1786397323.1380858,60.975608825683594,64.0,39.70703125
1786397323.1529524,60.975608825683594,67.3,39.70703125
1786397323.1729238,60.975608825683594,49.1,39.70703125
1786397323.184168,60.975608825683594,0.0,39.70703125
1786397323.2016246,60.975608825683594,57.1,39.70703125
1786397323.216966,60.975608825683594,0.0,39.70703125
1786397323.2408564,60.975608825683594,83.7,39.70703125
1786397323.2504282,61.349693298339844,0.0,39.70703125
1786397323.2677736,61.349693298339844,57.3,39.70703125
1786397323.28049,61.349693298339844,79.2,39.70703125
1786397323.2976964,61.349693298339844,0.0,39.70703125
1786397323.3156106,61.349693298339844,55.6,39.70703125
1786397323.3339753,61.349693298339844,54.1,39.70703125
1786397323.34868,61.349693298339844,0.0,39.70703125
1786397323.361672,61.349693298339844,0.0,39.7109375
1786397323.3782623,61.349693298339844,60.4,39.7109375
1786397323.3946357,61.349693298339844,0.0,39.7109375
1786397323.4118507,61.349693298339844,58.1,39.7109375
1786397323.429668,61.349693298339844,0.0,39.7109375
1786397323.450823,61.349693298339844,47.3,39.7109375
1786397323.4609752,61.349693298339844,98.7,39.7109375
1786397323.4780571,61.349693298339844,0.0,39.7109375
1786397323.4947815,61.349693298339844,59.7,39.7109375
1786397323.5121374,61.349693298339844,0.0,39.7109375
1786397323.5270889,61.349693298339844,66.9,39.7109375
1786397323.5433967,61.349693298339844,61.3,39.7109375
1786397323.557731,61.349693298339844,0.0,39.7109375
1786397323.5761685,61.349693298339844,54.2,39.7109375
1786397323.5926974,61.349693298339844,0.0,39.7109375
1786397323.6095858,61.349693298339844,59.3,39.7109375
1786397323.6228757,61.349693298339844,0.0,39.7109375
1786397323.639353,61.349693298339844,61.2,39.7109375
1786397323.6571105,61.349693298339844,56.1,39.7109375
1786397323.6795356,61.349693298339844,89.7,39.7109375
1786397323.689856,61.349693298339844,0.0,39.71484375
1786397323.7113478,61.349693298339844,45.7,39.71484375
1786397323.7285867,61.349693298339844,118.6,39.71484375
1786397323.7446635,61.349693298339844,62.4,39.71484375
1786397323.7566817,61.349693298339844,82.9,39.71484375
1786397323.7773814,61.349693298339844,48.4,39.71484375
1786397323.788731,61.349693298339844,87.9,39.71484375
1786397323.8091311,61.349693298339844,48.8,39.71484375
1786397323.8220057,61.349693298339844,78.1,39.71484375
1786397323.839988,61.349693298339844,55.4,39.71484375
1786397323.8589323,61.349693298339844,52.8,39.71484375
1786397323.8762598,61.349693298339844,115.5,39.71484375
1786397323.888046,61.349693298339844,85.1,39.71875
1786397323.9006405,61.7283935546875,0.0,39.71875
1786397323.9178936,61.7283935546875,58.2,39.71875
1786397323.9309125,61.7283935546875,0.0,39.71875
1786397323.9465544,61.7283935546875,64.0,39.71875
1786397323.9622037,61.7283935546875,0.0,39.71875
1786397323.9795651,61.7283935546875,57.6,39.71875
1786397323.996072,61.7283935546875,0.0,39.71875
1786397324.013058,61.7283935546875,58.8,39.71875
1786397324.0356672,61.7283935546875,43.5,39.71875
1786397324.0537639,61.7283935546875,110.6,39.71875
1786397324.06908,62.5,64.1,39.71875
1786397324.0835326,62.5,143.7,39.71875
1786397324.097412,62.5,72.3,39.71875
1786397324.111324,62.5,0.0,39.71875
1786397324.1250062,62.5,73.3,39.71875
1786397324.1399786,62.5,0.0,39.71875
1786397324.1555793,62.5,63.7,39.71875
1786397324.1748772,62.5,52.1,39.71875
1786397324.1885574,62.5,0.0,39.71875
1786397324.2058985,62.5,57.6,39.71875
1786397324.2210188,62.11180114746094,0.0,39.71875
1786397324.2422752,62.11180114746094,46.6,39.71875
1786397324.2562346,62.11180114746094,72.7,39.71875
1786397324.279757,62.11180114746094,84.8,39.71875
1786397324.2967694,62.11180114746094,58.6,39.71875
1786397324.309956,62.11180114746094,76.4,39.71875
1786397324.3199966,62.11180114746094,99.8,39.71875
1786397324.3373744,62.11180114746094,57.6,39.71875
1786397324.3521621,62.11180114746094,0.0,39.71875
1786397324.3736632,62.11180114746094,46.5,39.71875
1786397324.3881328,60.975608825683594,69.1,39.71875
1786397324.407365,60.975608825683594,51.9,39.71875
1786397324.4229445,60.975608825683594,64.1,39.72265625
1786397324.4417186,60.975608825683594,53.3,39.72265625
1786397324.4553726,60.975608825683594,73.4,39.72265625
1786397324.4703727,60.975608825683594,66.7,39.72265625
1786397324.4865375,60.975608825683594,61.9,39.72265625
1786397324.5074773,60.975608825683594,94.3,39.72265625
1786397324.5206501,60.975608825683594,77.3,39.7265625
1786397324.530081,60.975608825683594,0.0,39.7265625
1786397324.547286,61.7283935546875,58.2,39.7265625
1786397324.5638037,61.7283935546875,0.0,39.7265625
1786397324.5787718,61.7283935546875,67.3,39.7265625
1786397324.596559,61.7283935546875,0.0,39.7265625
1786397324.6123815,61.7283935546875,63.3,39.7265625
1786397324.627762,61.7283935546875,65.1,39.7265625
1786397324.644407,61.7283935546875,0.0,39.7265625
1786397324.6596217,61.7283935546875,65.8,39.7265625
1786397324.6765895,61.7283935546875,58.9,39.7265625
1786397324.6910543,61.7283935546875,0.0,39.7265625
1786397324.707735,62.11180114746094,59.9,39.7265625
1786397324.7240524,62.11180114746094,0.0,39.7265625
1786397324.7394495,62.11180114746094,65.0,39.7265625
1786397324.7549014,62.11180114746094,0.0,39.7265625
1786397324.7729614,62.11180114746094,55.4,39.7265625
1786397324.7883394,62.11180114746094,65.0,39.7265625
1786397324.8081124,62.11180114746094,0.0,39.7265625
1786397324.8244488,62.11180114746094,61.2,39.7265625
1786397324.8456547,62.11180114746094,94.2,39.7265625
1786397324.8576887,62.11180114746094,81.8,39.7265625
1786397324.8811483,62.11180114746094,85.5,39.7265625
1786397324.8928916,62.11180114746094,86.3,39.7265625
1786397324.9121494,62.11180114746094,103.7,39.7265625
1786397324.92505,62.11180114746094,77.3,39.73046875
1786397324.9406433,62.11180114746094,64.1,39.73046875
1786397324.9556432,62.11180114746094,0.0,39.73046875
1786397324.9730587,62.11180114746094,57.5,39.73046875
1786397324.9870164,62.11180114746094,71.7,39.73046875
1786397325.0086334,62.11180114746094,92.3,39.73046875
1786397325.019277,62.11180114746094,0.0,39.73046875
1786397325.0395074,60.60606002807617,98.6,39.73046875
1786397325.0539017,60.60606002807617,0.0,39.73046875
1786397325.0725617,60.60606002807617,53.5,39.73046875
1786397325.087472,60.60606002807617,67.4,39.73046875
1786397325.099784,60.60606002807617,81.0,39.73046875
1786397325.117893,60.60606002807617,55.3,39.73046875
1786397325.1328423,60.60606002807617,0.0,39.73046875
1786397325.149466,60.60606002807617,60.2,39.73046875
1786397325.1634886,60.60606002807617,0.0,39.73046875
1786397325.1797824,60.60606002807617,61.7,39.73046875
1786397325.1978624,61.7283935546875,0.0,39.73046875
1786397325.2164536,61.7283935546875,53.8,39.73046875
1786397325.2328515,61.7283935546875,60.9,39.73046875
1786397325.2469988,61.7283935546875,70.7,39.73046875
1786397325.2622828,61.7283935546875,65.4,39.73046875
1786397325.2818096,61.7283935546875,50.6,39.73046875
1786397325.2986925,61.7283935546875,59.7,39.73046875
1786397325.3138506,61.7283935546875,66.4,39.73046875
1786397325.3275464,61.7283935546875,73.1,39.73046875
1786397325.3400981,61.7283935546875,0.0,39.73046875
1786397325.3570302,62.11180114746094,58.5,39.734375
1786397325.375866,62.11180114746094,53.5,39.734375
1786397325.3909326,62.11180114746094,66.5,39.734375
1786397325.415049,62.11180114746094,41.3,39.734375
1786397325.432635,62.11180114746094,113.6,39.734375
1786397325.4484122,62.11180114746094,63.7,39.73828125
1786397325.45847,62.11180114746094,99.4,39.73828125
1786397325.475585,62.11180114746094,57.5,39.73828125
1786397325.4918478,62.11180114746094,62.5,39.73828125
1786397325.5055125,62.11180114746094,73.3,39.73828125
1786397325.5201914,60.975608825683594,0.0,39.73828125
1786397325.5395832,60.975608825683594,51.5,39.73828125
1786397325.5529187,60.975608825683594,0.0,39.73828125
1786397325.5738626,60.975608825683594,47.6,39.73828125
1786397325.5909863,60.975608825683594,57.8,39.73828125
1786397325.6050327,60.975608825683594,72.3,39.73828125
1786397325.6307626,60.975608825683594,77.5,39.73828125
1786397325.6422544,60.975608825683594,86.5,39.73828125
1786397325.6550722,60.975608825683594,0.0,39.73828125
1786397325.6714723,60.975608825683594,60.8,39.73828125
1786397325.6862702,60.975608825683594,67.8,39.73828125
1786397325.701142,60.975608825683594,0.0,39.73828125
1786397325.7178288,60.975608825683594,60.3,39.73828125
1786397325.738607,60.975608825683594,48.1,39.73828125
1786397325.749839,60.975608825683594,0.0,39.73828125
1786397325.7678032,60.975608825683594,55.3,39.73828125
1786397325.7824554,60.975608825683594,68.7,39.73828125
1786397325.7978454,60.975608825683594,0.0,39.73828125
1786397325.8140216,60.975608825683594,61.7,39.73828125
1786397325.8352983,60.975608825683594,47.0,39.73828125
1786397325.8514364,61.7283935546875,0.0,39.73828125
1786397325.864063,61.7283935546875,78.2,39.73828125
1786397325.8819067,61.7283935546875,56.5,39.73828125
1786397325.8945296,61.7283935546875,79.4,39.73828125
1786397325.9124367,61.7283935546875,0.0,39.73828125
1786397325.9293957,61.7283935546875,58.5,39.73828125
1786397325.9486406,61.7283935546875,104.1,39.73828125
1786397325.9636443,61.7283935546875,65.2,39.7421875
1786397325.9786751,61.7283935546875,68.5,39.7421875
1786397325.9963477,61.7283935546875,56.2,39.7421875
1786397326.0115817,62.5,66.0,39.7421875
1786397326.024533,62.5,0.0,39.7421875
1786397326.039419,62.5,68.0,39.7421875
1786397326.0552306,62.5,63.3,39.7421875
1786397326.0722978,62.5,0.0,39.7421875
1786397326.0872328,62.5,67.2,39.7421875
1786397326.1047373,62.5,0.0,39.7421875
1786397326.1198037,62.5,0.0,39.7421875
1786397326.1374037,62.5,56.7,39.7421875
1786397326.1524482,62.5,66.6,39.7421875
1786397326.1717408,61.7283935546875,0.0,39.74609375
1786397326.1889145,61.7283935546875,58.3,39.74609375
1786397326.209799,61.7283935546875,95.5,39.74609375
1786397326.2252684,61.7283935546875,64.5,39.74609375
1786397326.2422414,61.7283935546875,59.0,39.74609375
1786397326.2544208,61.7283935546875,82.6,39.74609375
1786397326.2710772,61.7283935546875,59.9,39.74609375
1786397326.2836988,61.7283935546875,79.5,39.74609375
1786397326.3058405,61.7283935546875,45.0,39.74609375
1786397326.321051,61.7283935546875,65.9,39.74609375
1786397326.3386328,61.349693298339844,56.6,39.74609375
1786397326.3562517,61.349693298339844,56.9,39.74609375
1786397326.3731375,61.349693298339844,177.1,39.74609375
1786397326.385027,61.349693298339844,0.0,39.74609375
1786397326.3995245,61.349693298339844,68.9,39.74609375
1786397326.4130547,61.349693298339844,0.0,39.74609375
1786397326.4281793,61.349693298339844,66.2,39.74609375
1786397326.4457345,61.349693298339844,0.0,39.74609375
1786397326.4610634,61.349693298339844,65.5,39.74609375
1786397326.4784744,61.349693298339844,57.4,39.75
1786397326.4947364,61.7283935546875,0.0,39.75
1786397326.51367,61.7283935546875,52.7,39.75
1786397326.5317786,61.7283935546875,55.2,39.75
1786397326.5450103,61.7283935546875,76.0,39.75
1786397326.5599473,61.7283935546875,66.8,39.75
1786397326.5808206,61.7283935546875,47.8,39.75
1786397326.5953062,61.7283935546875,69.3,39.75
1786397326.6103916,61.7283935546875,66.2,39.75
1786397326.6235256,61.7283935546875,75.2,39.75
1786397326.639695,61.7283935546875,62.0,39.75
1786397326.6561737,61.7283935546875,0.0,39.75
1786397326.6759384,61.7283935546875,50.9,39.75
1786397326.6896014,61.7283935546875,72.7,39.75
1786397326.7123044,61.7283935546875,44.4,39.75
1786397326.7214038,61.7283935546875,109.9,39.75
1786397326.7384448,61.7283935546875,0.0,39.75
1786397326.754816,61.7283935546875,0.0,39.75
1786397326.777414,61.7283935546875,88.2,39.75
1786397326.7934823,61.7283935546875,124.6,39.75
1786397326.8166234,61.7283935546875,86.5,39.75
1786397326.8317707,59.52381134033203,65.6,39.75
1786397326.8422446,59.52381134033203,96.7,39.75
1786397326.8568327,59.52381134033203,68.6,39.75
1786397326.8762789,59.52381134033203,51.4,39.75
1786397326.8910592,59.52381134033203,67.7,39.75
1786397326.9109924,59.52381134033203,50.1,39.75
1786397326.9221594,59.52381134033203,0.0,39.75
1786397326.9414215,59.52381134033203,52.0,39.75
1786397326.962155,59.52381134033203,48.1,39.75
1786397326.987616,59.52381134033203,78.5,39.75
1786397327.0011437,59.17159652709961,145.2,39.75
1786397327.013562,59.17159652709961,82.3,39.7578125
1786397327.0275974,59.17159652709961,0.0,39.7578125
1786397327.0426056,59.17159652709961,66.8,39.7578125
1786397327.0562418,59.17159652709961,0.0,39.7578125
1786397327.072274,59.17159652709961,62.1,39.7578125
1786397327.0924582,59.17159652709961,49.6,39.7578125
1786397327.11614,59.17159652709961,42.2,39.7578125
1786397327.1297112,59.17159652709961,146.5,39.7578125
1786397327.1415253,59.17159652709961,0.0,39.7578125
1786397327.155433,61.7283935546875,72.8,39.7578125
1786397327.1725934,61.7283935546875,0.0,39.7578125
1786397327.1871634,61.7283935546875,68.6,39.7578125
1786397327.2079275,61.7283935546875,48.0,39.7578125
1786397327.2201092,61.7283935546875,0.0,39.7578125
1786397327.2403479,61.7283935546875,49.4,39.7578125
1786397327.2540007,61.7283935546875,73.3,39.7578125
1786397327.2767475,61.7283935546875,43.9,39.7578125
1786397327.2881494,61.7283935546875,0.0,39.7578125
1786397327.3085892,61.7283935546875,48.9,39.7578125
1786397327.3244326,60.60606002807617,63.2,39.7578125
1786397327.3428884,60.60606002807617,54.0,39.7578125
1786397327.3565414,60.60606002807617,147.0,39.7578125
1786397327.3781435,60.60606002807617,92.4,39.7578125
1786397327.3906417,60.60606002807617,80.5,39.7578125
1786397327.411845,60.60606002807617,46.7,39.7578125
1786397327.4177284,60.60606002807617,176.3,39.7578125
1786397327.4367437,60.60606002807617,0.0,39.7578125
1786397327.4496505,60.60606002807617,77.5,39.7578125
1786397327.4699028,60.60606002807617,49.2,39.7578125
1786397327.4842181,61.7283935546875,0.0,39.7578125
1786397327.501293,61.7283935546875,116.8,39.7578125
1786397327.5165079,61.7283935546875,0.0,39.7578125
1786397327.5378444,61.7283935546875,92.9,39.76171875
1786397327.5603707,61.7283935546875,89.4,39.76171875
1786397327.575309,61.7283935546875,0.0,39.76171875
1786397327.5845392,61.7283935546875,108.1,39.76171875
1786397327.6052902,61.7283935546875,48.2,39.76171875
1786397327.6184764,61.7283935546875,76.1,39.76171875
1786397327.6347573,61.7283935546875,61.3,39.76171875
1786397327.6501389,60.60606002807617,65.0,39.76171875
1786397327.6680665,60.60606002807617,55.5,39.76171875
1786397327.6792295,60.60606002807617,90.5,39.76171875
1786397327.6956549,60.60606002807617,0.0,39.76171875
1786397327.712783,60.60606002807617,58.3,39.76171875
1786397327.7351735,60.60606002807617,44.6,39.76171875
1786397327.7506871,60.60606002807617,64.7,39.76171875
1786397327.7620542,60.60606002807617,87.6,39.76171875
1786397327.7777166,60.60606002807617,64.0,39.76171875
1786397327.792666,60.60606002807617,66.9,39.76171875
1786397327.8077826,62.11180114746094,0.0,39.76171875
1786397327.8224266,62.11180114746094,68.3,39.76171875
1786397327.83985,62.11180114746094,0.0,39.765625
1786397327.8540108,62.11180114746094,70.7,39.765625
1786397327.8722458,62.11180114746094,0.0,39.765625
1786397327.8878546,62.11180114746094,64.1,39.765625
1786397327.9072297,62.11180114746094,51.6,39.765625
1786397327.922319,62.11180114746094,65.9,39.765625
1786397327.9436598,62.11180114746094,0.0,39.765625
1786397327.955144,62.11180114746094,86.5,39.765625
1786397327.9794235,61.7283935546875,81.9,39.765625
1786397328.0006056,61.7283935546875,95.2,39.765625
1786397328.0143192,61.7283935546875,72.3,39.765625
1786397328.0230002,61.7283935546875,116.0,39.765625
1786397328.0393872,61.7283935546875,61.1,39.76953125
1786397328.0567286,61.7283935546875,0.0,39.76953125
1786397328.0775506,61.7283935546875,48.2,39.76953125
1786397328.0892828,61.7283935546875,84.4,39.76953125
1786397328.1039739,61.7283935546875,0.0,39.76953125
1786397328.122089,61.7283935546875,55.1,39.76953125
1786397328.1382596,59.88024139404297,61.9,39.76953125
1786397328.1534355,59.88024139404297,0.0,39.76953125
1786397328.1748788,59.88024139404297,46.3,39.76953125
1786397328.18901,59.88024139404297,71.3,39.76953125
1786397328.2059696,59.88024139404297,58.3,39.76953125
1786397328.2197185,59.88024139404297,73.9,39.76953125
1786397328.240885,59.88024139404297,47.0,39.76953125
1786397328.2504377,59.88024139404297,0.0,39.76953125
1786397328.2701433,59.88024139404297,50.7,39.76953125
1786397328.2866082,59.88024139404297,60.8,39.76953125
1786397328.3063674,61.349693298339844,50.5,39.76953125
1786397328.3184533,61.349693298339844,82.7,39.76953125
1786397328.3391094,61.349693298339844,94.8,39.76953125
1786397328.3499515,61.349693298339844,0.0,39.76953125
1786397328.3658898,61.349693298339844,62.2,39.76953125
1786397328.3853743,61.349693298339844,0.0,39.76953125
1786397328.3993695,61.349693298339844,71.8,39.76953125
1786397328.4127483,61.349693298339844,74.7,39.76953125
1786397328.4284785,61.349693298339844,0.0,39.76953125
1786397328.4441261,61.349693298339844,0.0,39.76953125
1786397328.4603767,62.11180114746094,61.6,39.76953125
1786397328.4768195,62.11180114746094,0.0,39.76953125
1786397328.4948056,62.11180114746094,55.6,39.76953125
1786397328.5148938,62.11180114746094,49.3,39.76953125
1786397328.5351458,62.11180114746094,49.7,39.76953125
1786397328.5496304,62.11180114746094,137.9,39.76953125
1786397328.5646029,62.11180114746094,66.7,39.76953125
1786397328.5794911,62.11180114746094,66.8,39.7734375
1786397328.5922685,62.11180114746094,78.8,39.7734375
1786397328.6070468,62.11180114746094,67.6,39.7734375
1786397328.6216815,61.7283935546875,0.0,39.7734375
1786397328.6397521,61.7283935546875,0.0,39.7734375
1786397328.6550298,61.7283935546875,65.7,39.7734375
1786397328.6725745,61.7283935546875,0.0,39.7734375
1786397328.6873155,61.7283935546875,68.0,39.77734375
1786397328.7055442,61.7283935546875,55.0,39.77734375
1786397328.7214632,61.7283935546875,0.0,39.77734375
1786397328.737699,61.7283935546875,61.4,39.77734375
1786397328.7533875,61.7283935546875,63.9,39.77734375
1786397328.769632,61.7283935546875,0.0,39.77734375
1786397328.7848,61.7283935546875,66.0,39.77734375
1786397328.8021834,61.7283935546875,0.0,39.77734375
1786397328.8166537,61.7283935546875,69.2,39.77734375
1786397328.8346913,61.7283935546875,0.0,39.77734375
1786397328.8511674,61.7283935546875,60.7,39.77734375
1786397328.8678403,61.7283935546875,59.4,39.77734375
1786397328.8831813,61.7283935546875,65.8,39.77734375
1786397328.897979,61.7283935546875,0.0,39.77734375
1786397328.915787,61.7283935546875,56.2,39.77734375
1786397328.9315035,61.7283935546875,0.0,39.77734375
1786397328.9464474,61.7283935546875,67.5,39.77734375
1786397328.9628985,61.7283935546875,0.0,39.77734375
1786397328.978661,61.7283935546875,63.4,39.77734375
1786397328.9952307,61.7283935546875,0.0,39.77734375
1786397329.0112956,61.7283935546875,62.3,39.77734375
1786397329.029272,61.7283935546875,55.5,39.77734375
1786397329.0495496,61.7283935546875,49.3,39.77734375
1786397329.0666785,61.7283935546875,58.5,39.77734375
1786397329.0789475,61.7283935546875,81.7,39.78125
1786397329.0952168,61.7283935546875,61.4,39.78125
1786397329.1096814,61.7283935546875,0.0,39.78125
1786397329.1265466,61.7283935546875,59.5,39.78125
1786397329.1408508,61.7283935546875,0.0,39.78125
1786397329.1573513,61.7283935546875,60.6,39.78125
1786397329.1740336,61.7283935546875,0.0,39.78125
1786397329.1895604,61.7283935546875,64.4,39.78125
1786397329.210956,61.7283935546875,0.0,39.78125
1786397329.227818,61.7283935546875,118.7,39.78125
1786397329.2422185,61.7283935546875,70.2,39.78125
1786397329.25664,61.7283935546875,0.0,39.78125
1786397329.274605,61.7283935546875,55.5,39.78125
1786397329.2935817,61.7283935546875,105.5,39.78125
1786397329.307604,61.7283935546875,71.4,39.78125
1786397329.3210716,61.7283935546875,0.0,39.78125
1786397329.3376613,61.7283935546875,60.2,39.78125
1786397329.3522403,61.7283935546875,0.0,39.78125
1786397329.3726764,61.7283935546875,48.9,39.78125
1786397329.3843865,61.7283935546875,85.5,39.78125
1786397329.4093945,61.7283935546875,40.0,39.78125
1786397329.4190269,61.7283935546875,103.6,39.78125
1786397329.4367304,61.349693298339844,56.4,39.78125
1786397329.453284,61.349693298339844,60.5,39.78125
1786397329.4716117,61.349693298339844,54.3,39.78125
1786397329.4830928,61.349693298339844,0.0,39.78125
1786397329.5009117,61.349693298339844,111.7,39.78515625
1786397329.5213985,61.349693298339844,49.1,39.78515625
1786397329.5380347,61.349693298339844,60.1,39.78515625
1786397329.5466464,61.349693298339844,116.0,39.78515625
1786397329.565025,61.349693298339844,0.0,39.78515625
1786397329.579686,61.349693298339844,71.2,39.78515625
1786397329.5974414,61.7283935546875,0.0,39.7890625
1786397329.6128595,61.7283935546875,65.2,39.7890625
1786397329.6322021,61.7283935546875,50.5,39.7890625
1786397329.648314,61.7283935546875,63.6,39.7890625
1786397329.6630707,61.7283935546875,0.0,39.7890625
1786397329.6784244,61.7283935546875,65.5,39.7890625
1786397329.6944842,61.7283935546875,0.0,39.7890625
1786397329.7134118,61.7283935546875,52.9,39.7890625
1786397329.7263162,61.7283935546875,77.5,39.7890625
1786397329.7439296,61.7283935546875,0.0,39.7890625
1786397329.7605174,60.975608825683594,60.3,39.7890625
1786397329.7766144,60.975608825683594,62.0,39.7890625
1786397329.7906935,60.975608825683594,0.0,39.7890625
1786397329.808762,60.975608825683594,55.4,39.7890625
1786397329.8245783,60.975608825683594,63.0,39.7890625
1786397329.851439,60.975608825683594,37.2,39.7890625
1786397329.861803,60.975608825683594,94.0,39.7890625
1786397329.8822613,60.975608825683594,98.6,39.7890625
1786397329.8919113,60.975608825683594,105.2,39.7890625
1786397329.9089477,60.975608825683594,58.6,39.7890625
1786397329.9238837,60.975608825683594,67.1,39.7890625
1786397329.9462135,60.975608825683594,44.7,39.7890625
1786397329.9567769,60.975608825683594,0.0,39.7890625
1786397329.9753442,60.975608825683594,54.0,39.7890625
1786397329.9877336,60.975608825683594,80.6,39.7890625
1786397330.0099149,60.975608825683594,44.6,39.7890625
1786397330.0241613,60.975608825683594,71.1,39.7890625
1786397330.0455322,60.975608825683594,46.9,39.7890625
1786397330.056806,60.975608825683594,87.4,39.7890625
1786397330.0774424,60.975608825683594,97.6,39.7890625
1786397330.0909085,62.5,74.5,39.7890625
1786397330.1129403,62.5,90.6,39.7890625
1786397330.124628,62.5,85.7,39.79296875
1786397330.1403828,62.5,63.6,39.79296875
1786397330.151307,62.5,0.0,39.79296875
1786397330.1739197,62.5,87.7,39.79296875
1786397330.1870217,62.5,0.0,39.79296875
1786397330.2037652,62.5,59.7,39.79296875
1786397330.2191646,62.5,65.1,39.79296875
1786397330.2404258,62.5,46.7,39.79296875
1786397330.2534187,60.240966796875,77.8,39.79296875
1786397330.2744167,60.240966796875,47.5,39.79296875
1786397330.284051,60.240966796875,103.7,39.79296875
1786397330.303699,60.240966796875,101.8,39.79296875
1786397330.3153973,60.240966796875,0.0,39.79296875
1786397330.33009,60.240966796875,67.9,39.796875
1786397330.3477979,60.240966796875,0.0,39.796875
1786397330.366018,60.240966796875,55.2,39.796875
1786397330.3828945,60.240966796875,59.3,39.796875
1786397330.4046595,60.240966796875,0.0,39.796875
1786397330.416302,61.349693298339844,87.2,39.796875
1786397330.4383497,61.349693298339844,90.5,39.796875
1786397330.4550009,61.349693298339844,120.6,39.796875
1786397330.4665399,61.349693298339844,86.5,39.796875
1786397330.4837177,61.349693298339844,58.2,39.796875
1786397330.496285,61.349693298339844,79.5,39.796875
1786397330.5115047,61.349693298339844,0.0,39.796875
1786397330.5272567,61.349693298339844,63.4,39.796875
1786397330.5446,61.349693298339844,0.0,39.796875
1786397330.5609343,61.349693298339844,61.4,39.796875
1786397330.576385,61.7283935546875,64.6,39.796875
1786397330.5929325,61.7283935546875,60.4,39.796875
1786397330.6117535,61.7283935546875,53.2,39.796875
1786397330.6293864,61.7283935546875,56.5,39.796875
1786397330.6526828,61.7283935546875,85.9,39.80078125
1786397330.6604218,61.7283935546875,129.7,39.80078125
1786397330.6809623,61.7283935546875,48.7,39.80078125
1786397330.6944528,61.7283935546875,73.9,39.80078125
1786397330.709439,61.7283935546875,67.0,39.80078125
1786397330.7226887,61.7283935546875,0.0,39.80078125
1786397330.7431161,60.60606002807617,48.9,39.80078125
1786397330.7554243,60.60606002807617,81.4,39.80078125
1786397330.773303,60.60606002807617,55.9,39.80078125
1786397330.7886267,60.60606002807617,0.0,39.80078125
1786397330.8068168,60.60606002807617,54.9,39.80078125
1786397330.8230424,60.60606002807617,61.6,39.80078125
1786397330.8436723,60.60606002807617,48.5,39.80078125
1786397330.8583255,60.60606002807617,68.3,39.80078125
1786397330.8778896,60.60606002807617,51.0,39.80078125
1786397330.891911,60.60606002807617,71.5,39.80078125
1786397330.909961,60.975608825683594,55.3,39.80078125
1786397330.9202602,60.975608825683594,97.2,39.80078125
1786397330.937075,60.975608825683594,59.6,39.80078125
1786397330.9581847,60.975608825683594,47.2,39.80078125
1786397330.9763365,60.975608825683594,55.2,39.80078125
1786397330.9851184,60.975608825683594,113.4,39.80078125
1786397331.0090675,60.975608825683594,83.1,39.80078125
1786397331.0227687,60.975608825683594,71.2,39.80078125
1786397331.0505977,60.975608825683594,73.2,39.80078125
1786397331.0589452,60.975608825683594,119.7,39.80078125
1786397331.0779774,59.52381134033203,52.5,39.80078125
1786397331.0903707,59.52381134033203,80.9,39.80078125
1786397331.1071239,59.52381134033203,0.0,39.80078125
1786397331.123342,59.52381134033203,61.7,39.80078125
1786397331.139068,59.52381134033203,63.4,39.80078125
1786397331.1531394,59.52381134033203,0.0,39.8046875
1786397331.172991,59.52381134033203,50.4,39.80859375
1786397331.188312,59.52381134033203,65.2,39.80859375
1786397331.2054207,59.52381134033203,58.4,39.80859375
1786397331.2196126,59.52381134033203,70.5,39.80859375
1786397331.2369595,61.7283935546875,0.0,39.80859375
1786397331.2520618,61.7283935546875,66.1,39.80859375
1786397331.2718592,61.7283935546875,50.5,39.80859375
1786397331.2861378,61.7283935546875,70.2,39.80859375
1786397331.3035104,61.7283935546875,57.5,39.80859375
1786397331.319089,61.7283935546875,64.4,39.80859375
1786397331.337342,61.7283935546875,54.6,39.80859375
1786397331.351473,61.7283935546875,70.8,39.80859375
1786397331.3675432,61.7283935546875,62.1,39.80859375
1786397331.3816016,61.7283935546875,71.5,39.80859375
1786397331.4032059,62.11180114746094,46.2,39.80859375
1786397331.4173882,62.11180114746094,141.1,39.80859375
1786397331.433547,62.11180114746094,61.5,39.80859375
1786397331.4476135,62.11180114746094,71.5,39.80859375
1786397331.4634757,62.11180114746094,62.8,39.80859375
1786397331.4796994,62.11180114746094,61.7,39.80859375
1786397331.4930265,62.11180114746094,0.0,39.80859375
1786397331.5120707,62.11180114746094,52.3,39.80859375
1786397331.5254853,62.11180114746094,74.9,39.80859375
1786397331.54115,62.11180114746094,0.0,39.80859375
1786397331.5577555,62.11180114746094,60.4,39.80859375
1786397331.575637,62.11180114746094,55.8,39.80859375
1786397331.5888398,62.11180114746094,0.0,39.80859375
1786397331.6094236,62.11180114746094,48.6,39.80859375
1786397331.622204,62.11180114746094,77.9,39.80859375
1786397331.6446667,62.11180114746094,133.7,39.80859375
1786397331.6539986,62.11180114746094,0.0,39.80859375
1786397331.6739829,62.11180114746094,50.0,39.80859375
1786397331.6856992,62.11180114746094,85.7,39.8125
1786397331.7103174,62.11180114746094,81.1,39.8125
1786397331.7209265,62.11180114746094,0.0,39.8125
1786397331.7425432,62.11180114746094,92.4,39.8125
1786397331.7543898,62.11180114746094,84.6,39.8125
1786397331.7664578,62.11180114746094,80.3,39.8125
1786397331.7830935,62.11180114746094,0.0,39.8125
1786397331.8013499,62.11180114746094,53.4,39.8125
1786397331.817167,62.11180114746094,130.1,39.8125
1786397331.8340194,62.11180114746094,59.3,39.8125
1786397331.848746,62.11180114746094,0.0,39.8125
1786397331.8650858,62.11180114746094,60.8,39.8125
1786397331.8801513,61.349693298339844,0.0,39.8125
1786397331.8963645,61.349693298339844,61.3,39.8125
1786397331.9132862,61.349693298339844,0.0,39.8125
1786397331.929755,61.349693298339844,60.6,39.8125
1786397331.9434156,61.349693298339844,73.7,39.8125
1786397331.9603326,61.349693298339844,59.1,39.8125
1786397331.9849577,61.349693298339844,40.6,39.8125
1786397331.9970226,61.349693298339844,82.6,39.81640625
1786397332.0184639,61.349693298339844,93.3,39.81640625
1786397332.0283165,61.349693298339844,101.8,39.81640625
1786397332.0426478,62.5,69.8,39.81640625
1786397332.0579197,62.5,0.0,39.81640625
1786397332.0743675,62.5,60.6,39.81640625
1786397332.0881941,62.5,0.0,39.81640625
1786397332.1045425,62.5,61.0,39.81640625
1786397332.12082,62.5,0.0,39.81640625
1786397332.1426976,62.5,91.3,39.81640625
1786397332.160086,62.5,57.6,39.81640625
1786397332.1787107,62.5,53.6,39.81640625
1786397332.1927853,62.5,142.0,39.81640625
1786397332.208183,62.5,64.4,39.8203125
1786397332.2223294,62.5,142.5,39.8203125
1786397332.2442265,62.5,91.5,39.8203125
1786397332.2523317,62.5,0.0,39.8203125
1786397332.2751586,62.5,87.8,39.8203125
1786397332.2834249,62.5,0.0,39.8203125
1786397332.3028307,62.5,50.7,39.8203125
1786397332.315738,62.5,79.7,39.8203125
1786397332.3335404,62.5,56.0,39.8203125
1786397332.3457193,62.5,82.5,39.8203125
1786397332.370282,61.7283935546875,40.1,39.8203125
1786397332.3907833,61.7283935546875,98.9,39.8203125
1786397332.4029906,61.7283935546875,82.1,39.8203125
1786397332.4127297,61.7283935546875,103.1,39.8203125
1786397332.4285195,61.7283935546875,0.0,39.8203125
1786397332.4440858,61.7283935546875,64.3,39.8203125
1786397332.465549,61.7283935546875,46.4,39.8203125
1786397332.478927,61.7283935546875,74.8,39.8203125
1786397332.49185,61.7283935546875,0.0,39.8203125
1786397332.5110235,61.7283935546875,52.2,39.8203125
1786397332.5269275,61.7283935546875,62.6,39.8203125
1786397332.5476642,61.7283935546875,47.7,39.8203125
1786397332.5597246,61.7283935546875,84.8,39.8203125
1786397332.5780587,61.7283935546875,54.5,39.8203125
1786397332.591215,61.7283935546875,76.2,39.8203125
1786397332.6100166,61.7283935546875,53.2,39.8203125
1786397332.6233075,61.7283935546875,75.1,39.8203125
1786397332.6403625,61.7283935546875,58.7,39.8203125
1786397332.6549752,61.7283935546875,0.0,39.8203125
1786397332.6815095,61.7283935546875,74.5,39.8203125
1786397332.6916718,60.975608825683594,101.4,39.8203125
1786397332.7104163,60.975608825683594,53.3,39.8203125
1786397332.721129,60.975608825683594,0.0,39.82421875
1786397332.740369,60.975608825683594,51.9,39.82421875
1786397332.7544885,60.975608825683594,70.7,39.82421875
1786397332.7791135,60.975608825683594,40.7,39.82421875
1786397332.7967267,60.975608825683594,110.4,39.82421875
1786397332.8101835,60.975608825683594,77.2,39.828125
1786397332.8205955,60.975608825683594,96.0,39.828125
1786397332.8395681,60.975608825683594,52.7,39.828125
1786397332.8542056,60.60606002807617,0.0,39.828125
1786397332.873548,60.60606002807617,51.7,39.828125
1786397332.8921757,60.60606002807617,106.9,39.828125
1786397332.9076252,60.60606002807617,64.9,39.828125
1786397332.9192798,60.60606002807617,85.9,39.828125
1786397332.9367118,60.60606002807617,57.3,39.828125
1786397332.9510334,60.60606002807617,0.0,39.828125
1786397332.969021,60.60606002807617,55.5,39.828125
1786397332.9842257,60.60606002807617,131.8,39.828125
1786397333.0026677,60.60606002807617,53.9,39.828125
1786397333.0164113,62.11180114746094,0.0,39.828125
1786397333.0348816,62.11180114746094,107.5,39.828125
1786397333.051598,62.11180114746094,60.4,39.828125
1786397333.070907,62.11180114746094,51.6,39.828125
1786397333.080621,62.11180114746094,101.4,39.828125
1786397333.0945556,62.11180114746094,72.6,39.828125
1786397333.112536,62.11180114746094,0.0,39.828125
1786397333.1317108,62.11180114746094,52.2,39.828125
1786397333.1473312,62.11180114746094,127.9,39.828125
1786397333.1619146,62.11180114746094,68.4,39.828125
1786397333.1757045,62.5,0.0,39.828125
1786397333.1901078,62.5,69.6,39.828125
1786397333.2069867,62.5,0.0,39.828125
1786397333.2233381,62.5,61.5,39.828125
1786397333.2405012,62.5,58.3,39.83203125
1786397333.2543292,62.5,0.0,39.83203125
1786397333.278206,62.5,41.5,39.83203125
1786397333.2934275,62.5,66.2,39.83203125
1786397333.3113866,62.5,111.8,39.83203125
1786397333.324763,62.5,74.8,39.83203125
1786397333.341089,61.349693298339844,0.0,39.83203125
1786397333.3551314,61.349693298339844,71.5,39.83203125
1786397333.3733451,61.349693298339844,54.9,39.83203125
1786397333.3891802,61.349693298339844,0.0,39.83203125
1786397333.406327,61.349693298339844,58.3,39.83203125
1786397333.4219253,61.349693298339844,64.0,39.83203125
1786397333.4457433,61.349693298339844,41.9,39.83203125
1786397333.4597576,61.349693298339844,71.3,39.83203125
1786397333.4783626,61.349693298339844,53.7,39.83203125
1786397333.4917715,61.349693298339844,74.6,39.83203125
1786397333.506685,60.240966796875,66.8,39.83203125
1786397333.519963,60.240966796875,76.0,39.83203125
1786397333.5373137,60.240966796875,57.2,39.83203125
1786397333.5520597,60.240966796875,68.3,39.83203125
1786397333.568006,60.240966796875,0.0,39.83203125
1786397333.5846899,60.240966796875,60.2,39.83203125
1786397333.6027431,60.240966796875,55.5,39.83203125
1786397333.6192803,60.240966796875,60.6,39.83203125
1786397333.6400952,60.240966796875,48.0,39.8359375
1786397333.6610122,60.240966796875,95.6,39.8359375
1786397333.6767564,60.975608825683594,126.9,39.8359375
1786397333.6863995,60.975608825683594,0.0,39.8359375
1786397333.699993,60.975608825683594,73.5,39.8359375
1786397333.717153,60.975608825683594,58.1,39.8359375
1786397333.7318537,60.975608825683594,0.0,39.8359375
1786397333.7488074,60.975608825683594,59.4,39.83984375
1786397333.7647104,60.975608825683594,62.7,39.83984375
1786397333.779594,60.975608825683594,0.0,39.83984375
1786397333.7950492,60.975608825683594,64.6,39.83984375
1786397333.8122673,60.975608825683594,0.0,39.83984375
1786397333.8408394,61.349693298339844,69.7,39.83984375
1786397333.851625,61.349693298339844,93.0,39.83984375
1786397333.866713,61.349693298339844,66.5,39.83984375
1786397333.8789647,61.349693298339844,0.0,39.83984375
1786397333.895269,61.349693298339844,61.7,39.83984375
1786397333.9114597,61.349693298339844,0.0,39.83984375
1786397333.9271207,61.349693298339844,0.0,39.83984375
1786397333.9438226,61.349693298339844,60.1,39.83984375
1786397333.9610968,61.349693298339844,0.0,39.83984375
1786397333.9777632,61.349693298339844,60.0,39.83984375
1786397333.9943395,60.60606002807617,0.0,39.83984375
1786397334.0114498,60.60606002807617,58.3,39.83984375
1786397334.0340347,60.60606002807617,44.1,39.83984375
1786397334.0541189,60.60606002807617,50.0,39.83984375
1786397334.0670474,60.60606002807617,154.6,39.83984375
1786397334.0796301,60.60606002807617,79.7,39.83984375
1786397334.0932949,60.60606002807617,0.0,39.83984375
1786397334.1094701,60.60606002807617,61.9,39.83984375
1786397334.124434,60.60606002807617,66.8,39.83984375
1786397334.140955,60.60606002807617,60.5,39.83984375
1786397334.1610866,62.11180114746094,49.7,39.83984375
1786397334.1785235,62.11180114746094,57.2,39.83984375
1786397334.1938024,62.11180114746094,65.7,39.83984375
1786397334.2076454,62.11180114746094,0.0,39.83984375
1786397334.220683,62.11180114746094,76.7,39.83984375
1786397334.2447028,62.11180114746094,41.4,39.83984375
1786397334.2583854,62.11180114746094,147.6,39.83984375
1786397334.276208,62.11180114746094,56.1,39.84375
1786397334.287599,62.11180114746094,87.5,39.84375
1786397334.310797,62.11180114746094,43.3,39.84375
1786397334.3178406,62.11180114746094,142.2,39.84375
1786397334.335942,62.11180114746094,55.2,39.84375
1786397334.3515167,62.11180114746094,0.0,39.84375
1786397334.3689196,62.11180114746094,56.4,39.84375
1786397334.3806322,62.11180114746094,88.4,39.84375
1786397334.397314,62.11180114746094,0.0,39.84375
1786397334.4167306,62.11180114746094,51.4,39.84375
1786397334.4365356,62.11180114746094,50.5,39.84375
1786397334.450651,62.11180114746094,71.0,39.84375
1786397334.464548,62.11180114746094,72.0,39.84765625
1786397334.478276,62.11180114746094,0.0,39.84765625
1786397334.4960186,62.11180114746094,56.3,39.84765625
1786397334.5126512,62.11180114746094,0.0,39.84765625
1786397334.5282686,62.11180114746094,64.3,39.84765625
1786397334.544147,62.11180114746094,63.0,39.84765625
1786397334.5628564,62.11180114746094,0.0,39.84765625
1786397334.5818818,62.11180114746094,51.4,39.84765625
1786397334.5942833,62.11180114746094,83.8,39.84765625
1786397334.617947,62.11180114746094,84.3,39.84765625
1786397334.631036,62.11180114746094,76.4,39.84765625
1786397334.6448233,60.60606002807617,72.6,39.84765625
1786397334.6644557,60.60606002807617,50.9,39.84765625
1786397334.685107,60.60606002807617,48.2,39.84765625
1786397334.6941822,60.60606002807617,111.4,39.84765625
1786397334.7096791,60.60606002807617,64.7,39.84765625
1786397334.7239826,60.60606002807617,70.0,39.84765625
1786397334.7406008,60.60606002807617,0.0,39.84765625
1786397334.7563934,60.60606002807617,63.3,39.84765625
1786397334.7743945,60.60606002807617,55.6,39.84765625
1786397334.789795,60.60606002807617,0.0,39.8515625
1786397334.8112624,62.11180114746094,93.1,39.8515625
1786397334.8231914,62.11180114746094,83.5,39.8515625
1786397334.844148,62.11180114746094,47.8,39.8515625
1786397334.8586545,62.11180114746094,69.0,39.8515625
1786397334.872382,62.11180114746094,72.0,39.8515625
1786397334.8850324,62.11180114746094,80.1,39.8515625
1786397334.9017928,62.11180114746094,59.6,39.8515625
1786397334.9182162,62.11180114746094,0.0,39.8515625
1786397334.9386024,62.11180114746094,48.9,39.8515625
1786397334.952705,62.11180114746094,71.0,39.8515625
1786397334.9716122,60.975608825683594,52.5,39.8515625
1786397334.9839003,60.975608825683594,0.0,39.8515625
1786397335.0058842,60.975608825683594,45.0,39.8515625
1786397335.0238674,60.975608825683594,112.2,39.8515625
1786397335.050165,60.975608825683594,76.1,39.8515625
1786397335.0606806,60.975608825683594,95.3,39.8515625
1786397335.0754611,60.975608825683594,67.7,39.8515625
1786397335.0909853,60.975608825683594,64.4,39.8515625
1786397335.106582,60.975608825683594,64.1,39.8515625
1786397335.1203845,60.975608825683594,0.0,39.8515625
1786397335.1370082,59.17159652709961,0.0,39.8515625
1786397335.153058,59.17159652709961,62.5,39.8515625
1786397335.1729405,59.17159652709961,49.8,39.8515625
1786397335.1841037,59.17159652709961,0.0,39.8515625
1786397335.2063982,59.17159652709961,88.8,39.8515625
1786397335.2287345,59.17159652709961,90.2,39.8515625
1786397335.2465308,59.17159652709961,112.2,39.8515625
1786397335.2587287,59.17159652709961,82.4,39.8515625
1786397335.2747867,59.17159652709961,62.3,39.8515625
1786397335.2852743,59.17159652709961,95.4,39.8515625
1786397335.3053434,60.975608825683594,49.8,39.8515625
1786397335.316969,60.975608825683594,0.0,39.85546875
1786397335.3355472,60.975608825683594,53.6,39.85546875
1786397335.352476,60.975608825683594,59.4,39.859375
1786397335.370832,60.975608825683594,54.3,39.859375
1786397335.38534,60.975608825683594,69.2,39.859375
1786397335.4008818,60.975608825683594,63.4,39.859375
1786397335.4159455,60.975608825683594,0.0,39.859375
1786397335.438085,60.975608825683594,89.9,39.859375
1786397335.4534988,60.975608825683594,65.1,39.859375
1786397335.4659474,62.11180114746094,0.0,39.859375
1786397335.4794164,62.11180114746094,75.0,39.859375
1786397335.4927132,62.11180114746094,75.3,39.859375
1786397335.510168,62.11180114746094,0.0,39.859375
1786397335.5279953,62.11180114746094,56.0,39.859375
1786397335.5450048,62.11180114746094,0.0,39.859375
1786397335.5646782,62.11180114746094,50.8,39.859375
1786397335.5808065,62.11180114746094,62.1,39.859375
1786397335.5934248,62.11180114746094,0.0,39.859375
1786397335.6117716,62.11180114746094,54.4,39.859375
1786397335.6264112,61.349693298339844,68.4,39.859375
1786397335.6412945,61.349693298339844,0.0,39.859375
1786397335.6570327,61.349693298339844,64.1,39.859375
1786397335.6770058,61.349693298339844,100.2,39.859375
1786397335.6910603,61.349693298339844,0.0,39.859375
1786397335.7108135,61.349693298339844,50.5,39.859375
1786397335.7226334,61.349693298339844,0.0,39.859375
1786397335.7423768,61.349693298339844,50.7,39.859375
1786397335.7567797,61.349693298339844,69.4,39.859375
1786397335.7799125,61.349693298339844,86.3,39.859375
1786397335.799191,61.349693298339844,51.8,39.859375
1786397335.8148727,61.349693298339844,128.0,39.859375
1786397335.8248925,61.349693298339844,99.7,39.859375
1786397335.839248,61.349693298339844,69.0,39.86328125
1786397335.852913,61.349693298339844,0.0,39.86328125
1786397335.8689752,61.349693298339844,62.3,39.86328125
1786397335.8848412,61.349693298339844,0.0,39.86328125
1786397335.902244,61.349693298339844,0.0,39.86328125
1786397335.9161334,61.349693298339844,72.6,39.86328125
1786397335.9366975,61.349693298339844,48.5,39.86328125
1786397335.9499943,62.11180114746094,75.1,39.86328125
1786397335.9720135,62.11180114746094,45.3,39.86328125
1786397335.9816334,62.11180114746094,103.8,39.86328125
1786397336.000036,62.11180114746094,0.0,39.86328125
1786397336.0206046,62.11180114746094,97.8,39.86328125
1786397336.0395865,62.11180114746094,52.4,39.86328125
1786397336.0476496,62.11180114746094,126.9,39.86328125
1786397336.0615811,62.11180114746094,71.6,39.86328125
1786397336.0792701,62.11180114746094,0.0,39.86328125
1786397336.098941,62.11180114746094,50.8,39.86328125
1786397336.1135502,61.7283935546875,68.4,39.86328125
1786397336.1320136,61.7283935546875,54.1,39.86328125
1786397336.1450331,61.7283935546875,76.7,39.8671875
1786397336.160884,61.7283935546875,0.0,39.8671875
1786397336.181386,61.7283935546875,48.7,39.8671875
1786397336.1953902,61.7283935546875,71.6,39.8671875
1786397336.2182636,61.7283935546875,87.2,39.8671875
1786397336.2337143,61.7283935546875,64.8,39.8671875
1786397336.244905,61.7283935546875,89.5,39.8671875
1786397336.2581482,61.7283935546875,75.6,39.8671875
1786397336.2751546,61.7283935546875,58.8,39.8671875
1786397336.291353,61.7283935546875,61.8,39.8671875
1786397336.3099546,61.7283935546875,0.0,39.8671875
1786397336.3251019,61.7283935546875,130.4,39.8671875
1786397336.3385172,61.7283935546875,0.0,39.87109375
1786397336.354607,61.7283935546875,63.0,39.87109375
1786397336.373288,61.7283935546875,0.0,39.87109375
1786397336.3876054,61.7283935546875,69.8,39.87109375
1786397336.4043777,61.7283935546875,59.8,39.87109375
1786397336.4189582,61.7283935546875,0.0,39.87109375
1786397336.435367,61.7283935546875,60.9,39.87109375
1786397336.4502723,61.7283935546875,0.0,39.87109375
1786397336.4705515,61.7283935546875,49.3,39.87109375
1786397336.4843748,61.7283935546875,0.0,39.87109375
1786397336.5013437,61.7283935546875,58.8,39.87109375
1786397336.5170207,61.7283935546875,64.0,39.87109375
1786397336.5399606,61.7283935546875,43.3,39.87109375
1786397336.5574443,61.7283935546875,57.6,39.87109375
1786397336.5705984,61.7283935546875,152.1,39.87109375
1786397336.582079,61.7283935546875,0.0,39.87109375
1786397336.6017387,61.349693298339844,50.7,39.87109375
1786397336.6149595,61.349693298339844,76.1,39.87109375
1786397336.6331003,61.349693298339844,0.0,39.87109375
1786397336.6512804,61.349693298339844,55.6,39.87109375
1786397336.6632411,61.349693298339844,83.3,39.87109375
1786397336.6883507,61.349693298339844,39.9,39.87109375
1786397336.6945424,61.349693298339844,160.5,39.87109375
1786397336.7104754,61.349693298339844,0.0,39.87109375
1786397336.7271206,61.349693298339844,60.1,39.87109375
1786397336.7442636,61.349693298339844,58.4,39.87109375
1786397336.7610474,61.349693298339844,59.6,39.87109375
1786397336.7786062,61.349693298339844,0.0,39.87109375
1786397336.7944248,61.349693298339844,62.6,39.87109375
1786397336.8111255,61.349693298339844,60.4,39.87109375
1786397336.8261096,61.349693298339844,0.0,39.87109375
1786397336.842596,61.349693298339844,60.6,39.87109375
1786397336.859222,61.349693298339844,0.0,39.875
1786397336.8777423,61.349693298339844,53.9,39.875
1786397336.890989,61.349693298339844,75.8,39.875
1786397336.90885,61.349693298339844,55.8,39.875
1786397336.9245985,61.7283935546875,63.5,39.875
1786397336.942794,61.7283935546875,54.9,39.875
1786397336.9582274,61.7283935546875,0.0,39.875
1786397336.9810526,61.7283935546875,87.2,39.875
1786397336.9933686,61.7283935546875,82.2,39.87890625
1786397337.0072773,61.7283935546875,0.0,39.87890625
1786397337.0196013,61.7283935546875,81.1,39.87890625
1786397337.0406673,61.7283935546875,47.5,39.87890625
1786397337.0541384,61.7283935546875,74.2,39.87890625
1786397337.0744655,61.7283935546875,49.2,39.87890625
1786397337.087077,61.7283935546875,0.0,39.87890625
1786397337.1082447,61.7283935546875,93.5,39.87890625
1786397337.126393,61.7283935546875,55.8,39.87890625
1786397337.1422124,61.7283935546875,125.8,39.87890625
1786397337.1538067,61.7283935546875,0.0,39.87890625
1786397337.1729703,61.7283935546875,51.3,39.87890625
1786397337.184663,61.7283935546875,87.8,39.87890625
1786397337.2008557,61.7283935546875,61.8,39.87890625
1786397337.2142274,61.7283935546875,75.2,39.87890625
1786397337.231776,61.7283935546875,0.0,39.87890625
1786397337.2477918,60.975608825683594,63.0,39.87890625
1786397337.267655,60.975608825683594,50.2,39.87890625
1786397337.2811491,60.975608825683594,0.0,39.87890625
1786397337.2979245,60.975608825683594,0.0,39.87890625
1786397337.3147388,60.975608825683594,59.1,39.87890625
1786397337.3403957,60.975608825683594,38.7,39.87890625
1786397337.3555012,60.975608825683594,128.7,39.87890625
1786397337.3682427,60.975608825683594,79.4,39.87890625
1786397337.3813322,60.975608825683594,0.0,39.87890625
1786397337.396935,60.975608825683594,63.9,39.8828125
1786397337.4130607,61.349693298339844,62.2,39.8828125
1786397337.4309812,61.349693298339844,0.0,39.8828125
1786397337.44476,61.349693298339844,72.8,39.8828125
1786397337.4624894,61.349693298339844,56.2,39.8828125
1786397337.478564,61.349693298339844,62.4,39.8828125
1786397337.4951982,61.349693298339844,60.1,39.8828125
1786397337.5130365,61.349693298339844,56.0,39.8828125
1786397337.5268788,61.349693298339844,0.0,39.8828125
1786397337.546423,61.349693298339844,51.0,39.8828125
1786397337.560722,61.349693298339844,70.2,39.8828125
1786397337.5800822,61.349693298339844,51.6,39.8828125
1786397337.5942082,61.349693298339844,0.0,39.8828125
1786397337.611006,61.349693298339844,59.5,39.8828125
1786397337.6254206,61.349693298339844,69.4,39.8828125
1786397337.6417902,61.349693298339844,61.0,39.8828125
1786397337.6592863,61.349693298339844,57.2,39.8828125
1786397337.679341,61.349693298339844,49.8,39.8828125
1786397337.6961203,61.349693298339844,59.4,39.8828125
1786397337.7155573,61.349693298339844,103.1,39.8828125
1786397337.7223942,61.349693298339844,146.6,39.8828125
1786397337.748846,61.349693298339844,37.7,39.8828125
1786397337.7605574,61.349693298339844,84.9,39.8828125
1786397337.7748582,61.349693298339844,70.4,39.8828125
1786397337.7879434,61.349693298339844,76.4,39.8828125
1786397337.8032873,61.349693298339844,0.0,39.8828125
1786397337.8178937,61.349693298339844,68.6,39.88671875
1786397337.8353257,61.349693298339844,0.0,39.88671875
1786397337.8496525,61.349693298339844,69.9,39.88671875
1786397337.8664834,61.349693298339844,0.0,39.88671875
1786397337.8821366,61.349693298339844,64.1,39.88671875
1786397337.901622,61.349693298339844,50.2,39.890625
1786397337.9255078,61.349693298339844,42.5,39.890625
1786397337.9430106,61.349693298339844,114.4,39.890625
1786397337.9545631,61.349693298339844,86.8,39.890625
1786397337.9727676,61.349693298339844,54.6,39.890625
1786397337.9841588,61.349693298339844,0.0,39.890625
1786397338.00222,61.349693298339844,55.1,39.890625
1786397338.016126,61.349693298339844,72.3,39.890625
1786397338.038432,61.349693298339844,89.3,39.890625
1786397338.0550356,61.349693298339844,60.4,39.890625
1786397338.0705292,61.349693298339844,64.4,39.890625
1786397338.0820494,61.349693298339844,86.9,39.890625
1786397338.099546,61.349693298339844,0.0,39.890625
1786397338.1155088,61.349693298339844,62.3,39.890625
1786397338.130635,61.349693298339844,66.4,39.890625
1786397338.1487317,61.349693298339844,55.4,39.890625
1786397338.1615002,61.349693298339844,76.5,39.890625
1786397338.1765828,61.349693298339844,67.6,39.890625
1786397338.1932242,61.349693298339844,0.0,39.890625
1786397338.2101188,61.349693298339844,60.5,39.890625
1786397338.224567,62.5,69.3,39.890625
1786397338.2412505,62.5,0.0,39.890625
1786397338.2570014,62.5,0.0,39.890625
1786397338.2775493,62.5,96.8,39.890625
1786397338.2936702,62.5,62.3,39.890625
1786397338.3127437,62.5,52.4,39.890625
1786397338.3295524,62.5,59.0,39.890625
1786397338.3473084,62.5,113.5,39.890625
1786397338.3590717,62.5,85.4,39.890625
1786397338.3750212,62.5,62.7,39.890625
1786397338.386704,61.349693298339844,0.0,39.890625
1786397338.4071357,61.349693298339844,49.0,39.890625
1786397338.4202693,61.349693298339844,76.2,39.89453125
1786397338.4412794,61.349693298339844,47.3,39.89453125
1786397338.4515405,61.349693298339844,0.0,39.89453125
1786397338.4714894,61.349693298339844,50.0,39.89453125
1786397338.4884574,61.349693298339844,58.7,39.89453125
1786397338.509314,61.349693298339844,96.2,39.89453125
1786397338.5213726,61.349693298339844,82.9,39.89453125
1786397338.5390372,61.349693298339844,56.0,39.89453125
1786397338.5487037,62.11180114746094,0.0,39.89453125
1786397338.5663006,62.11180114746094,56.4,39.89453125
1786397338.5803938,62.11180114746094,0.0,39.89453125
1786397338.5955586,62.11180114746094,65.5,39.89453125
1786397338.6116068,62.11180114746094,0.0,39.89453125
1786397338.6273856,62.11180114746094,63.4,39.89453125
1786397338.6445477,62.11180114746094,0.0,39.89453125
1786397338.6609633,62.11180114746094,61.0,39.8984375
1786397338.6781287,62.11180114746094,58.2,39.8984375
1786397338.6985328,62.11180114746094,48.8,39.8984375
1786397338.7198186,62.11180114746094,94.2,39.8984375
1786397338.7350938,62.11180114746094,65.3,39.8984375
1786397338.7445748,62.11180114746094,106.0,39.8984375
1786397338.761769,62.11180114746094,58.2,39.8984375
1786397338.7791226,62.11180114746094,57.7,39.8984375
1786397338.794863,62.11180114746094,63.4,39.8984375
1786397338.8144662,62.11180114746094,51.0,39.8984375
1786397338.8253202,62.11180114746094,92.0,39.8984375
1786397338.8425057,62.11180114746094,58.2,39.8984375
1786397338.85628,62.11180114746094,72.5,39.8984375
1786397338.8725138,61.349693298339844,0.0,39.8984375
1786397338.8860629,61.349693298339844,74.0,39.8984375
1786397338.9044178,61.349693298339844,54.2,39.8984375
1786397338.9198275,61.349693298339844,0.0,39.8984375
1786397338.936642,61.349693298339844,59.6,39.90234375
1786397338.9517972,61.349693298339844,66.1,39.90234375
1786397338.9685988,61.349693298339844,0.0,39.90234375
1786397338.9838645,61.349693298339844,0.0,39.90234375
1786397339.0005906,61.349693298339844,59.4,39.90234375
1786397339.0166557,61.349693298339844,62.6,39.90234375
1786397339.043327,62.5,74.9,39.90234375
1786397339.0530684,62.5,102.8,39.90234375
1786397339.0706916,62.5,56.4,39.90234375
1786397339.0865903,62.5,63.2,39.90234375
1786397339.106871,62.5,49.3,39.90234375
1786397339.1160553,62.5,109.3,39.90234375
1786397339.1348126,62.5,53.2,39.90234375
1786397339.1477666,62.5,0.0,39.90234375
1786397339.1622865,62.5,68.9,39.90234375
1786397339.1790795,62.5,0.0,39.90234375
1786397339.199636,60.60606002807617,48.5,39.90234375
1786397339.2197468,60.60606002807617,50.0,39.90234375
1786397339.230985,60.60606002807617,88.9,39.90234375
1786397339.2448807,60.60606002807617,0.0,39.90234375
1786397339.2631128,60.60606002807617,54.8,39.90234375
1786397339.2804182,60.60606002807617,0.0,39.90234375
1786397339.2982464,60.60606002807617,56.0,39.90234375
1786397339.3140388,60.60606002807617,126.8,39.90234375
1786397339.330391,60.60606002807617,0.0,39.90234375
1786397339.3454597,60.60606002807617,65.8,39.90234375
1786397339.3594453,61.349693298339844,72.3,39.90234375
1786397339.3769388,61.349693298339844,0.0,39.90234375
1786397339.3922105,61.349693298339844,65.6,39.90234375
1786397339.40869,61.349693298339844,0.0,39.90234375
1786397339.426485,61.349693298339844,55.9,39.90234375
1786397339.4418643,61.349693298339844,0.0,39.90234375
1786397339.4578025,61.349693298339844,63.6,39.90625
1786397339.4840627,61.349693298339844,37.9,39.91015625
1786397339.4947274,61.349693298339844,95.0,39.91015625
1786397339.510444,61.349693298339844,63.5,39.91015625
1786397339.5262976,61.349693298339844,63.2,39.91015625
1786397339.541318,61.349693298339844,0.0,39.91015625
1786397339.5558293,61.349693298339844,68.9,39.91015625
1786397339.5779321,61.349693298339844,45.1,39.91015625
1786397339.592501,61.349693298339844,68.8,39.91015625
1786397339.6051183,61.349693298339844,0.0,39.91015625
1786397339.6216478,61.349693298339844,62.3,39.91015625
1786397339.6400123,61.349693298339844,54.4,39.91015625
1786397339.6543021,61.349693298339844,0.0,39.91015625
1786397339.6776295,61.349693298339844,85.6,39.91015625
1786397339.6863122,61.349693298339844,0.0,39.91015625
1786397339.7080715,61.349693298339844,46.1,39.91015625
1786397339.7186322,61.349693298339844,95.1,39.91015625
1786397339.7407618,61.349693298339844,45.1,39.91015625
1786397339.7548728,61.349693298339844,70.8,39.91015625
1786397339.7695954,61.349693298339844,67.9,39.91015625
1786397339.7812257,61.349693298339844,0.0,39.91015625
1786397339.7987232,61.349693298339844,57.3,39.91015625
1786397339.8140857,61.349693298339844,64.6,39.91015625
1786397339.8324456,61.349693298339844,0.0,39.91015625
1786397339.8498368,61.7283935546875,57.4,39.91015625
1786397339.8716521,61.7283935546875,45.9,39.91015625
1786397339.8874843,61.7283935546875,126.3,39.91015625
1786397339.896139,61.7283935546875,0.0,39.91015625
1786397339.9113297,61.7283935546875,66.0,39.91015625
1786397339.9285977,61.7283935546875,57.9,39.91015625
1786397339.9445386,61.7283935546875,0.0,39.91015625
1786397339.9609342,61.7283935546875,61.0,39.9140625
1786397339.9766965,61.7283935546875,0.0,39.9140625
1786397339.994504,61.7283935546875,56.1,39.9140625
1786397340.0136297,62.11180114746094,52.2,39.9140625
1786397340.0319066,62.11180114746094,54.5,39.9140625
1786397340.0475821,62.11180114746094,64.2,39.9140625
1786397340.061601,62.11180114746094,71.1,39.9140625
1786397340.0756245,62.11180114746094,71.6,39.9140625
1786397340.0921264,62.11180114746094,0.0,39.9140625
1786397340.1065712,62.11180114746094,69.2,39.9140625
1786397340.1236928,62.11180114746094,0.0,39.9140625
1786397340.1394866,62.11180114746094,63.2,39.9140625
1786397340.1562312,62.11180114746094,0.0,39.9140625
1786397340.1734579,61.349693298339844,116.0,39.9140625
1786397340.1897144,61.349693298339844,0.0,39.9140625
1786397340.204554,61.349693298339844,66.5,39.9140625
1786397340.219118,61.349693298339844,0.0,39.9140625
1786397340.241648,61.349693298339844,44.3,39.9140625
1786397340.2593672,61.349693298339844,112.5,39.9140625
1786397340.2823775,61.349693298339844,43.5,39.9140625
1786397340.299487,61.349693298339844,117.2,39.9140625
1786397340.3111062,61.349693298339844,86.2,39.91796875
1786397340.3248973,61.349693298339844,72.5,39.91796875
1786397340.3430507,60.240966796875,55.1,39.91796875
1786397340.3555548,60.240966796875,0.0,39.91796875
1786397340.3716667,60.240966796875,123.2,39.91796875
1786397340.3888636,60.240966796875,0.0,39.91796875
1786397340.4043636,60.240966796875,64.6,39.91796875
1786397340.4225307,60.240966796875,54.7,39.91796875
1786397340.4376042,60.240966796875,65.8,39.91796875
1786397340.457665,60.240966796875,50.4,39.91796875
1786397340.4766943,60.240966796875,52.5,39.91796875
1786397340.4937694,60.240966796875,117.0,39.921875
1786397340.5084033,61.7283935546875,68.5,39.921875
1786397340.5187504,61.7283935546875,97.0,39.921875
1786397340.5346007,61.7283935546875,63.0,39.921875
1786397340.5508332,61.7283935546875,0.0,39.921875
1786397340.563991,61.7283935546875,76.1,39.921875
1786397340.581064,61.7283935546875,58.5,39.921875
1786397340.5953956,61.7283935546875,0.0,39.921875
1786397340.6111577,61.7283935546875,63.4,39.921875
1786397340.630962,61.7283935546875,0.0,39.921875
1786397340.644955,61.7283935546875,71.6,39.921875
1786397340.663078,62.5,55.0,39.921875
1786397340.6823387,62.5,51.9,39.921875
1786397340.6970105,62.5,67.7,39.921875
1786397340.7148306,62.5,56.5,39.921875
1786397340.727739,62.5,77.4,39.921875
1786397340.7449932,62.5,0.0,39.921875
1786397340.7584283,62.5,74.9,39.921875
1786397340.7783425,62.5,50.0,39.921875
1786397340.7890782,62.5,0.0,39.921875
1786397340.8058653,62.5,59.5,39.921875
1786397340.8218663,61.349693298339844,0.0,39.921875
1786397340.8384533,61.349693298339844,60.1,39.921875
1786397340.8550642,61.349693298339844,0.0,39.921875
1786397340.885135,61.349693298339844,66.3,39.921875
1786397340.9046745,61.349693298339844,102.5,39.921875
1786397340.917582,61.349693298339844,76.8,39.921875
1786397340.927386,61.349693298339844,104.3,39.921875
1786397340.9456465,61.349693298339844,0.0,39.921875
1786397340.9590924,61.349693298339844,74.7,39.921875
1786397340.9767017,61.349693298339844,0.0,39.921875
1786397340.9915633,59.17159652709961,135.0,39.921875
1786397341.0075994,59.17159652709961,0.0,39.921875
1786397341.025132,59.17159652709961,0.0,39.92578125
1786397341.0403492,59.17159652709961,66.2,39.92578125
1786397341.0578823,59.17159652709961,56.9,39.92578125
1786397341.0785444,59.17159652709961,48.4,39.92578125
1786397341.091606,59.17159652709961,76.8,39.92578125
1786397341.1101587,59.17159652709961,53.7,39.92578125
1786397341.1263304,59.17159652709961,61.8,39.92578125
1786397341.1428936,59.17159652709961,60.7,39.9296875
1786397341.1568778,61.7283935546875,0.0,39.9296875
1786397341.1771188,61.7283935546875,98.9,39.9296875
1786397341.1906953,61.7283935546875,74.1,39.9296875
1786397341.208551,61.7283935546875,56.0,39.9296875
1786397341.2248251,61.7283935546875,122.9,39.9296875
1786397341.2427833,61.7283935546875,55.6,39.9296875
1786397341.2587714,61.7283935546875,62.6,39.9296875
1786397341.2733092,61.7283935546875,68.7,39.9296875
1786397341.285105,61.7283935546875,84.9,39.9296875
1786397341.3047168,61.7283935546875,50.3,39.9296875
1786397341.3177426,61.7283935546875,0.0,39.9296875
1786397341.333037,61.7283935546875,129.8,39.9296875
1786397341.3496265,61.7283935546875,0.0,39.9296875
1786397341.3669105,61.7283935546875,57.8,39.9296875
1786397341.387469,61.7283935546875,48.6,39.9296875
1786397341.403686,61.7283935546875,61.6,39.9296875
1786397341.4147787,61.7283935546875,90.5,39.9296875
1786397341.4305413,61.7283935546875,63.3,39.9296875
1786397341.4463108,61.7283935546875,0.0,39.9296875
1786397341.4633114,61.7283935546875,58.6,39.9296875
1786397341.4786012,61.7283935546875,0.0,39.9296875
1786397341.4947119,61.7283935546875,62.2,39.9296875
1786397341.510339,61.7283935546875,64.0,39.9296875
1786397341.5259604,61.7283935546875,0.0,39.93359375
1786397341.5428767,61.7283935546875,0.0,39.93359375
1786397341.5592062,61.7283935546875,61.2,39.93359375
1786397341.575708,61.7283935546875,0.0,39.93359375
1786397341.5934258,61.7283935546875,0.0,39.93359375
1786397341.6099057,61.7283935546875,60.8,39.93359375
1786397341.6259751,61.7283935546875,62.2,39.93359375
1786397341.6448991,61.7283935546875,52.8,39.93359375
1786397341.658565,61.7283935546875,73.2,39.93359375
1786397341.6779234,61.7283935546875,51.6,39.93359375
1786397341.6914043,61.7283935546875,74.6,39.93359375
1786397341.7148685,61.7283935546875,42.5,39.93359375
1786397341.7223613,61.7283935546875,134.5,39.93359375
1786397341.740264,61.7283935546875,0.0,39.93359375
1786397341.7588828,61.7283935546875,53.7,39.93359375
1786397341.7758987,61.7283935546875,58.7,39.93359375
1786397341.8026094,61.7283935546875,74.2,39.93359375
1786397341.8151379,58.82352828979492,81.2,39.93359375
1786397341.8263915,58.82352828979492,89.0,39.93359375
1786397341.8433723,58.82352828979492,58.9,39.93359375
1786397341.8577945,58.82352828979492,0.0,39.93359375
1786397341.8762913,58.82352828979492,54.1,39.93359375
1786397341.889799,58.82352828979492,74.1,39.93359375
1786397341.9079401,58.82352828979492,0.0,39.93359375
1786397341.9228725,58.82352828979492,67.0,39.93359375
1786397341.9413612,58.82352828979492,54.2,39.93359375
1786397341.9577641,58.82352828979492,0.0,39.93359375
1786397341.9763978,61.349693298339844,53.4,39.93359375
1786397341.9935715,61.349693298339844,58.5,39.9375
1786397342.010775,61.349693298339844,116.5,39.9375
1786397342.0231247,61.349693298339844,0.0,39.9375
1786397342.045447,61.349693298339844,89.8,39.9375
1786397342.0595434,61.349693298339844,70.9,39.94140625
1786397342.0735633,61.349693298339844,71.2,39.94140625
1786397342.090088,61.349693298339844,60.6,39.94140625
1786397342.106813,61.349693298339844,59.2,39.94140625
1786397342.1193576,61.349693298339844,0.0,39.94140625
1786397342.1370275,61.7283935546875,56.4,39.94140625
1786397342.1501353,61.7283935546875,0.0,39.94140625
1786397342.1763358,61.7283935546875,76.2,39.94140625
1786397342.1920443,61.7283935546875,63.7,39.94140625
1786397342.2025468,61.7283935546875,94.8,39.94140625
1786397342.2178519,61.7283935546875,65.6,39.94140625
1786397342.237581,61.7283935546875,50.5,39.94140625
1786397342.2537098,61.7283935546875,122.6,39.94140625
1786397342.2651193,61.7283935546875,0.0,39.94140625
1786397342.2805371,61.7283935546875,0.0,39.94140625
1786397342.2976704,61.7283935546875,58.3,39.94140625
1786397342.3140728,61.7283935546875,0.0,39.94140625
1786397342.333317,61.7283935546875,51.4,39.94140625
1786397342.3475697,61.7283935546875,71.1,39.94140625
1786397342.3641827,61.7283935546875,60.1,39.94140625
1786397342.380662,61.7283935546875,60.8,39.94140625
1786397342.3958201,61.7283935546875,0.0,39.94140625
1786397342.4175339,61.7283935546875,91.3,39.94140625
1786397342.438137,61.7283935546875,97.6,39.94140625
1786397342.4509583,61.7283935546875,78.4,39.94140625
1786397342.4666922,60.975608825683594,126.0,39.94140625
1786397342.477152,60.975608825683594,0.0,39.94140625
1786397342.4940708,60.975608825683594,0.0,39.94140625
1786397342.5118058,60.975608825683594,56.4,39.94140625
1786397342.5301318,60.975608825683594,54.6,39.94140625
1786397342.5438778,60.975608825683594,72.8,39.94140625
1786397342.559977,60.975608825683594,0.0,39.94140625
1786397342.582962,60.975608825683594,43.6,39.9453125
1786397342.5959136,60.975608825683594,77.1,39.9453125
1786397342.6128595,60.975608825683594,59.1,39.9453125
1786397342.6279957,60.240966796875,0.0,39.9453125
1786397342.6435912,60.240966796875,64.3,39.9453125
1786397342.6583235,60.240966796875,0.0,39.9453125
1786397342.6764271,60.240966796875,55.2,39.9453125
1786397342.6948078,60.240966796875,54.4,39.9453125
1786397342.707799,60.240966796875,0.0,39.9453125
1786397342.7259967,60.240966796875,54.9,39.9453125
1786397342.7432382,60.240966796875,57.9,39.9453125
1786397342.7600737,60.240966796875,0.0,39.9453125
1786397342.778296,60.240966796875,54.1,39.9453125
1786397342.7947965,61.349693298339844,123.0,39.9453125
1786397342.8178432,61.349693298339844,86.0,39.94921875
1786397342.8275638,61.349693298339844,0.0,39.94921875
1786397342.8432448,61.349693298339844,64.0,39.94921875
1786397342.8569236,61.349693298339844,73.2,39.94921875
1786397342.8733006,61.349693298339844,0.0,39.94921875
1786397342.8935359,61.349693298339844,49.4,39.94921875
1786397342.9072,61.349693298339844,0.0,39.94921875
1786397342.9248176,61.349693298339844,56.5,39.94921875
1786397342.9446776,61.349693298339844,48.2,39.94921875
1786397342.9578853,59.88024139404297,0.0,39.94921875
1786397342.9807267,59.88024139404297,87.5,39.94921875
1786397342.9940345,59.88024139404297,75.1,39.94921875
1786397343.010087,59.88024139404297,62.4,39.94921875
1786397343.0244803,59.88024139404297,0.0,39.94921875
1786397343.039932,59.88024139404297,64.8,39.94921875
1786397343.0569363,59.88024139404297,58.6,39.94921875
1786397343.0765333,59.88024139404297,102.2,39.94921875
1786397343.0889022,59.88024139404297,80.9,39.94921875
1786397343.1119003,59.88024139404297,43.4,39.953125
1786397343.1233554,61.7283935546875,87.8,39.953125
1786397343.1395879,61.7283935546875,61.6,39.953125
1786397343.1548479,61.7283935546875,64.9,39.953125
1786397343.1758246,61.7283935546875,47.8,39.953125
1786397343.1916103,61.7283935546875,126.9,39.953125
1786397343.2120473,61.7283935546875,48.9,39.953125
1786397343.2200527,61.7283935546875,125.1,39.953125
1786397343.2389042,61.7283935546875,53.1,39.953125
1786397343.2513397,61.7283935546875,80.5,39.953125
1786397343.274429,61.7283935546875,43.3,39.953125
1786397343.287906,60.975608825683594,73.0,39.953125
1786397343.3089895,60.975608825683594,95.6,39.953125
1786397343.316518,60.975608825683594,0.0,39.953125
1786397343.3323863,60.975608825683594,62.8,39.953125
1786397343.350914,60.975608825683594,54.2,39.953125
1786397343.364399,60.975608825683594,0.0,39.953125
1786397343.3814964,60.975608825683594,58.6,39.953125
1786397343.3955116,60.975608825683594,71.4,39.953125
1786397343.4191675,60.975608825683594,42.2,39.953125
1786397343.43066,60.975608825683594,87.1,39.953125
1786397343.444035,62.11180114746094,75.0,39.953125
1786397343.4607399,62.11180114746094,0.0,39.953125
1786397343.4775438,62.11180114746094,59.6,39.953125
1786397343.4927738,62.11180114746094,65.7,39.953125
1786397343.5105193,62.11180114746094,56.3,39.953125
1786397343.5254261,62.11180114746094,67.1,39.953125
1786397343.5509696,62.11180114746094,39.1,39.953125
1786397343.5632987,62.11180114746094,161.5,39.953125
1786397343.580172,62.11180114746094,59.5,39.953125
1786397343.5912704,62.11180114746094,89.8,39.953125
1786397343.606689,62.11180114746094,0.0,39.953125
1786397343.6218429,62.11180114746094,66.4,39.95703125
1786397343.6390142,62.11180114746094,0.0,39.9609375
1786397343.6541126,62.11180114746094,65.7,39.9609375
1786397343.6715105,62.11180114746094,0.0,39.9609375
1786397343.6883411,62.11180114746094,59.3,39.9609375
1786397343.7110722,62.11180114746094,88.2,39.9609375
1786397343.727385,62.11180114746094,122.4,39.9609375
1786397343.74569,62.11180114746094,109.4,39.9609375
1786397343.7575572,62.11180114746094,84.6,39.9609375
1786397343.774379,60.975608825683594,59.4,39.9609375
1786397343.7858832,60.975608825683594,86.9,39.9609375
1786397343.8023508,60.975608825683594,0.0,39.9609375
1786397343.8157234,60.975608825683594,75.0,39.9609375
1786397343.8322418,60.975608825683594,60.4,39.9609375
1786397343.8498747,60.975608825683594,0.0,39.9609375
1786397343.866778,60.975608825683594,58.8,39.9609375
1786397343.8873334,60.975608825683594,48.2,39.9609375
1786397343.9024618,60.975608825683594,64.8,39.9609375
1786397343.9175751,60.975608825683594,68.8,39.9609375
1786397343.9376636,61.7283935546875,48.7,39.9609375
1786397343.9523077,61.7283935546875,140.8,39.9609375
1786397343.9655745,61.7283935546875,0.0,39.9609375
1786397343.979185,61.7283935546875,76.0,39.9609375
1786397343.9948018,61.7283935546875,0.0,39.9609375
1786397344.0113654,61.7283935546875,60.4,39.9609375
1786397344.026954,61.7283935546875,0.0,39.9609375
1786397344.0438113,61.7283935546875,59.3,39.9609375
1786397344.0591304,61.7283935546875,65.5,39.9609375
1786397344.0766428,61.7283935546875,57.0,39.9609375
1786397344.0939312,61.7283935546875,0.0,39.9609375
1786397344.1151023,61.7283935546875,47.3,39.9609375
1786397344.132231,61.7283935546875,57.9,39.9609375
1786397344.144751,61.7283935546875,81.0,39.96484375
1786397344.1582544,61.7283935546875,0.0,39.96484375
1786397344.1769485,61.7283935546875,53.5,39.96484375
1786397344.1938765,61.7283935546875,59.0,39.96484375
1786397344.207875,61.7283935546875,71.1,39.96484375
1786397344.224318,61.7283935546875,0.0,39.96484375
1786397344.2460606,61.7283935546875,45.8,39.96484375
1786397344.257523,61.7283935546875,88.3,39.96484375
1786397344.2744606,61.7283935546875,118.0,39.96484375
1786397344.288394,61.7283935546875,0.0,39.96484375
1786397344.3118834,61.7283935546875,42.6,39.96484375
1786397344.3236172,61.7283935546875,85.5,39.96484375
1786397344.3415613,61.7283935546875,55.7,39.96484375
1786397344.3574932,61.7283935546875,125.4,39.96484375
1786397344.3742492,61.7283935546875,59.7,39.96484375
1786397344.3861449,61.7283935546875,82.6,39.96484375
1786397344.404736,61.7283935546875,54.1,39.96484375
1786397344.415355,62.5,95.2,39.96484375
1786397344.4343922,62.5,0.0,39.96484375
1786397344.451542,62.5,58.3,39.96484375
1786397344.468498,62.5,58.7,39.96875
1786397344.4810326,62.5,80.8,39.96875
1786397344.495383,62.5,0.0,39.96875
1786397344.512145,62.5,119.1,39.96875
1786397344.5302665,62.5,0.0,39.96875
1786397344.5456202,62.5,65.1,39.96875
1786397344.5601497,62.5,0.0,39.96875
1786397344.5786526,61.7283935546875,54.0,39.96875
1786397344.5938275,61.7283935546875,66.0,39.96875
1786397344.6119835,61.7283935546875,0.0,39.96875
1786397344.6259394,61.7283935546875,71.7,39.96875
1786397344.641994,61.7283935546875,0.0,39.96875
1786397344.6590548,61.7283935546875,58.7,39.97265625
1786397344.6775303,61.7283935546875,54.0,39.97265625
1786397344.6961706,61.7283935546875,53.6,39.97265625
1786397344.7153344,61.7283935546875,104.7,39.97265625
1786397344.728182,61.7283935546875,77.3,39.97265625
1786397344.7477114,62.11180114746094,102.6,39.97265625
1786397344.756131,62.11180114746094,0.0,39.97265625
1786397344.7731454,62.11180114746094,58.3,39.97265625
1786397344.7878044,62.11180114746094,67.1,39.97265625
1786397344.8085668,62.11180114746094,49.2,39.97265625
1786397344.8168206,62.11180114746094,121.5,39.97265625
1786397344.836592,62.11180114746094,50.5,39.97265625
1786397344.849584,62.11180114746094,76.5,39.97265625
1786397344.867831,62.11180114746094,54.9,39.97265625
1786397344.8821838,62.11180114746094,0.0,39.97265625
1786397344.9006672,62.5,55.1,39.97265625
1786397344.9194152,62.5,53.4,39.97265625
1786397344.936051,62.5,60.0,39.97265625
1786397344.9479513,62.5,84.4,39.97265625
1786397344.9700475,62.5,90.3,39.97265625
1786397344.982699,62.5,78.6,39.97265625
1786397344.9976838,62.5,0.0,39.97265625
1786397345.0115166,62.5,72.8,39.97265625
1786397345.025823,62.5,69.8,39.97265625
1786397345.0436,62.5,0.0,39.97265625
1786397345.057643,62.5,71.3,39.97265625
1786397345.078576,62.5,47.6,39.97265625
1786397345.0913107,62.5,0.0,39.97265625
1786397345.1086988,62.5,57.5,39.97265625
1786397345.1235733,62.5,67.4,39.97265625
1786397345.1403377,62.5,0.0,39.97265625
1786397345.1527936,62.5,80.3,39.97265625
1786397345.1696086,62.5,0.0,39.9765625
1786397345.1861906,62.5,60.4,39.9765625
1786397345.2024782,62.5,0.0,39.9765625
1786397345.2196145,62.11180114746094,58.4,39.9765625
1786397345.2370412,62.11180114746094,57.3,39.9765625
1786397345.2533007,62.11180114746094,0.0,39.9765625
1786397345.2742963,62.11180114746094,95.0,39.9765625
1786397345.2909536,62.11180114746094,60.1,39.9765625
1786397345.3102443,62.11180114746094,51.3,39.98046875
1786397345.3185709,62.11180114746094,123.8,39.98046875
1786397345.3389733,62.11180114746094,48.8,39.98046875
1786397345.3484309,62.11180114746094,106.7,39.98046875
1786397345.3664942,62.11180114746094,55.3,39.98046875
1786397345.3819435,61.7283935546875,0.0,39.98046875
1786397345.4027193,61.7283935546875,95.8,39.98046875
1786397345.4156227,61.7283935546875,78.1,39.98046875
1786397345.4322913,61.7283935546875,59.8,39.98046875
1786397345.4460194,61.7283935546875,0.0,39.98046875
1786397345.4647121,61.7283935546875,53.5,39.98046875
1786397345.4895058,61.7283935546875,80.7,39.98046875
1786397345.509531,61.7283935546875,99.9,39.98046875
1786397345.5214949,61.7283935546875,82.7,39.98046875
1786397345.5372946,61.7283935546875,63.0,39.98046875
1786397345.5501847,59.52381134033203,79.2,39.98046875
1786397345.566466,59.52381134033203,0.0,39.98046875
1786397345.5829535,59.52381134033203,61.0,39.98046875
1786397345.5998864,59.52381134033203,0.0,39.98046875
1786397345.6173904,59.52381134033203,57.1,39.98046875
1786397345.635359,59.52381134033203,55.4,39.98046875
1786397345.6496434,59.52381134033203,70.3,39.98046875
1786397345.6641665,59.52381134033203,0.0,39.98046875
1786397345.6830385,59.52381134033203,53.1,39.984375
1786397345.6998882,59.52381134033203,59.1,39.984375
1786397345.7111318,61.7283935546875,90.1,39.984375
1786397345.7342763,61.7283935546875,42.5,39.984375
1786397345.748341,61.7283935546875,145.7,39.984375
1786397345.7601306,61.7283935546875,0.0,39.984375
1786397345.777791,61.7283935546875,56.7,39.984375
1786397345.7931228,61.7283935546875,130.2,39.984375
1786397345.8078218,61.7283935546875,0.0,39.984375
1786397345.8267734,61.7283935546875,52.7,39.984375
1786397345.8448553,61.7283935546875,55.4,39.984375
1786397345.8597126,61.7283935546875,67.2,39.984375
1786397345.88176,62.11180114746094,87.7,39.984375
1786397345.8927317,62.11180114746094,0.0,39.984375
1786397345.909927,62.11180114746094,115.9,39.984375
1786397345.9234643,62.11180114746094,74.1,39.984375
1786397345.9413135,62.11180114746094,0.0,39.984375
1786397345.9565666,62.11180114746094,65.8,39.984375
1786397345.975029,62.11180114746094,53.8,39.984375
1786397345.9890742,62.11180114746094,143.2,39.984375
1786397346.0032675,62.11180114746094,70.8,39.984375
1786397346.0163364,62.11180114746094,0.0,39.984375
1786397346.0322416,62.11180114746094,62.6,39.984375
1786397346.0483289,62.11180114746094,0.0,39.984375
1786397346.0661843,62.11180114746094,55.7,39.984375
1786397346.0826933,62.11180114746094,0.0,39.984375
1786397346.1019328,62.11180114746094,51.5,39.984375
1786397346.1227198,62.11180114746094,48.4,39.98828125
1786397346.1342008,62.11180114746094,174.4,39.98828125
1786397346.1489408,62.11180114746094,0.0,39.98828125
1786397346.1621795,62.11180114746094,0.0,39.98828125
1786397346.1792595,62.11180114746094,58.4,39.98828125
1786397346.1980221,61.349693298339844,0.0,39.9921875
1786397346.2142277,61.349693298339844,61.9,39.9921875
1786397346.22993,61.349693298339844,63.6,39.9921875
1786397346.2491674,61.349693298339844,51.9,39.9921875
1786397346.2715201,61.349693298339844,44.6,39.9921875
1786397346.2886705,61.349693298339844,116.2,39.9921875
1786397346.3026087,61.349693298339844,69.7,39.9921875
1786397346.3150384,61.349693298339844,83.8,39.9921875
1786397346.3315973,61.349693298339844,60.5,39.9921875
1786397346.3484752,61.349693298339844,59.3,39.9921875
1786397346.3616178,60.60606002807617,0.0,39.9921875
1786397346.378252,60.60606002807617,60.0,39.9921875
1786397346.3943372,60.60606002807617,62.3,39.9921875
1786397346.4118712,60.60606002807617,56.7,39.9921875
1786397346.4281733,60.60606002807617,61.8,39.9921875
1786397346.4462924,60.60606002807617,55.2,39.9921875
1786397346.4608233,60.60606002807617,0.0,39.9921875
1786397346.4870343,60.60606002807617,76.1,39.9921875
1786397346.5034046,60.60606002807617,60.9,39.9921875
1786397346.5165174,60.60606002807617,153.5,39.9921875
1786397346.5303578,60.975608825683594,72.4,39.9921875
1786397346.5463736,60.975608825683594,62.4,39.9921875
1786397346.561454,60.975608825683594,65.8,39.9921875
1786397346.576197,60.975608825683594,0.0,39.9921875
1786397346.590278,60.975608825683594,71.9,39.9921875
1786397346.6074405,60.975608825683594,58.2,39.9921875
1786397346.6248207,60.975608825683594,57.5,39.9921875
1786397346.6407912,60.975608825683594,0.0,39.9921875
1786397346.6553457,60.975608825683594,68.6,39.9921875
1786397346.6730773,60.975608825683594,56.2,39.9921875
1786397346.6892953,61.7283935546875,61.8,39.9921875
1786397346.7087758,61.7283935546875,51.3,39.9921875
1786397346.7215667,61.7283935546875,78.3,39.99609375
1786397346.743185,61.7283935546875,46.2,39.99609375
1786397346.7672546,61.7283935546875,82.1,39.99609375
1786397346.77751,61.7283935546875,100.5,39.99609375
1786397346.7905853,61.7283935546875,76.6,39.99609375
1786397346.8120642,61.7283935546875,45.9,39.99609375
1786397346.8234887,61.7283935546875,90.0,39.99609375
1786397346.8463898,61.7283935546875,43.5,39.99609375
1786397346.8604717,59.52381134033203,71.3,39.99609375
1786397346.8849003,59.52381134033203,122.9,39.99609375
1786397346.900788,59.52381134033203,62.9,39.99609375
1786397346.923715,59.52381134033203,130.1,39.99609375
1786397346.9341815,59.52381134033203,96.4,39.99609375
1786397346.9466908,59.52381134033203,0.0,39.99609375
1786397346.962684,59.52381134033203,62.5,40.0
1786397346.9794352,59.52381134033203,0.0,40.0
1786397346.9955177,59.52381134033203,61.9,40.0
1786397347.0120692,59.52381134033203,60.6,40.0
1786397347.0261471,58.479530334472656,0.0,40.0
1786397347.0463362,58.479530334472656,49.5,40.0
1786397347.0616682,58.479530334472656,65.2,40.0
1786397347.085873,58.479530334472656,82.4,40.0
1786397347.096761,58.479530334472656,92.0,40.0
1786397347.11232,58.479530334472656,64.3,40.0
1786397347.1306689,58.479530334472656,54.5,40.0
1786397347.1458085,58.479530334472656,66.2,40.0
1786397347.1585095,58.479530334472656,0.0,40.0
1786397347.1740556,58.479530334472656,64.3,40.0
1786397347.1949599,61.349693298339844,47.8,40.0
1786397347.2117095,61.349693298339844,59.8,40.0
1786397347.2296104,61.349693298339844,111.4,40.0
1786397347.2490861,61.349693298339844,51.1,40.0
1786397347.2633035,61.349693298339844,141.3,40.00390625
1786397347.2784686,61.349693298339844,66.2,40.00390625
1786397347.2925887,61.349693298339844,70.8,40.00390625
1786397347.3128178,61.349693298339844,98.6,40.00390625
1786397347.3258588,61.349693298339844,77.0,40.00390625
1786397347.3416007,61.349693298339844,63.5,40.00390625
1786397347.3518267,61.7283935546875,0.0,40.00390625
1786397347.3709772,61.7283935546875,50.9,40.00390625
1786397347.383522,61.7283935546875,83.2,40.00390625
1786397347.404987,61.7283935546875,92.2,40.00390625
1786397347.4258313,61.7283935546875,48.3,40.00390625
1786397347.4458833,61.7283935546875,99.8,40.00390625
1786397347.4599352,61.7283935546875,71.1,40.00390625
1786397347.4776597,61.7283935546875,113.1,40.00390625
1786397347.4901059,61.7283935546875,80.3,40.00390625
1786397347.5063515,61.7283935546875,61.4,40.00390625
1786397347.5196087,60.240966796875,75.5,40.00390625
1786397347.538296,60.240966796875,53.1,40.00390625
1786397347.5506015,60.240966796875,82.5,40.00390625
1786397347.5682685,60.240966796875,56.6,40.00390625
1786397347.5845096,60.240966796875,61.4,40.00390625
1786397347.6118147,60.240966796875,73.3,40.00390625
1786397347.6229484,60.240966796875,89.9,40.00390625
1786397347.6421125,60.240966796875,52.1,40.00390625
1786397347.653727,60.240966796875,86.3,40.00390625
1786397347.670516,60.240966796875,59.0,40.00390625
1786397347.6846206,60.240966796875,71.9,40.00390625
1786397347.7037573,60.240966796875,52.2,40.00390625
1786397347.7163937,60.240966796875,79.0,40.00390625
1786397347.7339165,60.240966796875,0.0,40.00390625
1786397347.7508638,60.240966796875,59.0,40.00390625
1786397347.7667637,60.240966796875,61.2,40.00390625
1786397347.781152,60.240966796875,71.7,40.0078125
1786397347.806195,60.240966796875,79.1,40.01171875
1786397347.8195527,60.240966796875,76.3,40.01171875
1786397347.83959,60.240966796875,49.9,40.01171875
1786397347.8496535,61.349693298339844,98.8,40.01171875
1786397347.8644314,61.349693298339844,67.9,40.01171875
1786397347.878473,61.349693298339844,71.1,40.01171875
1786397347.894175,61.349693298339844,63.8,40.01171875
1786397347.9127977,61.349693298339844,0.0,40.01171875
1786397347.9271426,61.349693298339844,69.7,40.01171875
1786397347.9452083,61.349693298339844,55.3,40.01171875
1786397347.9746437,61.349693298339844,67.9,40.01171875
1786397347.9922543,61.349693298339844,112.6,40.01171875
1786397348.0089877,61.349693298339844,60.4,40.01171875
1786397348.0188925,59.17159652709961,100.9,40.01171875
1786397348.0381641,59.17159652709961,51.8,40.01171875
1786397348.0518432,59.17159652709961,145.6,40.01171875
1786397348.0737953,59.17159652709961,45.4,40.01171875
1786397348.083735,59.17159652709961,100.8,40.01171875
1786397348.0966592,59.17159652709961,77.9,40.01171875
1786397348.1143765,59.17159652709961,56.5,40.01171875
1786397348.130953,59.17159652709961,60.1,40.01171875
1786397348.1463816,59.17159652709961,0.0,40.01171875
1786397348.160254,59.17159652709961,72.4,40.01171875
1786397348.176808,61.7283935546875,0.0,40.01171875
1786397348.193768,61.7283935546875,59.0,40.01171875
1786397348.21172,61.7283935546875,0.0,40.01171875
1786397348.230485,61.7283935546875,53.4,40.01171875
1786397348.249463,61.7283935546875,105.0,40.01171875
1786397348.2646127,61.7283935546875,66.2,40.01171875
1786397348.2819657,61.7283935546875,57.8,40.01171875
1786397348.2934797,61.7283935546875,86.9,40.01171875
1786397348.3116531,61.7283935546875,54.8,40.015625
1786397348.325423,61.7283935546875,73.0,40.015625
1786397348.3434541,62.11180114746094,110.9,40.015625
1786397348.3569574,62.11180114746094,0.0,40.015625
1786397348.3768606,62.11180114746094,50.3,40.015625
1786397348.3914294,62.11180114746094,68.6,40.015625
1786397348.4146125,62.11180114746094,86.1,40.015625
1786397348.4314656,62.11180114746094,118.7,40.015625
1786397348.443206,62.11180114746094,85.3,40.015625
1786397348.45482,62.11180114746094,86.3,40.015625
1786397348.475698,62.11180114746094,47.8,40.015625
1786397348.487603,62.11180114746094,84.0,40.015625
1786397348.5042682,61.349693298339844,59.5,40.015625
1786397348.519146,61.349693298339844,67.9,40.015625
1786397348.538278,61.349693298339844,0.0,40.015625
1786397348.5524035,61.349693298339844,71.2,40.015625
1786397348.5728307,61.349693298339844,48.9,40.015625
1786397348.5869503,61.349693298339844,67.7,40.015625
1786397348.6064284,61.349693298339844,104.9,40.015625
1786397348.6200736,61.349693298339844,74.7,40.015625
1786397348.6397526,61.349693298339844,50.7,40.015625
1786397348.6500127,61.349693298339844,98.1,40.01953125
1786397348.665073,62.11180114746094,65.1,40.01953125
1786397348.6803474,62.11180114746094,0.0,40.01953125
1786397348.6955736,62.11180114746094,65.7,40.01953125
1786397348.716064,62.11180114746094,48.7,40.01953125
1786397348.7361991,62.11180114746094,98.8,40.01953125
1786397348.7501898,62.11180114746094,143.6,40.01953125
1786397348.7624464,62.11180114746094,81.9,40.01953125
1786397348.778491,62.11180114746094,62.3,40.01953125
1786397348.7950237,62.11180114746094,60.5,40.01953125
1786397348.80931,62.11180114746094,69.5,40.01953125
1786397348.8277538,61.7283935546875,54.4,40.0234375
1786397348.8426223,61.7283935546875,0.0,40.0234375
1786397348.8573759,61.7283935546875,67.8,40.0234375
1786397348.873485,61.7283935546875,62.1,40.0234375
1786397348.8900888,61.7283935546875,60.3,40.0234375
1786397348.9074085,61.7283935546875,57.6,40.0234375
1786397348.9234338,61.7283935546875,62.5,40.0234375
1786397348.9384606,61.7283935546875,0.0,40.0234375
1786397348.9529135,61.7283935546875,68.9,40.0234375
1786397348.9720225,61.7283935546875,52.2,40.0234375
1786397348.9903147,62.89308547973633,55.0,40.0234375
1786397349.007871,62.89308547973633,113.9,40.0234375
1786397349.022213,62.89308547973633,69.7,40.0234375
1786397349.0388393,62.89308547973633,59.6,40.0234375
1786397349.0484042,62.89308547973633,106.1,40.0234375
1786397349.062669,62.89308547973633,0.0,40.0234375
1786397349.0792475,62.89308547973633,60.3,40.0234375
1786397349.1076922,62.89308547973633,35.0,40.0234375
1786397349.1182406,62.89308547973633,189.8,40.0234375
1786397349.1322098,62.89308547973633,0.0,40.0234375
1786397349.1452706,61.349693298339844,0.0,40.0234375
1786397349.16174,61.349693298339844,60.4,40.0234375
1786397349.17902,61.349693298339844,58.2,40.0234375
1786397349.194938,61.349693298339844,0.0,40.0234375
1786397349.2108917,61.349693298339844,0.0,40.0234375
1786397349.2261543,61.349693298339844,65.5,40.0234375
1786397349.2427423,61.349693298339844,0.0,40.0234375
1786397349.259936,61.349693298339844,0.0,40.0234375
1786397349.2754316,61.349693298339844,64.5,40.0234375
1786397349.29082,61.349693298339844,0.0,40.0234375
1786397349.3099098,61.7283935546875,52.4,40.0234375
1786397349.324949,61.7283935546875,66.3,40.0234375
1786397349.342424,61.7283935546875,0.0,40.02734375
1786397349.360436,61.7283935546875,55.5,40.02734375
1786397349.3787382,61.7283935546875,54.7,40.02734375
1786397349.391313,61.7283935546875,79.5,40.02734375
1786397349.4096134,61.7283935546875,54.6,40.02734375
1786397349.4214568,61.7283935546875,84.6,40.03125
1786397349.442478,61.7283935546875,47.6,40.03125
1786397349.4562054,61.7283935546875,72.8,40.03125
1786397349.4753985,61.7283935546875,52.1,40.03125
1786397349.4884856,61.7283935546875,76.4,40.03125
1786397349.508097,61.7283935546875,50.9,40.03125
1786397349.521327,61.7283935546875,75.6,40.03125
1786397349.5395505,61.7283935546875,54.9,40.03125
1786397349.5530488,61.7283935546875,73.3,40.03125
1786397349.575265,61.7283935546875,45.3,40.03125
1786397349.5836275,61.7283935546875,119.3,40.03125
1786397349.604442,61.7283935546875,48.1,40.03125
1786397349.6167433,61.7283935546875,81.2,40.03125
1786397349.6356547,62.11180114746094,52.9,40.03125
1786397349.647091,62.11180114746094,0.0,40.03125
1786397349.6656952,62.11180114746094,53.5,40.03125
1786397349.6816666,62.11180114746094,0.0,40.03125
1786397349.7014508,62.11180114746094,50.7,40.03125
1786397349.7152944,62.11180114746094,72.7,40.03125
1786397349.7306936,62.11180114746094,64.6,40.03125
1786397349.7480044,62.11180114746094,0.0,40.03125
1786397349.7753782,62.11180114746094,109.5,40.03125
1786397349.7842362,62.11180114746094,0.0,40.03125
1786397349.796725,59.88024139404297,80.3,40.03125
1786397349.8135405,59.88024139404297,0.0,40.03125
1786397349.8308067,59.88024139404297,57.8,40.03125
1786397349.845797,59.88024139404297,66.9,40.03125
1786397349.861656,59.88024139404297,62.9,40.03515625
1786397349.8776267,59.88024139404297,0.0,40.03515625
1786397349.8934782,59.88024139404297,63.0,40.03515625
1786397349.9123595,59.88024139404297,0.0,40.03515625
1786397349.926032,59.88024139404297,73.0,40.03515625
1786397349.9442291,59.88024139404297,54.9,40.03515625
1786397349.9615295,61.7283935546875,0.0,40.03515625
1786397349.9778023,61.7283935546875,61.1,40.03515625
1786397349.992975,61.7283935546875,0.0,40.03515625
1786397350.0098212,61.7283935546875,59.5,40.03515625
1786397350.0327148,61.7283935546875,43.6,40.03515625
1786397350.0502832,61.7283935546875,113.5,40.03515625
1786397350.060283,61.7283935546875,101.0,40.03515625
1786397350.075474,61.7283935546875,0.0,40.03515625
1786397350.0945234,61.7283935546875,52.5,40.03515625
1786397350.1181762,61.7283935546875,84.4,40.03515625
1786397350.1272116,60.975608825683594,110.5,40.03515625
1786397350.1457715,60.975608825683594,53.5,40.03515625
1786397350.1569057,60.975608825683594,0.0,40.03515625
1786397350.174614,60.975608825683594,56.5,40.03515625
1786397350.1901655,60.975608825683594,0.0,40.03515625
1786397350.2063632,60.975608825683594,61.3,40.03515625
1786397350.2227798,60.975608825683594,0.0,40.03515625
1786397350.240922,60.975608825683594,55.0,40.03515625
1786397350.2561085,60.975608825683594,66.0,40.0390625
1786397350.2739422,60.975608825683594,0.0,40.0390625
1786397350.2947154,60.60606002807617,96.4,40.0390625
1786397350.3128576,60.60606002807617,55.1,40.0390625
1786397350.3262827,60.60606002807617,74.3,40.0390625
1786397350.3430471,60.60606002807617,119.3,40.0390625
1786397350.3549716,60.60606002807617,0.0,40.0390625
1786397350.3763385,60.60606002807617,46.6,40.04296875
1786397350.3886583,60.60606002807617,81.5,40.04296875
1786397350.4094415,60.60606002807617,48.2,40.04296875
1786397350.4208286,60.60606002807617,87.8,40.04296875
1786397350.4391863,60.60606002807617,54.4,40.04296875
1786397350.4498625,62.11180114746094,0.0,40.04296875
1786397350.4765646,62.11180114746094,74.7,40.04296875
1786397350.4842157,62.11180114746094,131.4,40.04296875
1786397350.5084813,62.11180114746094,82.3,40.04296875
1786397350.5197802,62.11180114746094,87.4,40.04296875
1786397350.5358016,62.11180114746094,62.9,40.04296875
1786397350.5487056,62.11180114746094,0.0,40.04296875
1786397350.5654886,62.11180114746094,59.5,40.04296875
1786397350.583661,62.11180114746094,54.9,40.04296875
1786397350.5993676,62.11180114746094,63.2,40.04296875
1786397350.6130073,61.7283935546875,0.0,40.04296875
1786397350.6273205,61.7283935546875,70.2,40.04296875
1786397350.64389,61.7283935546875,0.0,40.04296875
1786397350.6744232,61.7283935546875,65.2,40.04296875
1786397350.6909041,61.7283935546875,122.1,40.04296875
1786397350.7000818,61.7283935546875,0.0,40.04296875
1786397350.7135134,61.7283935546875,74.5,40.04296875
1786397350.729467,61.7283935546875,62.6,40.04296875
1786397350.7442741,61.7283935546875,0.0,40.04296875
1786397350.760429,61.7283935546875,0.0,40.04296875
1786397350.7768216,59.88024139404297,60.9,40.04296875
1786397350.7938905,59.88024139404297,58.5,40.04296875
1786397350.8093832,59.88024139404297,0.0,40.04296875
1786397350.8249328,59.88024139404297,64.3,40.04296875
1786397350.8434143,59.88024139404297,54.0,40.04296875
1786397350.8610976,59.88024139404297,0.0,40.04296875
1786397350.8807073,59.88024139404297,101.7,40.04296875
1786397350.8955648,59.88024139404297,67.7,40.046875
1786397350.9128926,59.88024139404297,57.5,40.046875
1786397350.9255638,59.88024139404297,79.2,40.046875
1786397350.942307,62.5,59.7,40.046875
1786397350.9554386,62.5,0.0,40.046875
1786397350.9745872,62.5,52.2,40.046875
1786397350.9899912,62.5,64.9,40.046875
1786397351.0111682,62.5,47.2,40.046875
1786397351.0237522,62.5,79.5,40.046875
1786397351.043585,62.5,50.4,40.046875
1786397351.064465,62.5,95.4,40.046875
1786397351.0818965,62.5,114.9,40.046875
1786397351.0957031,62.5,72.7,40.05078125
1786397351.1074166,60.240966796875,85.3,40.05078125
1786397351.1220148,60.240966796875,0.0,40.05078125
1786397351.1396263,60.240966796875,57.1,40.05078125
1786397351.1556993,60.240966796875,62.1,40.05078125
1786397351.1714182,60.240966796875,0.0,40.05078125
1786397351.185542,60.240966796875,70.1,40.05078125
1786397351.2046309,60.240966796875,0.0,40.05078125
1786397351.2189026,60.240966796875,70.5,40.05078125
1786397351.23534,60.240966796875,0.0,40.05078125
1786397351.2500334,60.240966796875,68.3,40.05078125
1786397351.2701285,62.11180114746094,49.1,40.05078125
1786397351.2908607,62.11180114746094,97.4,40.05078125
1786397351.3085084,62.11180114746094,56.6,40.05078125
1786397351.3225014,62.11180114746094,71.5,40.05078125
1786397351.3396437,62.11180114746094,116.5,40.05078125
1786397351.3477685,62.11180114746094,0.0,40.05078125
1786397351.362284,62.11180114746094,68.9,40.05078125
1786397351.3838263,62.11180114746094,46.4,40.05078125
1786397351.3984501,62.11180114746094,0.0,40.05078125
1786397351.4148757,62.11180114746094,61.0,40.0546875
1786397351.432462,61.7283935546875,55.8,40.0546875
1786397351.4530168,61.7283935546875,98.6,40.0546875
1786397351.469589,61.7283935546875,60.2,40.0546875
1786397351.4843154,61.7283935546875,68.1,40.0546875
1786397351.4939518,61.7283935546875,103.9,40.0546875
1786397351.5113335,61.7283935546875,57.6,40.0546875
1786397351.526862,61.7283935546875,64.0,40.0546875
1786397351.5432768,61.7283935546875,0.0,40.0546875
1786397351.5603352,61.7283935546875,58.7,40.0546875
1786397351.5782251,61.7283935546875,55.7,40.0546875
1786397351.5965638,61.7283935546875,104.9,40.0546875
1786397351.613488,61.7283935546875,62.0,40.0546875
1786397351.6249323,61.7283935546875,87.7,40.0546875
1786397351.6424005,61.7283935546875,57.2,40.0546875
1786397351.6562276,61.7283935546875,72.4,40.0546875
1786397351.6723824,61.7283935546875,0.0,40.0546875
1786397351.6860242,61.7283935546875,73.9,40.0546875
1786397351.7033572,61.7283935546875,57.1,40.0546875
1786397351.7179422,61.7283935546875,0.0,40.0546875
1786397351.7347784,61.7283935546875,59.3,40.0546875
1786397351.7487535,62.5,0.0,40.0546875
1786397351.7650917,62.5,0.0,40.0546875
1786397351.7802808,62.5,66.4,40.0546875
1786397351.7968235,62.5,0.0,40.0546875
1786397351.8145437,62.5,56.5,40.0546875
1786397351.8292675,62.5,67.8,40.0546875
1786397351.8464675,62.5,58.1,40.0546875
1786397351.8625524,62.5,0.0,40.0546875
1786397351.8798306,62.5,58.3,40.0546875
1786397351.8925478,62.5,79.3,40.0546875
1786397351.9081392,62.5,0.0,40.0546875
1786397351.9291258,62.5,47.4,40.05859375
1786397351.9473202,62.5,55.1,40.05859375
1786397351.9622147,62.5,67.2,40.0625
1786397351.9760108,62.5,0.0,40.0625
1786397351.991866,62.5,63.0,40.0625
1786397352.0078206,62.5,62.7,40.0625
1786397352.0234659,62.5,0.0,40.0625
1786397352.0421104,62.5,53.2,40.0625
1786397352.0576441,62.5,65.0,40.0625
1786397352.0730963,62.11180114746094,64.5,40.0625
1786397352.0897973,62.11180114746094,0.0,40.0625
1786397352.1043258,62.11180114746094,68.8,40.0625
1786397352.1187022,62.11180114746094,0.0,40.0625
1786397352.140864,62.11180114746094,45.4,40.0625
1786397352.1536705,62.11180114746094,77.9,40.0625
1786397352.1734653,62.11180114746094,50.6,40.0625
1786397352.1898675,62.11180114746094,60.9,40.0625
1786397352.2115018,62.11180114746094,91.9,40.0625
1786397352.2279963,62.11180114746094,61.0,40.0625
1786397352.2408917,60.975608825683594,77.7,40.0625
1786397352.2573974,60.975608825683594,121.5,40.0625
1786397352.2753785,60.975608825683594,55.6,40.0625
1786397352.2860065,60.975608825683594,93.8,40.0625
1786397352.3046227,60.975608825683594,53.6,40.0625
1786397352.3162673,60.975608825683594,0.0,40.0625
1786397352.3325062,60.975608825683594,61.3,40.0625
1786397352.348547,60.975608825683594,62.8,40.0625
1786397352.3650794,60.975608825683594,0.0,40.0625
1786397352.3826296,60.975608825683594,57.6,40.0625
1786397352.3977935,62.11180114746094,0.0,40.0625
1786397352.416603,62.11180114746094,53.2,40.0625
1786397352.4334633,62.11180114746094,59.1,40.0625
1786397352.4527864,62.11180114746094,51.3,40.06640625
1786397352.4626532,62.11180114746094,103.6,40.06640625
1786397352.4804378,62.11180114746094,56.3,40.06640625
1786397352.492738,62.11180114746094,0.0,40.06640625
1786397352.5097237,62.11180114746094,58.8,40.06640625
1786397352.5254238,62.11180114746094,0.0,40.06640625
1786397352.5438654,62.11180114746094,54.2,40.06640625
1786397352.5581446,61.7283935546875,0.0,40.06640625
1786397352.5747027,61.7283935546875,60.4,40.06640625
1786397352.5920863,61.7283935546875,0.0,40.06640625
1786397352.6153817,61.7283935546875,85.8,40.06640625
1786397352.6311703,61.7283935546875,63.2,40.06640625
1786397352.6462524,61.7283935546875,66.5,40.06640625
1786397352.6583521,61.7283935546875,82.8,40.06640625
1786397352.6747203,61.7283935546875,122.2,40.06640625
1786397352.6889844,61.7283935546875,0.0,40.06640625
1786397352.7083433,61.7283935546875,51.7,40.06640625
1786397352.7237327,61.349693298339844,65.0,40.06640625
1786397352.7420185,61.349693298339844,54.6,40.06640625
1786397352.7548337,61.349693298339844,0.0,40.0703125
1786397352.7761142,61.349693298339844,47.0,40.0703125
1786397352.7960467,61.349693298339844,100.0,40.0703125
1786397352.8153565,61.349693298339844,104.0,40.0703125
1786397352.826859,61.349693298339844,86.2,40.0703125
1786397352.8426967,61.349693298339844,63.3,40.0703125
1786397352.8545594,61.349693298339844,84.3,40.0703125
1786397352.8703187,61.349693298339844,0.0,40.0703125
1786397352.8843143,60.60606002807617,71.6,40.0703125
1786397352.9060707,60.60606002807617,45.2,40.0703125
1786397352.9168208,60.60606002807617,96.3,40.0703125
1786397352.9361532,60.60606002807617,51.5,40.0703125
1786397352.9502168,60.60606002807617,0.0,40.0703125
1786397352.968253,60.60606002807617,55.3,40.07421875
1786397352.9842677,60.60606002807617,62.6,40.07421875
1786397353.0014622,60.60606002807617,57.5,40.07421875
1786397353.0218427,60.60606002807617,0.0,40.07421875
1786397353.044325,60.60606002807617,88.9,40.07421875
1786397353.0559862,60.60606002807617,87.1,40.07421875
1786397353.0762255,60.60606002807617,98.8,40.07421875
1786397353.088273,60.60606002807617,166.7,40.07421875
1786397353.10025,60.60606002807617,0.0,40.07421875
1786397353.1176038,60.60606002807617,0.0,40.07421875
1786397353.1394308,60.60606002807617,91.5,40.07421875
1786397353.148841,60.60606002807617,0.0,40.07421875
1786397353.1699424,60.60606002807617,47.2,40.07421875
1786397353.1847527,60.60606002807617,67.7,40.07421875
1786397353.208063,60.60606002807617,85.8,40.07421875
1786397353.218588,61.349693298339844,94.9,40.07421875
1786397353.2399673,61.349693298339844,93.3,40.07421875
1786397353.2549808,61.349693298339844,67.0,40.07421875
1786397353.2666638,61.349693298339844,83.7,40.07421875
1786397353.2792184,61.349693298339844,81.3,40.07421875
1786397353.2944245,61.349693298339844,0.0,40.07421875
1786397353.313296,61.349693298339844,0.0,40.07421875
1786397353.327592,61.349693298339844,70.3,40.07421875
1786397353.3448343,61.349693298339844,58.0,40.07421875
1786397353.3580647,61.349693298339844,0.0,40.07421875
1786397353.3801115,61.7283935546875,45.3,40.07421875
1786397353.3953576,61.7283935546875,65.5,40.07421875
1786397353.4214454,61.7283935546875,76.8,40.07421875
1786397353.4330094,61.7283935546875,85.9,40.07421875
1786397353.448036,61.7283935546875,66.4,40.07421875
1786397353.4602406,61.7283935546875,82.5,40.07421875
1786397353.4767997,61.7283935546875,0.0,40.07421875
1786397353.4920266,61.7283935546875,65.9,40.078125
1786397353.512575,61.7283935546875,48.7,40.078125
1786397353.5263493,61.7283935546875,0.0,40.078125
1786397353.5415154,60.60606002807617,66.1,40.078125
1786397353.5567951,60.60606002807617,65.5,40.078125
1786397353.5762935,60.60606002807617,51.1,40.078125
1786397353.5925484,60.60606002807617,0.0,40.08203125
1786397353.6126869,60.60606002807617,99.2,40.08203125
1786397353.6295922,60.60606002807617,58.7,40.08203125
1786397353.6479754,60.60606002807617,109.5,40.08203125
1786397353.6598935,60.60606002807617,83.9,40.08203125
1786397353.674166,60.60606002807617,70.3,40.08203125
1786397353.6883311,60.60606002807617,0.0,40.08203125
1786397353.7078953,60.975608825683594,51.1,40.08203125
1786397353.7238007,60.975608825683594,63.0,40.08203125
1786397353.7424445,60.975608825683594,53.5,40.08203125
1786397353.7616549,60.975608825683594,52.2,40.08203125
1786397353.7716496,60.975608825683594,99.9,40.08203125
1786397353.7873857,60.975608825683594,0.0,40.08203125
1786397353.811399,60.975608825683594,83.3,40.08203125
1786397353.8271692,60.975608825683594,62.9,40.08203125
1786397353.8473449,60.975608825683594,99.7,40.08203125
1786397353.8568323,60.975608825683594,105.2,40.08203125
1786397353.8749673,60.60606002807617,55.2,40.08203125
1786397353.890651,60.60606002807617,63.8,40.08203125
1786397353.9083679,60.60606002807617,55.7,40.08203125
1786397353.9191623,60.60606002807617,94.7,40.08203125
1786397353.9410124,60.60606002807617,45.9,40.08203125
1786397353.954617,60.60606002807617,73.1,40.08203125
1786397353.9724278,60.60606002807617,56.1,40.08203125
1786397353.9905014,60.60606002807617,110.9,40.08203125
1786397354.0078838,60.60606002807617,57.4,40.08203125
1786397354.0193512,60.60606002807617,87.6,40.0859375
1786397354.0336626,62.11180114746094,69.4,40.0859375
1786397354.0477192,62.11180114746094,0.0,40.0859375
1786397354.0648868,62.11180114746094,58.1,40.0859375
1786397354.0819695,62.11180114746094,58.5,40.0859375
1786397354.0982215,62.11180114746094,0.0,40.0859375
1786397354.1137495,62.11180114746094,64.5,40.0859375
1786397354.1313825,62.11180114746094,56.5,40.0859375
1786397354.1479695,62.11180114746094,60.0,40.0859375
1786397354.160326,62.11180114746094,0.0,40.0859375
1786397354.1853263,62.11180114746094,39.4,40.0859375
1786397354.1978552,61.7283935546875,163.5,40.0859375
1786397354.2137911,61.7283935546875,62.8,40.0859375
1786397354.2273412,61.7283935546875,0.0,40.0859375
1786397354.241798,61.7283935546875,69.1,40.0859375
1786397354.2576966,61.7283935546875,0.0,40.0859375
1786397354.2737834,61.7283935546875,62.2,40.0859375
1786397354.2911725,61.7283935546875,57.5,40.0859375
1786397354.3079212,61.7283935546875,0.0,40.0859375
1786397354.3228908,61.7283935546875,66.8,40.0859375
1786397354.3397508,61.7283935546875,0.0,40.0859375
1786397354.360667,61.7283935546875,47.7,40.0859375
1786397354.3773592,61.7283935546875,119.3,40.0859375
1786397354.3892882,61.7283935546875,84.3,40.0859375
1786397354.4074316,61.7283935546875,0.0,40.0859375
1786397354.42171,61.7283935546875,69.9,40.0859375
1786397354.4410837,61.7283935546875,51.7,40.08984375
1786397354.4508784,61.7283935546875,101.9,40.08984375
1786397354.4746747,61.7283935546875,42.0,40.08984375
1786397354.4834101,61.7283935546875,113.5,40.08984375
1786397354.5013256,61.7283935546875,0.0,40.08984375
1786397354.5152135,62.5,72.3,40.09375
1786397354.5341618,62.5,52.5,40.09375
1786397354.5510411,62.5,59.5,40.09375
1786397354.5695813,62.5,0.0,40.09375
1786397354.5887113,62.5,105.2,40.09375
1786397354.609388,62.5,96.8,40.09375
1786397354.6198764,62.5,95.1,40.09375
1786397354.6319635,62.5,79.5,40.09375
1786397354.6477127,62.5,65.8,40.09375
1786397354.6620896,62.5,0.0,40.09375
1786397354.6787128,60.975608825683594,60.1,40.09375
1786397354.6946056,60.975608825683594,0.0,40.09375
1786397354.7101157,60.975608825683594,0.0,40.09375
1786397354.72724,60.975608825683594,58.4,40.09375
1786397354.744228,60.975608825683594,0.0,40.09375
1786397354.7634542,60.975608825683594,51.9,40.09375
1786397354.78229,60.975608825683594,52.7,40.09375
1786397354.796803,60.975608825683594,69.5,40.09375
1786397354.814993,60.975608825683594,54.9,40.09375
1786397354.8293674,60.975608825683594,0.0,40.09375
1786397354.843159,60.240966796875,73.0,40.09375
1786397354.8613787,60.240966796875,0.0,40.09375
1786397354.8772895,60.240966796875,62.8,40.09375
1786397354.8956995,60.240966796875,54.3,40.09375
1786397354.9129758,60.240966796875,57.9,40.09375
1786397354.9250534,60.240966796875,0.0,40.09375
1786397354.9459834,60.240966796875,95.5,40.09375
1786397354.9616406,60.240966796875,64.0,40.09375
1786397354.982371,60.240966796875,48.0,40.09375
1786397354.9969,60.240966796875,69.1,40.09375
1786397355.0153472,61.349693298339844,108.9,40.09375
1786397355.0240185,61.349693298339844,0.0,40.09375
1786397355.0407865,61.349693298339844,59.7,40.09765625
1786397355.0599644,61.349693298339844,0.0,40.09765625
1786397355.0754032,61.349693298339844,64.8,40.09765625
1786397355.0909798,61.349693298339844,64.3,40.09765625
1786397355.107035,61.349693298339844,62.3,40.09765625
1786397355.1225836,61.349693298339844,0.0,40.09765625
1786397355.14547,61.349693298339844,43.5,40.09765625
1786397355.157418,61.349693298339844,84.3,40.09765625
1786397355.179772,61.7283935546875,44.6,40.09765625
1786397355.1928165,61.7283935546875,153.4,40.09765625
1786397355.2126856,61.7283935546875,50.3,40.09765625
1786397355.222458,61.7283935546875,103.1,40.09765625
1786397355.237954,61.7283935546875,64.6,40.09765625
1786397355.2521522,61.7283935546875,68.4,40.09765625
1786397355.2701113,61.7283935546875,0.0,40.09765625
1786397355.2839777,61.7283935546875,72.2,40.1015625
1786397355.3038077,61.7283935546875,49.8,40.1015625
1786397355.3175592,61.7283935546875,73.9,40.1015625
1786397355.336057,61.7283935546875,0.0,40.1015625
1786397355.3565054,61.7283935546875,96.6,40.1015625
1786397355.3765566,61.7283935546875,100.6,40.1015625
1786397355.392153,61.7283935546875,128.7,40.1015625
1786397355.4008715,61.7283935546875,0.0,40.1015625
1786397355.416944,61.7283935546875,62.3,40.1015625
1786397355.4326375,61.7283935546875,0.0,40.1015625
1786397355.4528484,61.7283935546875,49.3,40.1015625
1786397355.470069,61.7283935546875,58.4,40.1015625
1786397355.4824958,61.7283935546875,80.9,40.1015625
1786397355.4991157,60.60606002807617,0.0,40.1015625
1786397355.5148056,60.60606002807617,63.9,40.1015625
1786397355.531914,60.60606002807617,57.8,40.1015625
1786397355.5522096,60.60606002807617,49.6,40.1015625
1786397355.566542,60.60606002807617,69.7,40.10546875
1786397355.5841346,60.60606002807617,57.0,40.10546875
1786397355.5987275,60.60606002807617,136.8,40.10546875
1786397355.6112998,60.60606002807617,0.0,40.10546875
1786397355.6290395,60.60606002807617,56.2,40.10546875
1786397355.646342,60.60606002807617,0.0,40.10546875
1786397355.6614716,60.975608825683594,66.3,40.10546875
1786397355.677068,60.975608825683594,63.7,40.10546875
1786397355.6928756,60.975608825683594,63.8,40.10546875
1786397355.7099223,60.975608825683594,0.0,40.10546875
1786397355.729146,60.975608825683594,52.0,40.10546875
1786397355.7458365,60.975608825683594,0.0,40.10546875
1786397355.762205,60.975608825683594,61.9,40.10546875
1786397355.7887871,60.975608825683594,112.8,40.10546875
1786397355.7965102,60.975608825683594,0.0,40.10546875
1786397355.8130414,60.975608825683594,60.7,40.10546875
1786397355.8358493,59.88024139404297,87.5,40.10546875
1786397355.846827,59.88024139404297,91.3,40.10546875
1786397355.8599513,59.88024139404297,0.0,40.10546875
1786397355.8765705,59.88024139404297,60.1,40.10546875
1786397355.895359,59.88024139404297,0.0,40.10546875
1786397355.9104767,59.88024139404297,66.1,40.10546875
1786397355.9303005,59.88024139404297,50.4,40.10546875
1786397355.949333,59.88024139404297,104.7,40.10546875
1786397355.962843,59.88024139404297,74.3,40.10546875
1786397355.9785688,59.88024139404297,63.7,40.10546875
1786397355.9942148,62.11180114746094,64.0,40.10546875
1786397356.0076137,62.11180114746094,74.3,40.10546875
1786397356.0227907,62.11180114746094,0.0,40.10546875
1786397356.040104,62.11180114746094,57.8,40.10546875
1786397356.0558236,62.11180114746094,0.0,40.10546875
1786397356.0735724,62.11180114746094,56.5,40.10546875
1786397356.0911927,62.11180114746094,56.7,40.109375
1786397356.111383,62.11180114746094,49.6,40.11328125
1786397356.1264799,62.11180114746094,66.0,40.11328125
1786397356.1507573,62.11180114746094,123.6,40.11328125
1786397356.166087,59.52381134033203,65.2,40.11328125
1786397356.1777592,59.52381134033203,86.0,40.11328125
1786397356.1906924,59.52381134033203,76.9,40.11328125
1786397356.2096188,59.52381134033203,52.6,40.11328125
1786397356.2223659,59.52381134033203,79.6,40.11328125
1786397356.239227,59.52381134033203,0.0,40.11328125
1786397356.2538276,59.52381134033203,0.0,40.11328125
1786397356.271065,59.52381134033203,58.0,40.11328125
1786397356.2892969,59.52381134033203,54.9,40.11328125
1786397356.305831,59.52381134033203,60.5,40.11328125
1786397356.3189416,61.7283935546875,0.0,40.11328125
1786397356.336823,61.7283935546875,55.9,40.11328125
1786397356.3507264,61.7283935546875,0.0,40.11328125
1786397356.3678975,61.7283935546875,57.8,40.11328125
1786397356.382525,61.7283935546875,0.0,40.11328125
1786397356.4000163,61.7283935546875,56.8,40.11328125
1786397356.4147062,61.7283935546875,0.0,40.11328125
1786397356.4319806,61.7283935546875,57.6,40.11328125
1786397356.4477994,61.7283935546875,0.0,40.11328125
1786397356.465743,61.7283935546875,55.6,40.11328125
1786397356.4810414,61.7283935546875,0.0,40.11328125
1786397356.4979124,61.7283935546875,59.2,40.11328125
1786397356.5145347,61.7283935546875,60.1,40.11328125
1786397356.5295017,61.7283935546875,0.0,40.11328125
1786397356.546026,61.7283935546875,60.6,40.11328125
1786397356.5611324,61.7283935546875,66.0,40.11328125
1786397356.5774183,61.7283935546875,0.0,40.11328125
1786397356.5947661,61.7283935546875,57.6,40.11328125
1786397356.6104941,61.7283935546875,0.0,40.1171875
1786397356.6279843,61.7283935546875,57.4,40.1171875
1786397356.6418238,62.11180114746094,0.0,40.1171875
1786397356.6581106,62.11180114746094,61.7,40.1171875
1786397356.6746047,62.11180114746094,60.5,40.1171875
1786397356.691137,62.11180114746094,0.0,40.1171875
1786397356.7068334,62.11180114746094,0.0,40.1171875
1786397356.723393,62.11180114746094,60.5,40.1171875
1786397356.739669,62.11180114746094,0.0,40.1171875
1786397356.7613397,62.11180114746094,92.0,40.1171875
1786397356.7793493,62.11180114746094,55.6,40.1171875
1786397356.790965,62.11180114746094,86.3,40.1171875
1786397356.8066096,61.7283935546875,64.0,40.1171875
1786397356.8202116,61.7283935546875,0.0,40.1171875
1786397356.8366408,61.7283935546875,60.6,40.1171875
1786397356.853415,61.7283935546875,0.0,40.1171875
1786397356.8724847,61.7283935546875,52.4,40.1171875
1786397356.885642,61.7283935546875,75.5,40.1171875
1786397356.9016788,61.7283935546875,0.0,40.1171875
1786397356.9207165,61.7283935546875,52.1,40.1171875
1786397356.9346948,61.7283935546875,145.3,40.12109375
1786397356.9498847,61.7283935546875,0.0,40.12109375
1786397356.9663188,61.7283935546875,58.3,40.12109375
1786397356.9819226,61.7283935546875,0.0,40.12109375
1786397356.9990964,61.7283935546875,57.9,40.12109375
1786397357.0135643,61.7283935546875,0.0,40.12109375
1786397357.0306323,61.7283935546875,58.6,40.12109375
1786397357.0461237,61.7283935546875,0.0,40.12109375
1786397357.062986,61.7283935546875,59.2,40.12109375
1786397357.0809743,61.7283935546875,0.0,40.12109375
1786397357.1001475,61.7283935546875,52.0,40.12109375
1786397357.1198878,61.7283935546875,100.8,40.12109375
1786397357.1397653,61.7283935546875,101.5,40.125
1786397357.1473598,61.7283935546875,0.0,40.125
1786397357.1603634,61.7283935546875,77.2,40.125
1786397357.1765482,61.7283935546875,0.0,40.125
1786397357.1921577,61.7283935546875,64.1,40.125
1786397357.2092052,61.7283935546875,0.0,40.125
1786397357.2271898,61.7283935546875,55.6,40.125
1786397357.2444499,61.7283935546875,57.9,40.125
1786397357.2600005,61.7283935546875,0.0,40.125
1786397357.2756906,61.7283935546875,0.0,40.125
1786397357.2915924,61.349693298339844,62.8,40.125
1786397357.30878,61.349693298339844,58.2,40.125
1786397357.3280466,61.349693298339844,51.9,40.125
1786397357.3473952,61.349693298339844,51.0,40.125
1786397357.3630471,61.349693298339844,63.3,40.125
1786397357.381654,61.349693298339844,109.7,40.125
1786397357.390661,61.349693298339844,111.6,40.125
1786397357.4072003,61.349693298339844,0.0,40.125
1786397357.4220479,61.349693298339844,67.4,40.125
1786397357.4446132,61.349693298339844,87.4,40.125
1786397357.4550939,61.349693298339844,0.0,40.125
1786397357.4740837,61.349693298339844,52.7,40.125
1786397357.488283,61.349693298339844,70.4,40.125
1786397357.5075228,61.349693298339844,103.9,40.125
1786397357.5234458,61.349693298339844,0.0,40.125
1786397357.547331,61.349693298339844,82.9,40.125
1786397357.5609663,61.349693298339844,146.1,40.125
1786397357.5739918,61.349693298339844,0.0,40.125
1786397357.5875578,61.349693298339844,74.0,40.125
1786397357.6089828,61.349693298339844,46.7,40.125
1786397357.6176772,60.975608825683594,114.2,40.125
1786397357.6381512,60.975608825683594,48.9,40.125
1786397357.6495056,60.975608825683594,0.0,40.12890625
1786397357.6688385,60.975608825683594,0.0,40.12890625
1786397357.682588,60.975608825683594,73.0,40.12890625
1786397357.7031693,60.975608825683594,97.0,40.12890625
1786397357.7201304,60.975608825683594,59.2,40.12890625
1786397357.7457666,60.975608825683594,77.8,40.12890625
1786397357.7680879,60.975608825683594,89.6,40.12890625
1786397357.78041,60.975608825683594,81.3,40.1328125
1786397357.7954035,57.47126770019531,66.9,40.1328125
1786397357.8085923,57.47126770019531,75.4,40.1328125
1786397357.8228748,57.47126770019531,0.0,40.1328125
1786397357.8404887,57.47126770019531,56.7,40.1328125
1786397357.8556936,57.47126770019531,0.0,40.1328125
1786397357.876246,57.47126770019531,48.6,40.1328125
1786397357.8916023,57.47126770019531,64.8,40.1328125
1786397357.907299,57.47126770019531,64.0,40.1328125
1786397357.9224873,57.47126770019531,0.0,40.1328125
1786397357.9422064,57.47126770019531,51.1,40.1328125
1786397357.955452,61.7283935546875,75.9,40.1328125
1786397357.9761837,61.7283935546875,48.1,40.1328125
1786397357.9911268,61.7283935546875,67.0,40.1328125
1786397358.0061684,61.7283935546875,66.6,40.1328125
1786397358.019217,61.7283935546875,76.7,40.1328125
1786397358.03919,61.7283935546875,0.0,40.1328125
1786397358.0528038,61.7283935546875,73.5,40.1328125
1786397358.0733647,61.7283935546875,48.5,40.1328125
1786397358.0881577,61.7283935546875,67.7,40.1328125
1786397358.1124349,61.7283935546875,82.1,40.1328125
1786397358.1287925,60.60606002807617,122.4,40.1328125
1786397358.1400633,60.60606002807617,89.2,40.1328125
1786397358.1545336,60.60606002807617,69.3,40.1328125
1786397358.1710048,60.60606002807617,0.0,40.1328125
1786397358.1875637,60.60606002807617,60.5,40.13671875
1786397358.2047668,60.60606002807617,57.9,40.13671875
1786397358.2198884,60.60606002807617,66.3,40.13671875
1786397358.2419443,60.60606002807617,45.2,40.13671875
1786397358.252953,60.60606002807617,90.6,40.13671875
1786397358.27141,60.60606002807617,54.5,40.13671875
1786397358.283193,61.349693298339844,84.7,40.13671875
1786397358.3025513,61.349693298339844,0.0,40.13671875
1786397358.3177817,61.349693298339844,65.7,40.13671875
1786397358.3394089,61.349693298339844,46.2,40.13671875
1786397358.3597627,61.349693298339844,98.1,40.13671875
1786397358.3750505,61.349693298339844,131.4,40.13671875
1786397358.3871365,61.349693298339844,81.8,40.13671875
1786397358.4006467,61.349693298339844,74.4,40.13671875
1786397358.4161685,61.349693298339844,63.1,40.13671875
1786397358.4343617,61.349693298339844,56.1,40.13671875
1786397358.4483442,60.240966796875,0.0,40.13671875
1786397358.4644191,60.240966796875,62.1,40.13671875
1786397358.487052,60.240966796875,43.8,40.13671875
1786397358.495502,60.240966796875,122.4,40.13671875
1786397358.5134504,60.240966796875,0.0,40.13671875
1786397358.5301461,60.240966796875,59.6,40.13671875
1786397358.5508006,60.240966796875,48.5,40.13671875
1786397358.5619075,60.240966796875,90.8,40.13671875
1786397358.5775108,60.240966796875,0.0,40.13671875
1786397358.592634,60.240966796875,67.3,40.13671875
1786397358.6082773,62.11180114746094,0.0,40.13671875
1786397358.6262057,62.11180114746094,55.7,40.140625
1786397358.6416526,62.11180114746094,0.0,40.140625
1786397358.6579704,62.11180114746094,61.4,40.140625
1786397358.6743662,62.11180114746094,61.2,40.140625
1786397358.6904116,62.11180114746094,62.3,40.14453125
1786397358.7129157,62.11180114746094,0.0,40.14453125
1786397358.7249482,62.11180114746094,83.5,40.14453125
1786397358.746794,62.11180114746094,45.7,40.14453125
1786397358.7587464,62.11180114746094,83.5,40.14453125
1786397358.7825255,60.975608825683594,83.9,40.14453125
1786397358.7932298,60.975608825683594,92.1,40.14453125
1786397358.8086495,60.975608825683594,65.9,40.14453125
1786397358.8243668,60.975608825683594,0.0,40.14453125
1786397358.842851,60.975608825683594,108.3,40.14453125
1786397358.8582835,60.975608825683594,64.6,40.14453125
1786397358.8786654,60.975608825683594,49.0,40.14453125
1786397358.8924804,60.975608825683594,72.7,40.14453125
1786397358.9125407,60.975608825683594,99.6,40.14453125
1786397358.9239597,60.975608825683594,87.3,40.14453125
1786397358.9385095,60.975608825683594,68.7,40.14453125
1786397358.951588,60.975608825683594,0.0,40.14453125
1786397358.969027,60.975608825683594,57.4,40.14453125
1786397358.9857087,60.975608825683594,0.0,40.14453125
1786397359.0031047,60.975608825683594,117.4,40.14453125
1786397359.0176342,60.975608825683594,68.9,40.14453125
1786397359.0332682,60.975608825683594,0.0,40.14453125
1786397359.049803,60.975608825683594,0.0,40.14453125
1786397359.0687428,60.975608825683594,52.5,40.14453125
1786397359.08948,60.975608825683594,48.3,40.14453125
1786397359.1096792,62.11180114746094,99.0,40.14453125
1786397359.1230824,62.11180114746094,74.7,40.14453125
1786397359.1358063,62.11180114746094,78.5,40.14453125
1786397359.1494153,62.11180114746094,147.2,40.14453125
1786397359.168971,62.11180114746094,50.6,40.14453125
1786397359.180809,62.11180114746094,86.4,40.14453125
1786397359.1965506,62.11180114746094,0.0,40.14453125
1786397359.2116292,62.11180114746094,66.5,40.1484375
1786397359.2306678,62.11180114746094,0.0,40.1484375
1786397359.2465827,62.11180114746094,62.9,40.1484375
1786397359.2663221,61.7283935546875,50.4,40.1484375
1786397359.2866418,61.7283935546875,97.6,40.1484375
1786397359.3045774,61.7283935546875,56.2,40.1484375
1786397359.313003,61.7283935546875,118.3,40.1484375
1786397359.3286877,61.7283935546875,64.3,40.1484375
1786397359.34698,61.7283935546875,0.0,40.1484375
1786397359.3608642,61.7283935546875,72.0,40.1484375
1786397359.3768926,61.7283935546875,62.4,40.1484375
1786397359.3926501,61.7283935546875,0.0,40.1484375
1786397359.4095006,61.7283935546875,59.3,40.1484375
1786397359.4256575,60.60606002807617,0.0,40.1484375
1786397359.4415097,60.60606002807617,63.2,40.15234375
1786397359.456764,60.60606002807617,0.0,40.15234375
1786397359.4793248,60.60606002807617,44.3,40.15234375
1786397359.4935694,60.60606002807617,69.9,40.15234375
1786397359.5182688,60.60606002807617,80.9,40.15234375
1786397359.5293014,60.60606002807617,90.5,40.15234375
1786397359.5432932,60.60606002807617,71.8,40.15234375
1786397359.5562892,60.60606002807617,77.1,40.15234375
1786397359.5733013,60.60606002807617,0.0,40.15234375
1786397359.5926073,60.240966796875,51.7,40.15234375
1786397359.6075702,60.240966796875,0.0,40.15234375
1786397359.6236928,60.240966796875,62.0,40.15234375
1786397359.645027,60.240966796875,46.9,40.15234375
1786397359.6573098,60.240966796875,81.4,40.15234375
1786397359.675341,60.240966796875,0.0,40.15234375
1786397359.6942716,60.240966796875,52.8,40.15234375
1786397359.7144144,60.240966796875,99.1,40.15234375
1786397359.7265534,60.240966796875,82.3,40.15234375
1786397359.7482128,60.240966796875,46.1,40.15625
1786397359.7596273,60.60606002807617,87.1,40.15625
1786397359.7724285,60.60606002807617,78.9,40.15625
1786397359.787658,60.60606002807617,65.7,40.15625
1786397359.806959,60.60606002807617,0.0,40.15625
1786397359.8208487,60.60606002807617,72.3,40.15625
1786397359.8390608,60.60606002807617,54.9,40.15625
1786397359.8556564,60.60606002807617,60.2,40.15625
1786397359.8760977,60.60606002807617,48.8,40.15625
1786397359.8925157,60.60606002807617,60.8,40.15625
1786397359.9107816,60.60606002807617,109.7,40.15625
1786397359.928774,61.7283935546875,55.6,40.15625
1786397359.9426258,61.7283935546875,71.5,40.15625
1786397359.95502,61.7283935546875,163.6,40.15625
1786397359.9736397,61.7283935546875,53.6,40.15625
1786397359.9908564,61.7283935546875,58.1,40.15625
1786397360.0090623,61.7283935546875,109.2,40.15625
1786397360.02076,61.7283935546875,0.0,40.15625
1786397360.0394175,61.7283935546875,53.7,40.15625
1786397360.0552526,61.7283935546875,63.0,40.15625
1786397360.0686014,61.7283935546875,75.3,40.15625
1786397360.0841377,60.240966796875,0.0,40.15625
1786397360.1014552,60.240966796875,57.7,40.15625
1786397360.115171,60.240966796875,0.0,40.15625
1786397360.1349566,60.240966796875,50.5,40.15625
1786397360.1493447,60.240966796875,69.6,40.15625
1786397360.1655571,60.240966796875,0.0,40.15625
1786397360.1837015,60.240966796875,55.3,40.15625
1786397360.2008188,60.240966796875,0.0,40.15625
1786397360.2154577,60.240966796875,68.0,40.15625
1786397360.2358043,60.240966796875,98.2,40.15625
1786397360.2566304,61.349693298339844,48.2,40.15625
1786397360.273582,61.349693298339844,118.0,40.16015625
1786397360.2847898,61.349693298339844,0.0,40.1640625
1786397360.296124,61.349693298339844,88.4,40.1640625
1786397360.3153262,61.349693298339844,52.1,40.1640625
1786397360.3288352,61.349693298339844,0.0,40.1640625
1786397360.3460288,61.349693298339844,58.0,40.1640625
1786397360.362439,61.349693298339844,61.2,40.1640625
1786397360.378151,61.349693298339844,0.0,40.1640625
1786397360.3963814,61.349693298339844,54.3,40.1640625
1786397360.4124062,61.349693298339844,63.2,40.1640625
1786397360.4271808,61.349693298339844,0.0,40.1640625
1786397360.4429674,61.349693298339844,63.3,40.1640625
1786397360.461657,61.349693298339844,53.5,40.1640625
1786397360.4800642,61.349693298339844,54.4,40.1640625
1786397360.496111,61.349693298339844,0.0,40.1640625
1786397360.5156808,61.349693298339844,102.5,40.1640625
1786397360.5274887,61.349693298339844,84.3,40.1640625
1786397360.5481582,61.349693298339844,48.5,40.1640625
1786397360.5604074,61.349693298339844,81.5,40.1640625
1786397360.5755808,60.60606002807617,0.0,40.1640625
1786397360.5927758,60.60606002807617,58.4,40.1640625
1786397360.6144297,60.60606002807617,46.2,40.1640625
1786397360.6231155,60.60606002807617,115.3,40.1640625
1786397360.6390805,60.60606002807617,0.0,40.1640625
1786397360.6552455,60.60606002807617,61.9,40.1640625
1786397360.6787138,60.60606002807617,42.1,40.1640625
1786397360.695364,60.60606002807617,60.9,40.1640625
1786397360.7116556,60.60606002807617,122.7,40.1640625
1786397360.7225168,60.60606002807617,92.2,40.1640625
1786397360.7397547,61.7283935546875,58.0,40.1640625
1786397360.7538671,61.7283935546875,0.0,40.1640625
1786397360.774007,61.7283935546875,49.7,40.1640625
1786397360.785097,61.7283935546875,0.0,40.16796875
1786397360.8037415,61.7283935546875,108.5,40.16796875
1786397360.8181047,61.7283935546875,69.5,40.16796875
1786397360.8361475,61.7283935546875,54.5,40.16796875
1786397360.850796,61.7283935546875,69.8,40.16796875
1786397360.86968,61.7283935546875,52.8,40.16796875
1786397360.888801,61.7283935546875,52.3,40.16796875
1786397360.9030285,62.5,69.4,40.16796875
1786397360.9204872,62.5,58.0,40.16796875
1786397360.9327242,62.5,81.5,40.16796875
1786397360.9495547,62.5,59.5,40.16796875
1786397360.9614658,62.5,0.0,40.16796875
1786397360.9813387,62.5,50.4,40.16796875
1786397360.995876,62.5,68.5,40.16796875
1786397361.0114639,62.5,64.5,40.16796875
1786397361.0259895,62.5,0.0,40.16796875
1786397361.0465066,62.5,48.6,40.16796875
1786397361.0609589,61.7283935546875,69.7,40.16796875
1786397361.0810223,61.7283935546875,49.8,40.16796875
1786397361.0941024,61.7283935546875,76.6,40.16796875
1786397361.11216,61.7283935546875,55.2,40.171875
1786397361.1245935,61.7283935546875,0.0,40.171875
1786397361.1413286,61.7283935546875,59.9,40.171875
1786397361.1566126,61.7283935546875,65.5,40.171875
1786397361.1745713,61.7283935546875,0.0,40.171875
1786397361.1893475,61.7283935546875,67.7,40.171875
1786397361.209505,61.7283935546875,49.6,40.171875
1786397361.221986,61.349693298339844,0.0,40.171875
1786397361.2482135,61.349693298339844,76.1,40.171875
1786397361.2648995,61.349693298339844,119.4,40.171875
1786397361.2830198,61.349693298339844,109.1,40.171875
1786397361.2929864,61.349693298339844,103.3,40.171875
1786397361.3075233,61.349693298339844,0.0,40.17578125
1786397361.3216696,61.349693298339844,70.7,40.17578125
1786397361.3391817,61.349693298339844,0.0,40.17578125
1786397361.3545852,61.349693298339844,65.0,40.17578125
1786397361.3737466,61.349693298339844,0.0,40.17578125
1786397361.391365,60.975608825683594,56.5,40.17578125
1786397361.4089406,60.975608825683594,113.8,40.17578125
1786397361.4210217,60.975608825683594,83.3,40.17578125
1786397361.4408839,60.975608825683594,50.2,40.17578125
1786397361.4529037,60.975608825683594,83.2,40.17578125
1786397361.4713264,60.975608825683594,54.4,40.17578125
1786397361.4844759,60.975608825683594,0.0,40.17578125
1786397361.5046947,60.975608825683594,49.5,40.17578125
1786397361.5227447,60.975608825683594,110.8,40.17578125
1786397361.5377266,60.975608825683594,66.6,40.17578125
1786397361.5546763,62.11180114746094,59.1,40.17578125
1786397361.5735178,62.11180114746094,106.2,40.17578125
1786397361.5818803,62.11180114746094,118.5,40.17578125
1786397361.595362,62.11180114746094,74.7,40.17578125
1786397361.6110454,62.11180114746094,0.0,40.17578125
1786397361.6300724,62.11180114746094,53.1,40.17578125
1786397361.6475754,62.11180114746094,56.7,40.17578125
1786397361.665471,62.11180114746094,55.9,40.17578125
1786397361.678905,62.11180114746094,75.1,40.17578125
1786397361.6960192,62.11180114746094,58.4,40.17578125
1786397361.7089689,61.7283935546875,0.0,40.17578125
1786397361.7251396,61.7283935546875,61.7,40.17578125
1786397361.7414076,61.7283935546875,0.0,40.17578125
1786397361.7563663,61.7283935546875,66.9,40.17578125
1786397361.7739716,61.7283935546875,0.0,40.17578125
1786397361.790163,61.7283935546875,61.7,40.17578125
1786397361.8140616,61.7283935546875,41.8,40.17578125
1786397361.8248968,61.7283935546875,89.6,40.1796875
1786397361.8421054,61.7283935546875,59.1,40.1796875
1786397361.8567424,61.7283935546875,68.4,40.1796875
1786397361.8780727,61.7283935546875,47.0,40.1796875
1786397361.8917208,61.7283935546875,145.9,40.1796875
1786397361.9066143,61.7283935546875,66.9,40.1796875
1786397361.9197536,61.7283935546875,0.0,40.1796875
1786397361.9354744,61.7283935546875,62.8,40.1796875
1786397361.9520895,61.7283935546875,0.0,40.18359375
1786397361.967594,61.7283935546875,64.4,40.18359375
1786397361.9830844,61.7283935546875,0.0,40.18359375
1786397362.0011084,61.7283935546875,54.2,40.18359375
1786397362.0153835,61.7283935546875,72.2,40.18359375
1786397362.0328465,62.11180114746094,0.0,40.18359375
1786397362.0478818,62.11180114746094,0.0,40.18359375
1786397362.0643477,62.11180114746094,60.8,40.18359375
1786397362.0800383,62.11180114746094,63.9,40.18359375
1786397362.0961962,62.11180114746094,0.0,40.18359375
1786397362.1202464,62.11180114746094,41.5,40.18359375
1786397362.1277688,62.11180114746094,134.4,40.18359375
1786397362.1443498,62.11180114746094,0.0,40.18359375
1786397362.1604652,62.11180114746094,62.1,40.18359375
1786397362.176156,62.11180114746094,0.0,40.18359375
1786397362.1934597,61.7283935546875,57.8,40.18359375
1786397362.2127156,61.7283935546875,0.0,40.18359375
1786397362.2281115,61.7283935546875,65.1,40.18359375
1786397362.246294,61.7283935546875,54.9,40.18359375
1786397362.270815,61.7283935546875,80.1,40.18359375
1786397362.2835665,61.7283935546875,81.3,40.18359375
1786397362.2924178,61.7283935546875,0.0,40.18359375
1786397362.3141627,61.7283935546875,92.0,40.18359375
1786397362.3265808,61.7283935546875,80.4,40.1875
1786397362.343985,61.7283935546875,0.0,40.1875
1786397362.35932,60.975608825683594,65.2,40.1875
1786397362.3761265,60.975608825683594,59.5,40.1875
1786397362.3902788,60.975608825683594,0.0,40.1875
1786397362.4149597,60.975608825683594,81.0,40.1875
1786397362.427799,60.975608825683594,77.6,40.1875
1786397362.4481378,60.975608825683594,49.1,40.1875
1786397362.462103,60.975608825683594,71.0,40.1875
1786397362.475951,60.975608825683594,72.4,40.1875
1786397362.4894607,60.975608825683594,0.0,40.1875
1786397362.5072112,60.975608825683594,56.4,40.1875
1786397362.5222874,60.975608825683594,66.0,40.1875
1786397362.5430443,60.975608825683594,0.0,40.1875
1786397362.5544505,60.975608825683594,88.0,40.1875
1786397362.5750585,60.975608825683594,48.5,40.1875
1786397362.5894673,60.975608825683594,69.4,40.1875
1786397362.6101003,60.975608825683594,48.3,40.1875
1786397362.6234226,60.975608825683594,75.3,40.1875
1786397362.6414142,60.975608825683594,110.8,40.1875
1786397362.65612,60.975608825683594,68.3,40.1875
1786397362.6753004,60.975608825683594,51.4,40.1875
1786397362.692054,62.11180114746094,121.0,40.1875
1786397362.7080233,62.11180114746094,62.7,40.1875
1786397362.7153542,62.11180114746094,137.4,40.1875
1786397362.7317185,62.11180114746094,0.0,40.1875
1786397362.746299,62.11180114746094,68.6,40.1875
1786397362.7619514,62.11180114746094,0.0,40.19140625
1786397362.7794275,62.11180114746094,57.3,40.19140625
1786397362.7975423,62.11180114746094,55.0,40.19140625
1786397362.815487,62.11180114746094,55.9,40.19140625
1786397362.8290982,62.11180114746094,0.0,40.19140625
1786397362.8427641,62.11180114746094,73.8,40.1953125
1786397362.85829,62.11180114746094,0.0,40.1953125
1786397362.8753426,62.11180114746094,58.4,40.1953125
1786397362.8909266,62.11180114746094,0.0,40.1953125
1786397362.9081457,62.11180114746094,0.0,40.1953125
1786397362.925372,62.11180114746094,116.0,40.1953125
1786397362.9455156,62.11180114746094,49.7,40.1953125
1786397362.9580684,62.11180114746094,79.7,40.1953125
1786397362.9771228,62.11180114746094,0.0,40.1953125
1786397362.9919176,62.11180114746094,67.9,40.1953125
1786397363.0210996,60.975608825683594,33.6,40.1953125
1786397363.0376906,60.975608825683594,118.1,40.1953125
1786397363.0525944,60.975608825683594,71.7,40.1953125
1786397363.062067,60.975608825683594,105.9,40.1953125
1786397363.078011,60.975608825683594,0.0,40.1953125
1786397363.0929196,60.975608825683594,66.8,40.1953125
1786397363.1085262,60.975608825683594,0.0,40.1953125
1786397363.1301968,60.975608825683594,92.1,40.1953125
1786397363.1429303,60.975608825683594,0.0,40.1953125
1786397363.157068,60.975608825683594,71.6,40.1953125
1786397363.1759808,59.88024139404297,0.0,40.1953125
1786397363.1903358,59.88024139404297,70.5,40.1953125
1786397363.2118597,59.88024139404297,46.3,40.1953125
1786397363.2244961,59.88024139404297,0.0,40.1953125
1786397363.2427518,59.88024139404297,54.7,40.1953125
1786397363.261534,59.88024139404297,53.4,40.1953125
1786397363.2789848,59.88024139404297,114.6,40.1953125
1786397363.2894583,59.88024139404297,0.0,40.1953125
1786397363.3053803,59.88024139404297,62.8,40.1953125
1786397363.3214903,59.88024139404297,62.0,40.1953125
1786397363.3414817,62.11180114746094,49.8,40.1953125
1786397363.3529325,62.11180114746094,0.0,40.1953125
1786397363.3729918,62.11180114746094,49.8,40.19921875
1786397363.3863437,62.11180114746094,74.8,40.19921875
1786397363.4082992,62.11180114746094,44.5,40.19921875
1786397363.4242713,62.11180114746094,125.5,40.19921875
1786397363.4434125,62.11180114746094,107.2,40.19921875
1786397363.451908,62.11180114746094,0.0,40.19921875
1786397363.4695938,62.11180114746094,55.5,40.19921875
1786397363.481361,62.11180114746094,87.5,40.19921875
1786397363.4973845,61.7283935546875,0.0,40.19921875
1786397363.512438,61.7283935546875,0.0,40.19921875
1786397363.5285745,61.7283935546875,61.9,40.19921875
1786397363.546193,61.7283935546875,0.0,40.19921875
1786397363.5631092,61.7283935546875,59.2,40.19921875
1786397363.5785975,61.7283935546875,0.0,40.19921875
1786397363.596312,61.7283935546875,112.5,40.203125
1786397363.6154017,61.7283935546875,0.0,40.203125
1786397363.6298745,61.7283935546875,68.9,40.203125
1786397363.648786,61.7283935546875,52.9,40.203125
1786397363.6617022,61.7283935546875,77.2,40.203125
1786397363.6796522,61.7283935546875,0.0,40.203125
1786397363.6918728,61.7283935546875,81.8,40.203125
1786397363.7110884,61.7283935546875,52.1,40.203125
1786397363.725363,61.7283935546875,0.0,40.203125
1786397363.7398558,61.7283935546875,69.0,40.203125
1786397363.7587163,61.7283935546875,53.0,40.203125
1786397363.7787228,61.7283935546875,49.6,40.203125
1786397363.7957053,61.7283935546875,59.3,40.203125
1786397363.818358,61.7283935546875,88.2,40.203125
1786397363.8345544,60.240966796875,122.5,40.203125
1786397363.8458662,60.240966796875,89.6,40.203125
1786397363.862269,60.240966796875,61.0,40.203125
1786397363.874486,60.240966796875,0.0,40.203125
1786397363.888742,60.240966796875,70.3,40.20703125
1786397363.9083776,60.240966796875,50.8,40.20703125
1786397363.9249787,60.240966796875,0.0,40.20703125
1786397363.9438622,60.240966796875,105.9,40.20703125
1786397363.9629986,60.240966796875,52.2,40.20703125
1786397363.9766076,60.240966796875,73.6,40.20703125
1786397363.990553,60.975608825683594,0.0,40.20703125
1786397364.0083888,60.975608825683594,112.2,40.20703125
1786397364.023552,60.975608825683594,0.0,40.20703125
1786397364.0385695,60.975608825683594,66.7,40.20703125
1786397364.0542052,60.975608825683594,0.0,40.20703125
1786397364.0703778,60.975608825683594,0.0,40.20703125
1786397364.0915656,60.975608825683594,47.1,40.20703125
1786397364.1141949,60.975608825683594,88.5,40.20703125
1786397364.1245701,60.975608825683594,96.3,40.20703125
1786397364.1409733,60.975608825683594,61.0,40.20703125
1786397364.1548035,61.7283935546875,72.3,40.20703125
1786397364.1756847,61.7283935546875,95.5,40.20703125
1786397364.1911461,61.7283935546875,64.8,40.20703125
1786397364.2113159,61.7283935546875,99.3,40.20703125
1786397364.2223048,61.7283935546875,90.9,40.20703125
1786397364.2358198,61.7283935546875,0.0,40.20703125
1786397364.2495208,61.7283935546875,73.5,40.20703125
1786397364.2669322,61.7283935546875,56.6,40.20703125
1786397364.2840743,61.7283935546875,0.0,40.20703125
1786397364.2980483,61.7283935546875,71.3,40.20703125
1786397364.3159943,61.7283935546875,56.0,40.20703125
1786397364.3364954,61.7283935546875,48.0,40.20703125
1786397364.348719,61.7283935546875,0.0,40.20703125
1786397364.3678944,61.7283935546875,52.2,40.20703125
1786397364.3827677,61.7283935546875,67.4,40.20703125
1786397364.4118438,61.7283935546875,68.2,40.20703125
1786397364.42439,61.7283935546875,162.5,40.2109375
1786397364.439219,61.7283935546875,0.0,40.21484375
1786397364.4531314,61.7283935546875,143.7,40.21484375
1786397364.4700112,61.7283935546875,0.0,40.21484375
1786397364.4852655,58.479530334472656,0.0,40.21484375
1786397364.5007877,58.479530334472656,128.3,40.21484375
1786397364.5162706,58.479530334472656,0.0,40.21484375
1786397364.5344815,58.479530334472656,54.8,40.21484375
1786397364.5487535,58.479530334472656,0.0,40.21484375
1786397364.566736,58.479530334472656,0.0,40.21484375
1786397364.5805035,58.479530334472656,73.4,40.21484375
1786397364.601315,58.479530334472656,47.6,40.21484375
1786397364.6176124,58.479530334472656,61.9,40.21484375
1786397364.6336772,58.479530334472656,61.2,40.21484375
1786397364.6484952,62.11180114746094,69.0,40.21484375
1786397364.664721,62.11180114746094,0.0,40.21484375
1786397364.6781063,62.11180114746094,74.8,40.21484375
1786397364.6972165,62.11180114746094,52.2,40.21484375
1786397364.7108293,62.11180114746094,0.0,40.21484375
1786397364.7274587,62.11180114746094,60.2,40.21484375
1786397364.7446835,62.11180114746094,0.0,40.21484375
1786397364.7613676,62.11180114746094,119.7,40.21484375
1786397364.7796245,62.11180114746094,54.6,40.21484375
1786397364.79131,62.11180114746094,0.0,40.21484375
1786397364.814741,61.7283935546875,85.4,40.21484375
1786397364.8227801,61.7283935546875,0.0,40.21484375
1786397364.839122,61.7283935546875,61.2,40.21484375
1786397364.856585,61.7283935546875,0.0,40.21484375
1786397364.8753972,61.7283935546875,52.5,40.21484375
1786397364.8886771,61.7283935546875,76.4,40.21484375
1786397364.912685,61.7283935546875,41.3,40.21484375
1786397364.9250858,61.7283935546875,81.3,40.21484375
1786397364.940178,61.7283935546875,66.9,40.21875
1786397364.954526,61.7283935546875,69.6,40.21875
1786397364.9725676,62.5,55.5,40.21875
1786397364.9859962,62.5,0.0,40.21875
1786397365.0039876,62.5,55.6,40.21875
1786397365.0204306,62.5,60.8,40.21875
1786397365.0385752,62.5,110.1,40.21875
1786397365.053467,62.5,66.7,40.21875
1786397365.0662122,62.5,78.4,40.21875
1786397365.0804098,62.5,0.0,40.21875
1786397365.098894,62.5,54.0,40.21875
1786397365.1155143,62.5,60.2,40.21875
1786397365.1298249,61.7283935546875,0.0,40.21875
1786397365.1458576,61.7283935546875,0.0,40.21875
1786397365.1628203,61.7283935546875,58.8,40.21875
1786397365.1791286,61.7283935546875,0.0,40.21875
1786397365.195286,61.7283935546875,62.0,40.21875
1786397365.2154665,61.7283935546875,48.3,40.21875
1786397365.2264721,61.7283935546875,95.4,40.21875
1786397365.243442,61.7283935546875,0.0,40.21875
1786397365.2599995,61.7283935546875,60.6,40.21875
1786397365.28094,61.7283935546875,95.6,40.22265625
1786397365.296382,61.349693298339844,0.0,40.22265625
1786397365.310264,61.349693298339844,72.5,40.22265625
1786397365.324423,61.349693298339844,70.6,40.22265625
1786397365.3420222,61.349693298339844,0.0,40.22265625
1786397365.3586717,61.349693298339844,60.0,40.22265625
1786397365.3805513,61.349693298339844,45.6,40.22265625
1786397365.3952415,61.349693298339844,68.2,40.22265625
1786397365.4132736,61.349693298339844,55.4,40.22265625
1786397365.422921,61.349693298339844,104.2,40.22265625
1786397365.4431424,61.349693298339844,0.0,40.2265625
1786397365.4552674,61.349693298339844,82.7,40.2265625
1786397365.475154,61.349693298339844,50.3,40.2265625
1786397365.4898887,61.349693298339844,0.0,40.2265625
1786397365.507777,61.349693298339844,55.8,40.2265625
1786397365.5225117,61.349693298339844,68.1,40.2265625
1786397365.541527,61.349693298339844,0.0,40.2265625
1786397365.5579443,61.349693298339844,60.9,40.2265625
1786397365.580774,61.349693298339844,43.6,40.2265625
1786397365.5943754,61.349693298339844,74.2,40.2265625
1786397365.6106336,61.349693298339844,122.8,40.2265625
1786397365.6218302,60.975608825683594,89.6,40.2265625
1786397365.640948,60.975608825683594,52.3,40.2265625
1786397365.6539676,60.975608825683594,76.9,40.2265625
1786397365.6737359,60.975608825683594,50.5,40.2265625
1786397365.6872823,60.975608825683594,0.0,40.2265625
1786397365.7067215,60.975608825683594,51.4,40.2265625
1786397365.7213466,60.975608825683594,68.4,40.2265625
1786397365.7369971,60.975608825683594,62.8,40.2265625
1786397365.7525601,60.975608825683594,65.2,40.2265625
1786397365.7683191,60.975608825683594,63.2,40.2265625
1786397365.78182,61.7283935546875,0.0,40.2265625
1786397365.7988787,61.7283935546875,58.6,40.2265625
1786397365.815905,61.7283935546875,0.0,40.2265625
1786397365.8312871,61.7283935546875,65.0,40.2265625
1786397365.8504908,61.7283935546875,0.0,40.2265625
1786397365.8662586,61.7283935546875,62.9,40.2265625
1786397365.8828294,61.7283935546875,60.8,40.2265625
1786397365.900998,61.7283935546875,53.6,40.2265625
1786397365.9143376,61.7283935546875,77.3,40.2265625
1786397365.9301178,61.7283935546875,63.8,40.2265625
1786397365.953813,60.975608825683594,42.2,40.2265625
1786397365.9714224,60.975608825683594,56.2,40.2265625
1786397365.9887304,60.975608825683594,116.3,40.23046875
1786397365.9989243,60.975608825683594,98.6,40.23046875
1786397366.0130713,60.975608825683594,70.8,40.23046875
1786397366.0281236,60.975608825683594,0.0,40.23046875
1786397366.0434089,60.975608825683594,65.4,40.23046875
1786397366.0598156,60.975608825683594,0.0,40.23046875
1786397366.0776246,60.975608825683594,56.1,40.23046875
1786397366.0924034,60.975608825683594,0.0,40.234375
1786397366.112404,61.7283935546875,49.9,40.234375
1786397366.1233027,61.7283935546875,92.2,40.234375
1786397366.1472905,61.7283935546875,41.2,40.234375
1786397366.1612585,61.7283935546875,72.9,40.234375
1786397366.17935,61.7283935546875,55.3,40.234375
1786397366.1953325,61.7283935546875,62.5,40.234375
1786397366.2125256,61.7283935546875,116.2,40.234375
1786397366.2250109,61.7283935546875,79.9,40.234375
1786397366.2417698,61.7283935546875,0.0,40.234375
1786397366.254957,61.7283935546875,76.0,40.234375
1786397366.2742145,61.7283935546875,51.9,40.234375
1786397366.2941546,61.7283935546875,100.2,40.234375
1786397366.3123403,61.7283935546875,55.0,40.234375
1786397366.320038,61.7283935546875,130.8,40.234375
1786397366.3420236,61.7283935546875,45.0,40.234375
1786397366.3581054,61.7283935546875,125.9,40.234375
1786397366.375024,61.7283935546875,59.1,40.234375
1786397366.3861094,61.7283935546875,90.2,40.234375
1786397366.4055429,61.7283935546875,51.5,40.234375
1786397366.4203703,61.7283935546875,0.0,40.234375
1786397366.4350193,61.349693298339844,68.2,40.234375
1786397366.448957,61.349693298339844,71.8,40.234375
1786397366.4657733,61.349693298339844,0.0,40.234375
1786397366.4796221,61.349693298339844,0.0,40.234375
1786397366.4975653,61.349693298339844,111.1,40.23828125
1786397366.5126915,61.349693298339844,0.0,40.23828125
1786397366.5308917,61.349693298339844,54.8,40.23828125
1786397366.5502987,61.349693298339844,51.3,40.23828125
1786397366.5641208,61.349693298339844,72.8,40.23828125
1786397366.5830545,61.349693298339844,52.6,40.23828125
1786397366.6010962,61.7283935546875,55.2,40.23828125
1786397366.6177013,61.7283935546875,60.7,40.23828125
1786397366.6284387,61.7283935546875,93.5,40.23828125
1786397366.6449323,61.7283935546875,0.0,40.23828125
1786397366.6603045,61.7283935546875,0.0,40.23828125
1786397366.6751587,61.7283935546875,67.4,40.23828125
1786397366.6915135,61.7283935546875,0.0,40.23828125
1786397366.7088106,61.7283935546875,57.8,40.23828125
1786397366.7286458,61.7283935546875,50.3,40.23828125
1786397366.7407868,61.7283935546875,0.0,40.23828125
1786397366.7560527,61.349693298339844,65.5,40.23828125
1786397366.7729557,61.349693298339844,0.0,40.23828125
1786397366.7914767,61.349693298339844,54.0,40.23828125
1786397366.812811,61.349693298339844,46.7,40.23828125
1786397366.8247526,61.349693298339844,83.9,40.23828125
1786397366.8517485,61.349693298339844,73.8,40.23828125
1786397366.8602417,61.349693298339844,119.8,40.23828125
1786397366.8750467,61.349693298339844,67.5,40.23828125
1786397366.8911839,61.349693298339844,0.0,40.23828125
1786397366.907406,61.349693298339844,0.0,40.23828125
1786397366.924451,59.52381134033203,58.8,40.2421875
1786397366.9437985,59.52381134033203,51.7,40.2421875
1786397366.9584846,59.52381134033203,0.0,40.2421875
1786397366.9778078,59.52381134033203,51.5,40.2421875
1786397366.996611,59.52381134033203,105.0,40.2421875
1786397367.0125287,59.52381134033203,64.0,40.24609375
1786397367.025398,59.52381134033203,77.5,40.24609375
1786397367.0401237,59.52381134033203,0.0,40.24609375
1786397367.0554588,59.52381134033203,65.1,40.24609375
1786397367.072212,59.52381134033203,0.0,40.24609375
1786397367.0876162,61.349693298339844,64.9,40.24609375
1786397367.1065683,61.349693298339844,52.7,40.24609375
1786397367.1200202,61.349693298339844,0.0,40.24609375
1786397367.1388218,61.349693298339844,53.2,40.24609375
1786397367.1524758,61.349693298339844,0.0,40.24609375
1786397367.1697466,61.349693298339844,57.9,40.24609375
1786397367.1869187,61.349693298339844,0.0,40.24609375
1786397367.2094269,61.349693298339844,44.3,40.24609375
1786397367.2180088,61.349693298339844,117.0,40.24609375
1786397367.2356641,61.349693298339844,0.0,40.24609375
1786397367.2495863,62.5,71.9,40.24609375
1786397367.2681084,62.5,53.8,40.24609375
1786397367.281493,62.5,0.0,40.24609375
1786397367.2997153,62.5,53.6,40.24609375
1786397367.3148444,62.5,67.8,40.24609375
1786397367.3350217,62.5,49.5,40.24609375
1786397367.3517292,62.5,59.9,40.24609375
1786397367.3698392,62.5,109.3,40.24609375
1786397367.3797596,62.5,0.0,40.24609375
1786397367.3967152,62.5,58.8,40.24609375
1786397367.4162226,61.7283935546875,50.9,40.24609375
1786397367.4307241,61.7283935546875,69.5,40.24609375
1786397367.4442685,61.7283935546875,74.0,40.24609375
1786397367.4629781,61.7283935546875,53.4,40.24609375
1786397367.4803417,61.7283935546875,57.8,40.24609375
1786397367.4952698,61.7283935546875,66.4,40.24609375
1786397367.510582,61.7283935546875,65.9,40.24609375
1786397367.5335135,61.7283935546875,86.7,40.25
1786397367.546862,61.7283935546875,74.6,40.25
1786397367.5601473,61.7283935546875,76.3,40.25
1786397367.5763836,61.349693298339844,0.0,40.25
1786397367.5894616,61.349693298339844,76.3,40.25
1786397367.6078851,61.349693298339844,54.3,40.25
1786397367.6255212,61.349693298339844,56.7,40.25
1786397367.6388388,61.349693298339844,0.0,40.25
1786397367.6543388,61.349693298339844,64.7,40.25
1786397367.6712222,61.349693298339844,0.0,40.25
1786397367.6857717,61.349693298339844,69.2,40.25
1786397367.706048,61.349693298339844,49.3,40.25
1786397367.7192214,61.349693298339844,0.0,40.25
1786397367.7445216,62.11180114746094,78.9,40.25
1786397367.7579432,62.11180114746094,74.6,40.25390625
1786397367.7729404,62.11180114746094,66.4,40.25390625
1786397367.7861662,62.11180114746094,75.9,40.25390625
1786397367.7999842,62.11180114746094,72.0,40.25390625
1786397367.8143375,62.11180114746094,70.3,40.25390625
1786397367.8291216,62.11180114746094,0.0,40.25390625
1786397367.845967,62.11180114746094,59.4,40.25390625
1786397367.8626158,62.11180114746094,0.0,40.25390625
1786397367.8786128,62.11180114746094,62.5,40.25390625
1786397367.8946252,62.11180114746094,0.0,40.25390625
1786397367.9101567,62.11180114746094,64.3,40.25390625
1786397367.9269607,62.11180114746094,0.0,40.25390625
1786397367.9450316,62.11180114746094,56.0,40.25390625
1786397367.9639997,62.11180114746094,50.0,40.25390625
1786397367.991762,62.11180114746094,112.3,40.25390625
1786397368.0062973,62.11180114746094,68.8,40.25390625
1786397368.0169082,62.11180114746094,94.0,40.25390625
1786397368.0356076,62.11180114746094,53.1,40.25390625
1786397368.0500422,62.11180114746094,69.8,40.2578125
1786397368.0634298,60.240966796875,75.0,40.2578125
1786397368.0773444,60.240966796875,0.0,40.2578125
1786397368.0934687,60.240966796875,62.1,40.2578125
1786397368.108828,60.240966796875,0.0,40.2578125
1786397368.1315129,60.240966796875,43.9,40.2578125
1786397368.1474388,60.240966796875,63.0,40.2578125
1786397368.1582382,60.240966796875,92.9,40.2578125
1786397368.177972,60.240966796875,50.5,40.2578125
1786397368.1943789,60.240966796875,61.1,40.2578125
1786397368.2151299,60.240966796875,48.1,40.2578125
1786397368.2268288,62.11180114746094,85.6,40.2578125
1786397368.240371,62.11180114746094,74.1,40.2578125
1786397368.256233,62.11180114746094,0.0,40.2578125
1786397368.2757573,62.11180114746094,51.2,40.2578125
1786397368.290213,62.11180114746094,68.8,40.2578125
1786397368.3115153,62.11180114746094,47.1,40.2578125
1786397368.3234682,62.11180114746094,83.8,40.2578125
1786397368.3402352,62.11180114746094,59.7,40.2578125
1786397368.355795,62.11180114746094,0.0,40.2578125
1786397368.3782852,62.11180114746094,88.7,40.2578125
1786397368.3908353,61.7283935546875,80.0,40.2578125
1786397368.4135857,61.7283935546875,87.8,40.2578125
1786397368.424028,61.7283935546875,95.8,40.2578125
1786397368.4426796,61.7283935546875,53.3,40.2578125
1786397368.4537175,61.7283935546875,91.8,40.2578125
1786397368.475216,61.7283935546875,46.2,40.2578125
1786397368.4882984,61.7283935546875,76.7,40.2578125
1786397368.5090895,61.7283935546875,95.9,40.2578125
1786397368.5169592,61.7283935546875,0.0,40.2578125
1786397368.5374994,61.7283935546875,48.2,40.2578125
1786397368.5503335,60.60606002807617,79.1,40.2578125
1786397368.5689385,60.60606002807617,53.7,40.26171875
1786397368.5886543,60.60606002807617,50.7,40.26171875
1786397368.6110516,60.60606002807617,88.5,40.26171875
1786397368.619597,60.60606002807617,0.0,40.265625
1786397368.6404486,60.60606002807617,94.5,40.265625
1786397368.6519535,60.60606002807617,89.2,40.265625
1786397368.6693544,60.60606002807617,0.0,40.265625
1786397368.6831734,60.60606002807617,72.4,40.265625
1786397368.7070134,60.60606002807617,42.0,40.265625
1786397368.7189865,60.975608825683594,83.9,40.265625
1786397368.7314155,60.975608825683594,80.1,40.265625
1786397368.7460155,60.975608825683594,68.7,40.265625
1786397368.7621222,60.975608825683594,0.0,40.265625
1786397368.7780101,60.975608825683594,63.0,40.265625
1786397368.7944422,60.975608825683594,0.0,40.265625
1786397368.8102593,60.975608825683594,63.1,40.265625
1786397368.8265212,60.975608825683594,61.5,40.265625
1786397368.843651,60.975608825683594,0.0,40.265625
1786397368.8581166,60.975608825683594,69.1,40.265625
1786397368.8744411,61.7283935546875,0.0,40.265625
1786397368.8904395,61.7283935546875,62.6,40.265625
1786397368.9071689,61.7283935546875,0.0,40.265625
1786397368.922542,61.7283935546875,65.3,40.265625
1786397368.9386022,61.7283935546875,0.0,40.265625
1786397368.9546611,61.7283935546875,62.4,40.265625
1786397368.9716172,61.7283935546875,0.0,40.265625
1786397368.987269,61.7283935546875,127.9,40.265625
1786397369.0033393,61.7283935546875,0.0,40.265625
1786397369.018869,61.7283935546875,64.4,40.265625
1786397369.0358493,62.89308547973633,0.0,40.265625
1786397369.051501,62.89308547973633,64.2,40.265625
1786397369.0678654,62.89308547973633,0.0,40.265625
1786397369.0828805,62.89308547973633,66.8,40.26953125
1786397369.1020606,62.89308547973633,51.7,40.26953125
1786397369.119616,62.89308547973633,57.5,40.26953125
1786397369.134958,62.89308547973633,0.0,40.26953125
1786397369.1485894,62.89308547973633,73.8,40.26953125
1786397369.1625504,62.89308547973633,71.9,40.26953125
1786397369.1789827,62.89308547973633,0.0,40.26953125
1786397369.197023,62.5,55.3,40.26953125
1786397369.2132463,62.5,0.0,40.26953125
1786397369.2310877,62.5,55.9,40.26953125
1786397369.246498,62.5,65.0,40.26953125
1786397369.261309,62.5,0.0,40.26953125
1786397369.2777002,62.5,61.0,40.26953125
1786397369.2936227,62.5,62.9,40.26953125
1786397369.312703,62.5,0.0,40.26953125
1786397369.338207,62.5,78.3,40.26953125
1786397369.3478189,62.5,104.8,40.26953125
1786397369.3649335,60.60606002807617,58.3,40.26953125
1786397369.3769956,60.60606002807617,0.0,40.26953125
1786397369.3918107,60.60606002807617,67.5,40.26953125
1786397369.410166,60.60606002807617,54.5,40.2734375
1786397369.426424,60.60606002807617,0.0,40.2734375
1786397369.4420662,60.60606002807617,63.9,40.2734375
1786397369.4599674,60.60606002807617,55.9,40.2734375
1786397369.4812262,60.60606002807617,47.1,40.2734375
1786397369.4920805,60.60606002807617,92.1,40.2734375
1786397369.5075514,60.60606002807617,0.0,40.2734375
1786397369.5245016,60.975608825683594,58.9,40.2734375
1786397369.5512173,60.975608825683594,73.7,40.2734375
1786397369.5647287,60.975608825683594,76.3,40.2734375
1786397369.5773447,60.975608825683594,79.1,40.2734375
1786397369.5913875,60.975608825683594,0.0,40.27734375
1786397369.6068876,60.975608825683594,65.2,40.27734375
1786397369.622424,60.975608825683594,0.0,40.27734375
1786397369.6384912,60.975608825683594,62.3,40.27734375
1786397369.654711,60.975608825683594,0.0,40.27734375
1786397369.672251,60.975608825683594,56.9,40.27734375
1786397369.6882079,61.349693298339844,62.7,40.27734375
1786397369.7057867,61.349693298339844,0.0,40.27734375
1786397369.7223754,61.349693298339844,60.3,40.27734375
1786397369.743011,61.349693298339844,48.3,40.27734375
1786397369.7569568,61.349693298339844,71.2,40.27734375
1786397369.7747748,61.349693298339844,113.4,40.27734375
1786397369.7871904,61.349693298339844,0.0,40.27734375
1786397369.8066678,61.349693298339844,102.6,40.27734375
1786397369.8165696,61.349693298339844,0.0,40.27734375
1786397369.8349104,61.349693298339844,55.8,40.27734375
1786397369.850769,61.7283935546875,63.6,40.27734375
1786397369.8646216,61.7283935546875,0.0,40.27734375
1786397369.8798773,61.7283935546875,66.3,40.27734375
1786397369.8983033,61.7283935546875,0.0,40.27734375
1786397369.917758,61.7283935546875,51.0,40.27734375
1786397369.9366584,61.7283935546875,53.1,40.27734375
1786397369.9505424,61.7283935546875,145.5,40.27734375
1786397369.9639204,61.7283935546875,74.4,40.27734375
1786397369.9793718,61.7283935546875,0.0,40.27734375
1786397369.9946096,61.7283935546875,65.7,40.27734375
1786397370.0102284,62.11180114746094,0.0,40.27734375
1786397370.0269399,62.11180114746094,59.8,40.27734375
1786397370.044664,62.11180114746094,56.5,40.27734375
1786397370.0600052,62.11180114746094,0.0,40.27734375
1786397370.077518,62.11180114746094,56.9,40.27734375
1786397370.09056,62.11180114746094,76.8,40.27734375
1786397370.1219301,62.11180114746094,63.7,40.27734375
1786397370.1341074,62.11180114746094,81.1,40.28125
1786397370.1461926,62.11180114746094,83.5,40.28125
1786397370.1596963,62.11180114746094,0.0,40.28125
1786397370.1752179,60.60606002807617,63.6,40.28125
1786397370.1948068,60.60606002807617,51.5,40.28125
1786397370.209345,60.60606002807617,0.0,40.28125
1786397370.222493,60.60606002807617,77.2,40.28125
1786397370.2405772,60.60606002807617,55.1,40.28515625
1786397370.2566702,60.60606002807617,0.0,40.28515625
1786397370.2782376,60.60606002807617,93.1,40.28515625
1786397370.2933745,60.60606002807617,66.3,40.28515625
1786397370.3155136,60.60606002807617,90.2,40.28515625
1786397370.3277173,60.60606002807617,82.0,40.28515625
1786397370.3395164,61.7283935546875,84.8,40.28515625
1786397370.3540835,61.7283935546875,0.0,40.28515625
1786397370.3716836,61.7283935546875,56.5,40.28515625
1786397370.3861642,61.7283935546875,0.0,40.28515625
1786397370.4057088,61.7283935546875,51.0,40.28515625
1786397370.4211235,61.7283935546875,63.7,40.28515625
1786397370.4410295,61.7283935546875,102.2,40.28515625
1786397370.453614,61.7283935546875,79.5,40.28515625
1786397370.467199,61.7283935546875,0.0,40.28515625
1786397370.480743,61.7283935546875,74.2,40.28515625
1786397370.4975119,62.5,59.4,40.28515625
1786397370.5141351,62.5,0.0,40.28515625
1786397370.5311825,62.5,58.8,40.28515625
1786397370.5472822,62.5,61.6,40.28515625
1786397370.5613203,62.5,0.0,40.28515625
1786397370.5770009,62.5,63.9,40.28515625
1786397370.5944338,62.5,0.0,40.28515625
1786397370.6143608,62.5,50.3,40.28515625
1786397370.6305707,62.5,123.1,40.2890625
1786397370.6456788,62.5,0.0,40.2890625
1786397370.6603591,62.11180114746094,68.2,40.2890625
1786397370.6790638,62.11180114746094,53.4,40.2890625
1786397370.6943474,62.11180114746094,65.5,40.2890625
1786397370.7103136,62.11180114746094,62.5,40.2890625
1786397370.72503,62.11180114746094,65.7,40.2890625
1786397370.74353,62.11180114746094,55.2,40.2890625
1786397370.7553506,62.11180114746094,0.0,40.2890625
1786397370.7728124,62.11180114746094,57.2,40.2890625
1786397370.78807,62.11180114746094,65.6,40.2890625
1786397370.8060703,62.11180114746094,0.0,40.2890625
1786397370.8200984,60.975608825683594,71.5,40.2890625
1786397370.8391137,60.975608825683594,52.5,40.2890625
1786397370.856276,60.975608825683594,0.0,40.2890625
1786397370.8804982,60.975608825683594,41.3,40.2890625
1786397370.8928907,60.975608825683594,161.1,40.2890625
1786397370.909677,60.975608825683594,59.6,40.2890625
1786397370.922084,60.975608825683594,0.0,40.2890625
1786397370.9385612,60.975608825683594,60.7,40.2890625
1786397370.9524624,60.975608825683594,0.0,40.2890625
1786397370.9738824,60.975608825683594,93.2,40.2890625
1786397370.9892561,61.349693298339844,0.0,40.2890625
1786397371.005662,61.349693298339844,61.0,40.2890625
1786397371.020038,61.349693298339844,69.6,40.2890625
1786397371.0368044,61.349693298339844,118.5,40.2890625
1786397371.050973,61.349693298339844,0.0,40.2890625
1786397371.0697656,61.349693298339844,52.7,40.29296875
1786397371.0839732,61.349693298339844,71.1,40.29296875
1786397371.098342,61.349693298339844,70.3,40.29296875
1786397371.1263378,61.349693298339844,71.3,40.29296875
1786397371.1392114,61.349693298339844,77.9,40.29296875
1786397371.1479223,61.349693298339844,115.5,40.296875
1786397371.1635916,61.349693298339844,0.0,40.296875
1786397371.1794972,61.349693298339844,0.0,40.296875
1786397371.1952457,61.349693298339844,63.5,40.296875
1786397371.2121692,61.349693298339844,0.0,40.296875
1786397371.230494,61.349693298339844,53.8,40.296875
1786397371.2622383,61.349693298339844,63.4,40.296875
1786397371.2802422,61.349693298339844,111.2,40.296875
1786397371.293838,61.349693298339844,73.5,40.296875
1786397371.3062751,61.349693298339844,80.5,40.296875
1786397371.3205166,58.82352828979492,70.4,40.296875
1786397371.337084,58.82352828979492,59.9,40.296875
1786397371.3497167,58.82352828979492,0.0,40.296875
1786397371.3672633,58.82352828979492,56.8,40.296875
1786397371.382401,58.82352828979492,66.6,40.296875
1786397371.3979692,58.82352828979492,64.3,40.296875
1786397371.4140785,58.82352828979492,0.0,40.296875
1786397371.431942,58.82352828979492,55.6,40.296875
1786397371.449827,58.82352828979492,55.9,40.296875
1786397371.4731174,58.82352828979492,42.8,40.296875
1786397371.4858053,62.11180114746094,79.6,40.296875
1786397371.4978387,62.11180114746094,83.0,40.296875
1786397371.5139267,62.11180114746094,62.4,40.296875
1786397371.529604,62.11180114746094,63.5,40.296875
1786397371.5462298,62.11180114746094,0.0,40.296875
1786397371.5599797,62.11180114746094,73.1,40.296875
1786397371.5777998,62.11180114746094,0.0,40.296875
1786397371.5933335,62.11180114746094,64.6,40.296875
1786397371.610271,62.11180114746094,0.0,40.296875
1786397371.6326842,62.11180114746094,88.2,40.296875
1786397371.6538298,61.349693298339844,95.6,40.296875
1786397371.666328,61.349693298339844,79.9,40.296875
1786397371.6786866,61.349693298339844,81.2,40.30078125
1786397371.6932917,61.349693298339844,68.5,40.30078125
1786397371.70726,61.349693298339844,0.0,40.30078125
1786397371.722461,61.349693298339844,0.0,40.30078125
1786397371.7378237,61.349693298339844,65.2,40.30078125
1786397371.755047,61.349693298339844,0.0,40.30078125
1786397371.7855399,61.349693298339844,64.8,40.30078125
1786397371.7968972,61.349693298339844,87.8,40.30078125
1786397371.810098,59.88024139404297,77.8,40.30078125
1786397371.8267126,59.88024139404297,0.0,40.30078125
1786397371.8440056,59.88024139404297,57.5,40.30078125
1786397371.8607898,59.88024139404297,59.9,40.30078125
1786397371.8758678,59.88024139404297,65.3,40.30078125
1786397371.890803,59.88024139404297,68.1,40.30078125
1786397371.91058,59.88024139404297,50.3,40.30078125
1786397371.9244418,59.88024139404297,72.4,40.3046875
1786397371.9370513,59.88024139404297,0.0,40.3046875
1786397371.9534352,59.88024139404297,61.0,40.3046875
1786397371.9736845,62.11180114746094,49.3,40.3046875
1786397371.9896784,62.11180114746094,62.6,40.3046875
1786397372.0074928,62.11180114746094,55.7,40.3046875
1786397372.017921,62.11180114746094,97.3,40.3046875
1786397372.0427742,62.11180114746094,40.0,40.3046875
1786397372.051598,62.11180114746094,114.7,40.3046875
1786397372.0688078,62.11180114746094,57.4,40.3046875
1786397372.082811,62.11180114746094,0.0,40.3046875
1786397372.1021912,62.11180114746094,50.8,40.3046875
1786397372.1190417,62.11180114746094,60.5,40.3046875
1786397372.1323638,62.11180114746094,74.4,40.3046875
1786397372.1461074,62.11180114746094,0.0,40.3046875
1786397372.1624222,62.11180114746094,61.3,40.3046875
1786397372.1781254,62.11180114746094,0.0,40.3046875
1786397372.1944346,62.11180114746094,61.3,40.30859375
1786397372.2108657,62.11180114746094,0.0,40.30859375
1786397372.229289,62.11180114746094,54.1,40.30859375
1786397372.2456248,62.11180114746094,61.3,40.30859375
1786397372.2605617,62.11180114746094,0.0,40.30859375
1786397372.2766812,62.11180114746094,61.9,40.30859375
1786397372.2912345,62.5,68.8,40.30859375
1786397372.3078256,62.5,0.0,40.30859375
1786397372.324253,62.5,60.9,40.30859375
1786397372.343049,62.5,0.0,40.30859375
1786397372.3577745,62.5,67.9,40.30859375
1786397372.375883,62.5,0.0,40.30859375
1786397372.3899739,62.5,70.9,40.30859375
1786397372.4110675,62.5,47.4,40.30859375
1786397372.4279652,62.5,58.8,40.30859375
1786397372.4460537,62.5,54.9,40.30859375
1786397372.459868,60.60606002807617,73.4,40.30859375
1786397372.4793022,60.60606002807617,51.5,40.30859375
1786397372.4924204,60.60606002807617,76.2,40.30859375
1786397372.5050106,60.60606002807617,0.0,40.30859375
1786397372.520565,60.60606002807617,64.3,40.30859375
1786397372.5412395,60.60606002807617,48.4,40.30859375
1786397372.5545082,60.60606002807617,0.0,40.30859375
1786397372.5767715,60.60606002807617,45.0,40.30859375
1786397372.5928352,60.60606002807617,124.4,40.30859375
1786397372.6130981,60.60606002807617,98.3,40.30859375
1786397372.6224885,60.975608825683594,107.3,40.30859375
1786397372.645861,60.975608825683594,42.7,40.30859375
1786397372.656266,60.975608825683594,96.5,40.30859375
1786397372.678927,60.975608825683594,88.2,40.30859375
1786397372.6894898,60.975608825683594,94.0,40.30859375
1786397372.7047405,60.975608825683594,0.0,40.30859375
1786397372.7189286,60.975608825683594,70.6,40.3125
1786397372.7373097,60.975608825683594,54.2,40.31640625
1786397372.7482553,60.975608825683594,0.0,40.31640625
1786397372.7678618,60.975608825683594,50.7,40.31640625
1786397372.7858524,61.349693298339844,55.8,40.31640625
1786397372.8131328,61.349693298339844,73.1,40.31640625
1786397372.8285694,61.349693298339844,130.0,40.31640625
1786397372.8421266,61.349693298339844,73.8,40.31640625
1786397372.8530653,61.349693298339844,92.1,40.31640625
1786397372.8698936,61.349693298339844,0.0,40.31640625
1786397372.8844821,61.349693298339844,68.7,40.31640625
1786397372.903093,61.349693298339844,0.0,40.31640625
1786397372.918249,61.349693298339844,66.1,40.31640625
1786397372.9344916,61.349693298339844,61.1,40.31640625
1786397372.953083,59.52381134033203,0.0,40.31640625
1786397372.969904,59.52381134033203,59.4,40.31640625
1786397372.9866667,59.52381134033203,59.7,40.31640625
1786397373.00781,59.52381134033203,47.2,40.31640625
1786397373.020562,59.52381134033203,78.7,40.31640625
1786397373.042398,59.52381134033203,45.1,40.31640625
1786397373.059733,59.52381134033203,58.7,40.31640625
1786397373.0742426,59.52381134033203,137.2,40.31640625
1786397373.0821059,59.52381134033203,0.0,40.31640625
1786397373.0974207,59.52381134033203,65.6,40.31640625
1786397373.11903,61.349693298339844,91.5,40.31640625
1786397373.1296463,61.349693298339844,0.0,40.31640625
1786397373.1543484,61.349693298339844,40.5,40.31640625
1786397373.1703029,61.349693298339844,62.3,40.31640625
1786397373.1807883,61.349693298339844,96.0,40.31640625
1786397373.1953588,61.349693298339844,68.7,40.31640625
1786397373.2168598,61.349693298339844,46.4,40.31640625
1786397373.2331533,61.349693298339844,61.1,40.31640625
1786397373.244858,61.349693298339844,172.6,40.3203125
1786397373.2605178,61.349693298339844,0.0,40.3203125
1786397373.2749913,62.5,68.5,40.3203125
1786397373.2900066,62.5,67.2,40.3203125
1786397373.3071826,62.5,0.0,40.3203125
1786397373.321596,62.5,69.5,40.3203125
1786397373.3391733,62.5,0.0,40.3203125
1786397373.3546884,62.5,64.5,40.3203125
1786397373.3726223,62.5,0.0,40.3203125
1786397373.3925452,62.5,99.8,40.3203125
1786397373.4147716,62.5,90.3,40.3203125
1786397373.4234262,62.5,115.8,40.3203125
1786397373.4398265,60.975608825683594,61.1,40.3203125
1786397373.4542694,60.975608825683594,0.0,40.3203125
1786397373.4707367,60.975608825683594,60.7,40.3203125
1786397373.4861498,60.975608825683594,0.0,40.3203125
1786397373.5123556,60.975608825683594,76.2,40.3203125
1786397373.5235486,60.975608825683594,89.1,40.3203125
1786397373.5409615,60.975608825683594,57.4,40.3203125
1786397373.5550585,60.975608825683594,71.0,40.3203125
1786397373.5705087,60.975608825683594,64.6,40.32421875
1786397373.5832713,60.975608825683594,78.9,40.32421875
1786397373.6025922,61.7283935546875,0.0,40.32421875
1786397373.6184232,61.7283935546875,63.3,40.32421875
1786397373.633571,61.7283935546875,0.0,40.32421875
1786397373.6502554,61.7283935546875,60.0,40.32421875
1786397373.6635969,61.7283935546875,0.0,40.32421875
1786397373.6833332,61.7283935546875,50.7,40.32421875
1786397373.7002902,61.7283935546875,58.8,40.32421875
1786397373.7160683,61.7283935546875,63.6,40.32421875
1786397373.7336597,61.7283935546875,56.7,40.32421875
1786397373.7489288,61.7283935546875,0.0,40.32421875
1786397373.7666607,61.349693298339844,56.2,40.328125
1786397373.7830565,61.349693298339844,60.7,40.328125
1786397373.8058014,61.349693298339844,87.8,40.328125
1786397373.817099,61.349693298339844,87.3,40.328125
1786397373.832327,61.349693298339844,67.2,40.328125
1786397373.8439612,61.349693298339844,86.3,40.328125
1786397373.8598726,61.349693298339844,62.8,40.328125
1786397373.8762846,61.349693298339844,0.0,40.328125
1786397373.8927286,61.349693298339844,60.8,40.328125
1786397373.9097197,61.349693298339844,0.0,40.328125
1786397373.9247997,61.349693298339844,66.2,40.328125
1786397373.9422057,61.349693298339844,0.0,40.328125
1786397373.9583318,61.349693298339844,62.0,40.328125
1786397373.9741173,61.349693298339844,0.0,40.328125
1786397373.9922793,61.349693298339844,55.1,40.328125
1786397374.0086892,61.349693298339844,60.9,40.328125
1786397374.0248542,61.349693298339844,61.9,40.328125
1786397374.041752,61.349693298339844,0.0,40.328125
1786397374.0568442,61.349693298339844,65.6,40.328125
1786397374.0737371,61.349693298339844,59.7,40.328125
1786397374.0906587,61.349693298339844,58.9,40.328125
1786397374.1054122,61.349693298339844,0.0,40.328125
1786397374.121599,61.349693298339844,62.4,40.328125
1786397374.137293,61.349693298339844,0.0,40.328125
1786397374.1520314,61.349693298339844,68.0,40.328125
1786397374.169362,61.349693298339844,0.0,40.328125
1786397374.1851618,61.349693298339844,63.1,40.328125
1786397374.2026043,61.349693298339844,0.0,40.328125
1786397374.2188191,61.349693298339844,61.5,40.328125
1786397374.236318,61.349693298339844,57.3,40.328125
1786397374.251072,61.7283935546875,0.0,40.328125
1786397374.2716916,61.7283935546875,48.4,40.328125
1786397374.288037,61.7283935546875,61.2,40.33203125
1786397374.304996,61.7283935546875,59.1,40.33203125
1786397374.3189044,61.7283935546875,71.6,40.33203125
1786397374.339413,61.7283935546875,48.6,40.33203125
1786397374.3549044,61.7283935546875,65.0,40.33203125
1786397374.3730683,61.7283935546875,54.9,40.33203125
1786397374.3849657,61.7283935546875,84.3,40.33203125
1786397374.4022748,61.7283935546875,114.2,40.3359375
1786397374.4156284,60.975608825683594,0.0,40.3359375
1786397374.4314783,60.975608825683594,62.9,40.3359375
1786397374.4471896,60.975608825683594,0.0,40.3359375
1786397374.4629397,60.975608825683594,63.4,40.3359375
1786397374.4849226,60.975608825683594,0.0,40.3359375
1786397374.5001376,60.975608825683594,70.6,40.3359375
1786397374.5148764,60.975608825683594,68.2,40.3359375
1786397374.5288637,60.975608825683594,71.5,40.3359375
1786397374.5501015,60.975608825683594,46.8,40.3359375
1786397374.56672,60.975608825683594,60.6,40.3359375
1786397374.579762,61.7283935546875,77.0,40.3359375
1786397374.5936146,61.7283935546875,71.8,40.3359375
1786397374.6110876,61.7283935546875,0.0,40.3359375
1786397374.6259706,61.7283935546875,68.0,40.3359375
1786397374.6445396,61.7283935546875,53.8,40.3359375
1786397374.6614676,61.7283935546875,59.3,40.3359375
1786397374.6757154,61.7283935546875,0.0,40.3359375
1786397374.690346,61.7283935546875,68.6,40.3359375
1786397374.7074313,61.7283935546875,58.4,40.3359375
1786397374.7223878,61.7283935546875,0.0,40.3359375
1786397374.7417552,61.349693298339844,51.6,40.3359375
1786397374.7571414,61.349693298339844,0.0,40.3359375
1786397374.7746704,61.349693298339844,57.1,40.3359375
1786397374.791363,61.349693298339844,60.0,40.33984375
1786397374.805415,61.349693298339844,71.1,40.33984375
1786397374.8201923,61.349693298339844,0.0,40.33984375
1786397374.839485,61.349693298339844,51.8,40.33984375
1786397374.853908,61.349693298339844,69.4,40.33984375
1786397374.8756053,61.349693298339844,46.1,40.33984375
1786397374.8890898,61.349693298339844,73.4,40.33984375
1786397374.9083889,61.7283935546875,52.1,40.33984375
1786397374.921995,61.7283935546875,73.3,40.33984375
1786397374.9422576,61.7283935546875,98.3,40.33984375
1786397374.9566028,61.7283935546875,70.2,40.33984375
1786397374.9755278,61.7283935546875,52.6,40.33984375
1786397374.989768,61.7283935546875,70.6,40.33984375
1786397375.0054045,61.7283935546875,126.4,40.33984375
1786397375.019323,61.7283935546875,72.9,40.33984375
1786397375.0308077,61.7283935546875,0.0,40.33984375
1786397375.048222,61.7283935546875,57.6,40.33984375
1786397375.0671086,61.7283935546875,104.3,40.33984375
1786397375.0840359,61.7283935546875,0.0,40.33984375
1786397375.0957296,61.7283935546875,86.7,40.33984375
1786397375.1118064,61.7283935546875,0.0,40.33984375
1786397375.1288297,61.7283935546875,58.8,40.33984375
1786397375.1499767,61.7283935546875,47.3,40.33984375
1786397375.1688318,61.7283935546875,105.7,40.33984375
1786397375.180514,61.7283935546875,0.0,40.33984375
1786397375.1943953,61.7283935546875,73.5,40.33984375
1786397375.2104776,61.7283935546875,62.2,40.33984375
1786397375.225317,62.11180114746094,0.0,40.33984375
1786397375.2401102,62.11180114746094,67.4,40.34375
1786397375.257139,62.11180114746094,58.7,40.34375
1786397375.2737787,62.11180114746094,0.0,40.34375
1786397375.2934635,62.11180114746094,51.0,40.34375
1786397375.3145099,62.11180114746094,47.5,40.34765625
1786397375.32298,62.11180114746094,118.3,40.34765625
1786397375.3503153,62.11180114746094,73.0,40.34765625
1786397375.3599937,62.11180114746094,104.4,40.34765625
1786397375.3764427,62.11180114746094,0.0,40.34765625
1786397375.3902738,60.975608825683594,72.4,40.34765625
1786397375.4058135,60.975608825683594,64.4,40.34765625
1786397375.4213772,60.975608825683594,0.0,40.34765625
1786397375.4363985,60.975608825683594,66.5,40.34765625
1786397375.4542599,60.975608825683594,0.0,40.34765625
1786397375.472463,60.975608825683594,54.9,40.34765625
1786397375.490037,60.975608825683594,56.9,40.34765625
1786397375.5120385,60.975608825683594,90.8,40.34765625
1786397375.524258,60.975608825683594,0.0,40.34765625
1786397375.5453038,60.975608825683594,94.8,40.34765625
1786397375.5627465,61.7283935546875,57.5,40.34765625
1786397375.5751853,61.7283935546875,160.9,40.34765625
1786397375.5879178,61.7283935546875,78.3,40.34765625
1786397375.6033049,61.7283935546875,65.1,40.34765625
1786397375.6168609,61.7283935546875,0.0,40.34765625
1786397375.6361043,61.7283935546875,51.9,40.34765625
1786397375.6522875,61.7283935546875,0.0,40.34765625
1786397375.677139,61.7283935546875,79.7,40.34765625
1786397375.6910124,61.7283935546875,73.2,40.34765625
1786397375.7050977,61.7283935546875,140.8,40.34765625
1786397375.7189612,60.240966796875,72.8,40.34765625
1786397375.7377195,60.240966796875,52.9,40.34765625
1786397375.7523987,60.240966796875,0.0,40.34765625
1786397375.7665498,60.240966796875,69.8,40.34765625
1786397375.7795784,60.240966796875,78.0,40.34765625
1786397375.7982042,60.240966796875,0.0,40.34765625
1786397375.8121424,60.240966796875,72.3,40.34765625
1786397375.8285818,60.240966796875,0.0,40.3515625
1786397375.846565,60.240966796875,55.4,40.3515625
1786397375.8620512,60.240966796875,64.8,40.3515625
1786397375.8793426,61.7283935546875,0.0,40.3515625
1786397375.893792,61.7283935546875,69.2,40.3515625
1786397375.911967,61.7283935546875,55.0,40.3515625
1786397375.930872,61.7283935546875,52.7,40.3515625
1786397375.94575,61.7283935546875,0.0,40.3515625
1786397375.962181,61.7283935546875,60.7,40.3515625
1786397375.977254,61.7283935546875,66.5,40.3515625
1786397375.9941292,61.7283935546875,59.3,40.3515625
1786397376.0123072,61.7283935546875,54.6,40.3515625
1786397376.0283546,61.7283935546875,62.7,40.3515625
1786397376.0468113,61.7283935546875,53.9,40.3515625
1786397376.0579178,61.7283935546875,0.0,40.35546875
1786397376.0775557,61.7283935546875,50.7,40.35546875
1786397376.0891433,61.7283935546875,87.0,40.35546875
1786397376.1147833,61.7283935546875,77.9,40.35546875
1786397376.1263926,61.7283935546875,86.6,40.35546875
1786397376.1417508,61.7283935546875,65.3,40.35546875
1786397376.1546535,61.7283935546875,0.0,40.35546875
1786397376.175149,61.7283935546875,48.7,40.35546875
1786397376.190236,61.7283935546875,66.4,40.35546875
1786397376.2064881,61.349693298339844,61.5,40.35546875
1786397376.2204635,61.349693298339844,71.7,40.35546875
1786397376.2414675,61.349693298339844,47.6,40.35546875
1786397376.2568486,61.349693298339844,64.9,40.35546875
1786397376.2780519,61.349693298339844,47.1,40.35546875
1786397376.2861686,61.349693298339844,123.6,40.35546875
1786397376.304106,61.349693298339844,55.7,40.35546875
1786397376.3194864,61.349693298339844,0.0,40.35546875
1786397376.3364234,61.349693298339844,58.9,40.35546875
1786397376.3514295,61.349693298339844,0.0,40.359375
1786397376.3697867,61.349693298339844,54.5,40.359375
1786397376.3828776,61.349693298339844,75.4,40.359375
1786397376.3983824,61.349693298339844,0.0,40.359375
1786397376.4158175,61.349693298339844,58.0,40.359375
1786397376.4325073,61.349693298339844,0.0,40.359375
1786397376.4497085,61.349693298339844,58.5,40.359375
1786397376.4645538,61.349693298339844,68.1,40.359375
1786397376.4802237,61.349693298339844,0.0,40.359375
1786397376.4960806,61.349693298339844,63.0,40.359375
1786397376.5125496,61.349693298339844,60.7,40.359375
1786397376.5279348,62.11180114746094,0.0,40.359375
1786397376.5443354,62.11180114746094,61.0,40.359375
1786397376.560522,62.11180114746094,0.0,40.359375
1786397376.575437,62.11180114746094,67.2,40.359375
1786397376.5914214,62.11180114746094,0.0,40.359375
1786397376.6100867,62.11180114746094,53.7,40.359375
1786397376.625282,62.11180114746094,65.8,40.359375
1786397376.640175,62.11180114746094,0.0,40.359375
1786397376.6568701,62.11180114746094,59.8,40.359375
1786397376.6806986,62.11180114746094,41.8,40.359375
1786397376.6911156,62.11180114746094,94.7,40.359375
1786397376.7082279,62.11180114746094,0.0,40.359375
1786397376.721861,62.11180114746094,73.6,40.359375
1786397376.74101,62.11180114746094,52.1,40.359375
1786397376.755843,62.11180114746094,0.0,40.359375
1786397376.7725868,62.11180114746094,59.2,40.359375
1786397376.7908258,62.11180114746094,55.3,40.359375
1786397376.806853,62.11180114746094,62.3,40.359375
1786397376.820342,62.11180114746094,0.0,40.359375
1786397376.8408418,62.11180114746094,48.7,40.359375
1786397376.8530438,60.60606002807617,81.8,40.359375
1786397376.8770587,60.60606002807617,81.8,40.36328125
1786397376.8950882,60.60606002807617,56.7,40.3671875
1786397376.913493,60.60606002807617,54.3,40.3671875
1786397376.925104,60.60606002807617,168.4,40.3671875
1786397376.9409068,60.60606002807617,64.5,40.3671875
1786397376.9538069,60.60606002807617,0.0,40.3671875
1786397376.970722,60.60606002807617,59.1,40.3671875
1786397376.9882116,60.60606002807617,0.0,40.3671875
1786397377.0035937,60.60606002807617,65.2,40.3671875
1786397377.0196462,60.975608825683594,62.3,40.3671875
1786397377.0355763,60.975608825683594,0.0,40.3671875
1786397377.0508614,60.975608825683594,131.1,40.3671875
1786397377.0693755,60.975608825683594,0.0,40.3671875
1786397377.0875046,60.975608825683594,55.7,40.3671875
1786397377.1072943,60.975608825683594,100.5,40.3671875
1786397377.125759,60.975608825683594,54.4,40.3671875
1786397377.1365538,60.975608825683594,92.9,40.3671875
1786397377.1516175,60.975608825683594,66.2,40.3671875
1786397377.1644156,60.975608825683594,78.2,40.3671875
1786397377.180991,61.7283935546875,0.0,40.3671875
1786397377.1981547,61.7283935546875,58.2,40.3671875
1786397377.2188492,61.7283935546875,48.0,40.3671875
1786397377.2362971,61.7283935546875,57.9,40.3671875
1786397377.2466836,61.7283935546875,96.4,40.3671875
1786397377.2638166,61.7283935546875,58.3,40.3671875
1786397377.2779524,61.7283935546875,0.0,40.3671875
1786397377.2948918,61.7283935546875,59.0,40.3671875
1786397377.3117533,61.7283935546875,59.2,40.3671875
1786397377.328308,61.7283935546875,0.0,40.3671875
1786397377.3426383,61.7283935546875,69.7,40.3671875
1786397377.3596025,61.7283935546875,0.0,40.3671875
1786397377.37575,61.7283935546875,62.1,40.3671875
1786397377.392638,61.7283935546875,59.2,40.37109375
1786397377.412227,61.7283935546875,101.9,40.37109375
1786397377.4244792,61.7283935546875,81.8,40.37109375
1786397377.4406464,61.7283935546875,0.0,40.37109375
1786397377.4550302,61.7283935546875,69.4,40.37109375
1786397377.476015,61.7283935546875,47.6,40.37109375
1786397377.4903522,61.7283935546875,69.8,40.37109375
1786397377.5066411,61.349693298339844,0.0,40.37109375
1786397377.52294,61.349693298339844,61.4,40.37109375
1786397377.5383725,61.349693298339844,64.8,40.37109375
1786397377.5536299,61.349693298339844,0.0,40.37109375
1786397377.5766268,61.349693298339844,43.4,40.37109375
1786397377.5935237,61.349693298339844,118.7,40.37109375
1786397377.608293,61.349693298339844,67.4,40.37109375
1786397377.6202853,61.349693298339844,0.0,40.37109375
1786397377.6369457,61.349693298339844,59.9,40.37109375
1786397377.6549475,61.349693298339844,55.6,40.37109375
1786397377.6770976,61.7283935546875,89.9,40.37109375
1786397377.6928623,61.7283935546875,127.5,40.37109375
1786397377.7041452,61.7283935546875,89.0,40.37109375
1786397377.7181053,61.7283935546875,0.0,40.375
1786397377.7353115,61.7283935546875,58.1,40.375
1786397377.746901,61.7283935546875,86.2,40.375
1786397377.7639303,61.7283935546875,0.0,40.375
1786397377.7794576,61.7283935546875,64.9,40.375
1786397377.7995796,61.7283935546875,49.4,40.375
1786397377.8221107,61.7283935546875,88.1,40.375
1786397377.8371181,61.349693298339844,67.4,40.375
1786397377.848691,61.349693298339844,79.9,40.375
1786397377.8638935,61.349693298339844,70.1,40.375
1786397377.8787162,61.349693298339844,0.0,40.375
1786397377.8940315,61.349693298339844,65.2,40.375
1786397377.9110718,61.349693298339844,58.8,40.37890625
1786397377.926636,61.349693298339844,0.0,40.37890625
1786397377.943737,61.349693298339844,58.5,40.37890625
1786397377.9594314,61.349693298339844,63.7,40.37890625
1786397377.975958,61.349693298339844,0.0,40.37890625
1786397377.9918666,62.11180114746094,63.0,40.37890625
1786397378.0113897,62.11180114746094,51.2,40.37890625
1786397378.0241148,62.11180114746094,0.0,40.37890625
1786397378.0451295,62.11180114746094,93.2,40.37890625
1786397378.0571957,62.11180114746094,86.3,40.37890625
1786397378.0776596,62.11180114746094,48.8,40.37890625
1786397378.093775,62.11180114746094,62.1,40.37890625
1786397378.108554,62.11180114746094,67.7,40.37890625
1786397378.121695,62.11180114746094,0.0,40.37890625
1786397378.1382682,62.11180114746094,60.3,40.37890625
1786397378.1544871,60.975608825683594,0.0,40.37890625
1786397378.1762989,60.975608825683594,45.9,40.37890625
1786397378.188717,60.975608825683594,80.4,40.37890625
1786397378.210813,60.975608825683594,45.1,40.37890625
1786397378.2251258,60.975608825683594,139.6,40.37890625
1786397378.2447577,60.975608825683594,51.2,40.37890625
1786397378.25769,60.975608825683594,77.2,40.37890625
1786397378.275374,60.975608825683594,111.7,40.37890625
1786397378.2865357,60.975608825683594,0.0,40.37890625
1786397378.302517,60.975608825683594,62.5,40.37890625
1786397378.3167982,62.11180114746094,70.1,40.37890625
1786397378.3353772,62.11180114746094,53.8,40.37890625
1786397378.3532493,62.11180114746094,0.0,40.37890625
1786397378.3666553,62.11180114746094,73.1,40.37890625
1786397378.3814957,62.11180114746094,68.4,40.37890625
1786397378.4054935,62.11180114746094,41.8,40.37890625
1786397378.423215,62.11180114746094,112.5,40.37890625
1786397378.4352078,62.11180114746094,82.9,40.3828125
1786397378.4464428,62.11180114746094,90.2,40.3828125
1786397378.461158,62.11180114746094,0.0,40.3828125
1786397378.4776742,61.7283935546875,60.7,40.3828125
1786397378.4948218,61.7283935546875,0.0,40.3828125
1786397378.5104613,61.7283935546875,64.0,40.3828125
1786397378.5262558,61.7283935546875,62.6,40.3828125
1786397378.5422072,61.7283935546875,0.0,40.3828125
1786397378.557158,61.7283935546875,66.9,40.38671875
1786397378.573401,61.7283935546875,0.0,40.38671875
1786397378.589033,61.7283935546875,64.0,40.38671875
1786397378.6103444,61.7283935546875,0.0,40.38671875
1786397378.6281104,61.7283935546875,112.3,40.38671875
1786397378.6498353,62.11180114746094,45.8,40.38671875
1786397378.663574,62.11180114746094,145.6,40.38671875
1786397378.678284,62.11180114746094,68.6,40.38671875
1786397378.691147,62.11180114746094,77.8,40.38671875
1786397378.707099,62.11180114746094,62.7,40.38671875
1786397378.722747,62.11180114746094,0.0,40.38671875
1786397378.7395515,62.11180114746094,59.5,40.38671875
1786397378.7538564,62.11180114746094,70.0,40.38671875
1786397378.7705643,62.11180114746094,0.0,40.38671875
1786397378.7886426,62.11180114746094,55.3,40.38671875
1786397378.8039525,60.975608825683594,65.5,40.38671875
1786397378.820968,60.975608825683594,0.0,40.38671875
1786397378.8364944,60.975608825683594,64.6,40.38671875
1786397378.8512533,60.975608825683594,0.0,40.38671875
1786397378.867436,60.975608825683594,61.0,40.38671875
1786397378.8814354,60.975608825683594,0.0,40.38671875
1786397378.8989208,60.975608825683594,55.8,40.38671875
1786397378.9153633,60.975608825683594,62.5,40.38671875
1786397378.9331067,60.975608825683594,55.7,40.390625
1786397378.9467337,60.975608825683594,0.0,40.390625
1786397378.9630842,62.89308547973633,61.1,40.390625
1786397378.9769058,62.89308547973633,0.0,40.390625
1786397378.9933424,62.89308547973633,60.9,40.390625
1786397379.008864,62.89308547973633,0.0,40.390625
1786397379.0258183,62.89308547973633,59.0,40.390625
1786397379.0441074,62.89308547973633,0.0,40.390625
1786397379.0583434,62.89308547973633,0.0,40.390625
1786397379.0750902,62.89308547973633,59.7,40.390625
1786397379.0938685,62.89308547973633,53.3,40.390625
1786397379.11189,62.89308547973633,55.4,40.390625
1786397379.1279676,62.11180114746094,61.0,40.390625
1786397379.1478314,62.11180114746094,102.0,40.390625
1786397379.1589496,62.11180114746094,90.4,40.390625
1786397379.1761193,62.11180114746094,0.0,40.390625
1786397379.1904213,62.11180114746094,70.9,40.390625
1786397379.206675,62.11180114746094,61.2,40.390625
1786397379.2234538,62.11180114746094,59.9,40.390625
1786397379.2375429,62.11180114746094,0.0,40.390625
1786397379.2523494,62.11180114746094,67.6,40.390625
1786397379.2724288,62.11180114746094,49.3,40.390625
1786397379.2907171,61.7283935546875,55.0,40.390625
1786397379.3087144,61.7283935546875,55.6,40.390625
1786397379.3205078,61.7283935546875,85.0,40.390625
1786397379.3371077,61.7283935546875,58.5,40.390625
1786397379.3582094,61.7283935546875,48.4,40.390625
1786397379.3743913,61.7283935546875,123.0,40.39453125
1786397379.3840733,61.7283935546875,104.7,40.39453125
1786397379.4007735,61.7283935546875,0.0,40.39453125
1786397379.4166646,61.7283935546875,60.7,40.39453125
1786397379.436533,61.7283935546875,52.6,40.39453125
1786397379.4477456,61.7283935546875,90.2,40.3984375
1786397379.4630868,61.7283935546875,0.0,40.3984375
1786397379.4801092,61.7283935546875,58.7,40.3984375
1786397379.502635,61.7283935546875,44.3,40.3984375
1786397379.518659,61.7283935546875,62.7,40.3984375
1786397379.5351422,61.7283935546875,59.8,40.3984375
1786397379.552673,61.7283935546875,115.3,40.3984375
1786397379.5715988,61.7283935546875,52.5,40.3984375
1786397379.580935,61.7283935546875,109.2,40.3984375
1786397379.5999653,61.7283935546875,52.2,40.3984375
1786397379.61335,60.975608825683594,75.4,40.3984375
1786397379.6281683,60.975608825683594,0.0,40.3984375
1786397379.6431513,60.975608825683594,66.9,40.3984375
1786397379.6605651,60.975608825683594,57.5,40.3984375
1786397379.67884,60.975608825683594,54.6,40.3984375
1786397379.6935854,60.975608825683594,0.0,40.3984375
1786397379.7081017,60.975608825683594,68.9,40.3984375
1786397379.7246995,60.975608825683594,0.0,40.3984375
1786397379.74307,60.975608825683594,54.4,40.3984375
1786397379.7576847,60.975608825683594,68.3,40.3984375
1786397379.776814,61.7283935546875,52.2,40.3984375
1786397379.7913895,61.7283935546875,68.2,40.3984375
1786397379.8045297,61.7283935546875,77.0,40.3984375
1786397379.819551,61.7283935546875,66.6,40.3984375
1786397379.8369737,61.7283935546875,0.0,40.3984375
1786397379.8529058,61.7283935546875,0.0,40.3984375
1786397379.8721535,61.7283935546875,51.8,40.3984375
1786397379.8845778,61.7283935546875,80.8,40.3984375
1786397379.9074235,61.7283935546875,43.8,40.3984375
1786397379.9184816,61.7283935546875,0.0,40.3984375
1786397379.9390662,61.7283935546875,48.5,40.3984375
1786397379.9560356,61.7283935546875,59.0,40.3984375
1786397379.97711,61.7283935546875,93.9,40.40234375
1786397379.9926498,61.7283935546875,65.3,40.40234375
1786397380.0100267,61.7283935546875,115.1,40.40234375
1786397380.0197358,61.7283935546875,103.1,40.40234375
1786397380.0366964,61.7283935546875,0.0,40.40234375
1786397380.05118,61.7283935546875,69.2,40.40234375
1786397380.0718136,61.7283935546875,48.3,40.40234375
1786397380.085604,61.7283935546875,72.5,40.40234375
1786397380.1020074,61.349693298339844,60.6,40.40234375
1786397380.1181214,61.349693298339844,0.0,40.40234375
1786397380.131579,61.349693298339844,73.8,40.40234375
1786397380.1492558,61.349693298339844,56.7,40.40234375
1786397380.1651185,61.349693298339844,62.9,40.40234375
1786397380.1815038,61.349693298339844,61.2,40.40234375
1786397380.1930988,61.349693298339844,86.1,40.40625
1786397380.212849,61.349693298339844,0.0,40.40625
1786397380.227759,61.349693298339844,67.1,40.40625
1786397380.243267,61.349693298339844,0.0,40.40625
1786397380.260892,61.7283935546875,56.7,40.40625
1786397380.2770338,61.7283935546875,0.0,40.40625
1786397380.2953358,61.7283935546875,109.2,40.40625
1786397380.3110986,61.7283935546875,0.0,40.40625
1786397380.3284724,61.7283935546875,57.6,40.40625
1786397380.3455255,61.7283935546875,58.6,40.40625
1786397380.3558683,61.7283935546875,0.0,40.40625
1786397380.3811493,61.7283935546875,75.7,40.40625
1786397380.3926375,61.7283935546875,96.9,40.40625
1786397380.411419,61.7283935546875,53.2,40.40625
1786397380.4218206,61.349693298339844,0.0,40.40625
1786397380.4398265,61.349693298339844,55.1,40.40625
1786397380.4549515,61.349693298339844,0.0,40.40625
1786397380.4753637,61.349693298339844,48.8,40.40625
1786397380.4890437,61.349693298339844,0.0,40.41015625
1786397380.508468,61.349693298339844,51.5,40.41015625
1786397380.5238173,61.349693298339844,64.4,40.41015625
1786397380.5450618,61.349693298339844,93.4,40.41015625
1786397380.5619392,61.349693298339844,119.8,40.41015625
1786397380.5795822,61.349693298339844,57.2,40.41015625
1786397380.5897024,61.7283935546875,97.9,40.41015625
1786397380.6095505,61.7283935546875,101.0,40.41015625
1786397380.621089,61.7283935546875,0.0,40.41015625
1786397380.6397097,61.7283935546875,53.6,40.41015625
1786397380.6528037,61.7283935546875,76.3,40.41015625
1786397380.6691003,61.7283935546875,61.0,40.41015625
1786397380.685671,61.7283935546875,60.3,40.41015625
1786397380.704229,61.7283935546875,0.0,40.41015625
1786397380.7190497,61.7283935546875,67.4,40.41015625
1786397380.7407851,61.7283935546875,92.1,40.41015625
1786397380.753803,60.975608825683594,76.9,40.41015625
1786397380.7696896,60.975608825683594,62.9,40.41015625
1786397380.7838342,60.975608825683594,70.8,40.41015625
1786397380.798909,60.975608825683594,0.0,40.41015625
1786397380.8135736,60.975608825683594,67.5,40.41015625
1786397380.8301997,60.975608825683594,60.7,40.41015625
1786397380.8444533,60.975608825683594,0.0,40.41015625
1786397380.8608935,60.975608825683594,60.8,40.41015625
1786397380.8773167,60.975608825683594,0.0,40.41015625
1786397380.8937073,60.975608825683594,61.0,40.41015625
1786397380.9099505,62.11180114746094,0.0,40.41015625
1786397380.9268293,62.11180114746094,59.1,40.41015625
1786397380.9436185,62.11180114746094,59.7,40.41015625
1786397380.9604793,62.11180114746094,59.3,40.41015625
1786397380.9761968,62.11180114746094,0.0,40.41015625
1786397380.9936981,62.11180114746094,57.4,40.41015625
1786397381.0103495,62.11180114746094,59.8,40.4140625
1786397381.0242057,62.11180114746094,72.6,40.41796875
1786397381.0404446,62.11180114746094,61.2,40.41796875
1786397381.0610144,62.11180114746094,48.9,40.41796875
1786397381.079885,61.349693298339844,52.9,40.41796875
1786397381.0948408,61.349693298339844,67.0,40.41796875
1786397381.109452,61.349693298339844,68.4,40.41796875
1786397381.1205926,61.349693298339844,89.9,40.41796875
1786397381.137943,61.349693298339844,0.0,40.41796875
1786397381.1529675,61.349693298339844,66.6,40.41796875
1786397381.1708097,61.349693298339844,0.0,40.41796875
1786397381.1852598,61.349693298339844,69.1,40.41796875
1786397381.201024,61.349693298339844,0.0,40.41796875
1786397381.217292,61.349693298339844,61.5,40.41796875
1786397381.2370868,61.7283935546875,0.0,40.41796875
1786397381.2521596,61.7283935546875,66.6,40.41796875
1786397381.2832363,61.7283935546875,96.3,40.41796875
1786397381.3000813,61.7283935546875,59.5,40.41796875
1786397381.312626,61.7283935546875,159.7,40.41796875
1786397381.3257594,61.7283935546875,0.0,40.41796875
1786397381.343094,61.7283935546875,55.9,40.41796875
1786397381.3553872,61.7283935546875,85.5,40.41796875
1786397381.3718004,61.7283935546875,0.0,40.41796875
1786397381.38693,61.7283935546875,66.4,40.41796875
1786397381.402921,59.52381134033203,0.0,40.41796875
1786397381.4200287,59.52381134033203,58.5,40.41796875
1786397381.4355981,59.52381134033203,0.0,40.41796875
1786397381.4523697,59.52381134033203,59.6,40.41796875
1786397381.4704812,59.52381134033203,55.3,40.41796875
1786397381.4842918,59.52381134033203,0.0,40.41796875
1786397381.502356,59.52381134033203,54.9,40.41796875
1786397381.519594,59.52381134033203,58.4,40.421875
1786397381.5377882,59.52381134033203,54.9,40.421875
1786397381.5536222,59.52381134033203,63.2,40.421875
1786397381.5640635,62.11180114746094,191.2,40.421875
1786397381.5793626,62.11180114746094,0.0,40.421875
1786397381.5977607,62.11180114746094,54.2,40.421875
1786397381.6142514,62.11180114746094,0.0,40.421875
1786397381.6351583,62.11180114746094,47.8,40.421875
1786397381.652472,62.11180114746094,57.8,40.421875
1786397381.6683815,62.11180114746094,61.4,40.421875
1786397381.6760707,62.11180114746094,137.5,40.421875
1786397381.695159,62.11180114746094,52.2,40.421875
1786397381.7121422,62.11180114746094,58.5,40.421875
1786397381.725872,62.11180114746094,73.6,40.421875
1786397381.7418578,62.11180114746094,0.0,40.421875
1786397381.7582705,62.11180114746094,61.1,40.421875
1786397381.775753,62.11180114746094,0.0,40.421875
1786397381.791385,62.11180114746094,64.0,40.421875
1786397381.8108618,62.11180114746094,51.3,40.421875
1786397381.8265107,62.11180114746094,64.0,40.421875
1786397381.839067,62.11180114746094,0.0,40.421875
1786397381.8548326,62.11180114746094,0.0,40.421875
1786397381.877847,62.11180114746094,83.5,40.42578125
1786397381.898827,60.60606002807617,98.1,40.42578125
1786397381.9154947,60.60606002807617,60.8,40.42578125
1786397381.9261599,60.60606002807617,94.5,40.42578125
1786397381.9432502,60.60606002807617,58.4,40.42578125
1786397381.9560394,60.60606002807617,78.3,40.42578125
1786397381.974995,60.60606002807617,0.0,40.42578125
1786397381.9900267,60.60606002807617,66.2,40.42578125
1786397382.008686,60.60606002807617,53.8,40.42578125
1786397382.0240712,60.60606002807617,0.0,40.42578125
1786397382.0409112,60.60606002807617,59.4,40.4296875
1786397382.0601552,59.88024139404297,52.0,40.4296875
1786397382.084334,59.88024139404297,41.1,40.4296875
1786397382.0987666,59.88024139404297,139.4,40.4296875
1786397382.1123369,59.88024139404297,73.5,40.4296875
1786397382.1242485,59.88024139404297,0.0,40.4296875
1786397382.1432757,59.88024139404297,53.0,40.4296875
1786397382.1563542,59.88024139404297,76.4,40.4296875
1786397382.1744013,59.88024139404297,55.4,40.4296875
1786397382.1881652,59.88024139404297,72.9,40.4296875
1786397382.2081518,59.88024139404297,49.9,40.4296875
1786397382.223103,61.7283935546875,0.0,40.4296875
1786397382.2430856,61.7283935546875,100.0,40.4296875
1786397382.2545545,61.7283935546875,87.4,40.4296875
1786397382.2764487,61.7283935546875,45.7,40.4296875
1786397382.2886992,61.7283935546875,81.1,40.4296875
1786397382.3038723,61.7283935546875,66.1,40.4296875
1786397382.3194275,61.7283935546875,64.5,40.4296875
1786397382.344514,61.7283935546875,79.5,40.4296875
1786397382.359769,61.7283935546875,65.9,40.4296875
1786397382.370374,61.7283935546875,94.1,40.4296875
1786397382.3837824,60.975608825683594,74.8,40.4296875
1786397382.4003308,60.975608825683594,60.3,40.4296875
1786397382.4151814,60.975608825683594,0.0,40.4296875
1786397382.4337766,60.975608825683594,53.5,40.4296875
1786397382.44813,60.975608825683594,0.0,40.4296875
1786397382.4660323,60.975608825683594,55.6,40.4296875
1786397382.483748,60.975608825683594,56.5,40.4296875
1786397382.512424,60.975608825683594,69.5,40.4296875
1786397382.5263355,60.975608825683594,72.3,40.4296875
1786397382.5369968,60.975608825683594,188.3,40.4296875
1786397382.5525727,59.52381134033203,0.0,40.4296875
1786397382.5702372,59.52381134033203,56.6,40.43359375
1786397382.583896,59.52381134033203,73.0,40.43359375
1786397382.604059,59.52381134033203,0.0,40.43359375
1786397382.6170554,59.52381134033203,77.0,40.43359375
1786397382.6341703,59.52381134033203,0.0,40.43359375
1786397382.6509151,59.52381134033203,59.9,40.43359375
1786397382.6753771,59.52381134033203,40.3,40.43359375
1786397382.6874287,59.52381134033203,85.3,40.4375
1786397382.7099116,59.52381134033203,87.9,40.4375
1786397382.72633,60.240966796875,61.8,40.4375
1786397382.7366912,60.240966796875,96.8,40.4375
1786397382.750259,60.240966796875,73.8,40.4375
1786397382.7693825,60.240966796875,52.1,40.4375
1786397382.7876065,60.240966796875,109.8,40.4375
1786397382.8097646,60.240966796875,90.2,40.4375
1786397382.8202982,60.240966796875,95.5,40.4375
1786397382.8347507,60.240966796875,69.1,40.4375
1786397382.8491044,60.240966796875,0.0,40.4375
1786397382.8658617,60.240966796875,59.7,40.4375
1786397382.880013,60.975608825683594,70.8,40.4375
1786397382.897796,60.975608825683594,0.0,40.4375
1786397382.917171,60.975608825683594,51.9,40.4375
1786397382.9355407,60.975608825683594,54.4,40.4375
1786397382.9544172,60.975608825683594,107.2,40.4375
1786397382.9636137,60.975608825683594,108.3,40.4375
1786397382.983324,60.975608825683594,50.8,40.4375
1786397382.9993901,60.975608825683594,0.0,40.4375
1786397383.017379,60.975608825683594,112.0,40.4375
1786397383.0360987,60.975608825683594,53.3,40.4375
1786397383.0591972,61.349693298339844,86.5,40.4375
1786397383.0741525,61.349693298339844,132.2,40.4375
1786397383.082814,61.349693298339844,0.0,40.4375
1786397383.1014662,61.349693298339844,53.5,40.44140625
1786397383.115861,61.349693298339844,69.7,40.44140625
1786397383.1302226,61.349693298339844,69.5,40.44140625
1786397383.145671,61.349693298339844,0.0,40.44140625
1786397383.1673915,61.349693298339844,45.4,40.44140625
1786397383.1813157,61.349693298339844,73.6,40.44140625
1786397383.1993587,61.349693298339844,55.0,40.44140625
1786397383.22,60.240966796875,97.4,40.44140625
1786397383.2381396,60.240966796875,109.0,40.44140625
1786397383.2565727,60.240966796875,54.8,40.44140625
1786397383.2698717,60.240966796875,147.9,40.44140625
1786397383.2828403,60.240966796875,0.0,40.44140625
1786397383.2990263,60.240966796875,61.8,40.44140625
1786397383.3125362,60.240966796875,74.1,40.44140625
1786397383.3322673,60.240966796875,50.6,40.44140625
1786397383.3461516,60.240966796875,0.0,40.44140625
1786397383.360451,60.240966796875,140.3,40.44140625
1786397383.3763354,60.240966796875,62.9,40.44140625
1786397383.3930452,60.240966796875,0.0,40.44140625
1786397383.4179974,60.240966796875,40.0,40.44140625
1786397383.427929,60.240966796875,100.9,40.44140625
1786397383.4485412,60.240966796875,97.0,40.44140625
1786397383.4661448,60.240966796875,56.7,40.44140625
1786397383.4792717,60.240966796875,76.5,40.44140625
1786397383.4929416,60.240966796875,72.0,40.44140625
1786397383.506423,60.240966796875,74.6,40.44140625
1786397383.5221543,60.240966796875,0.0,40.4453125
1786397383.5431356,61.349693298339844,47.7,40.4453125
1786397383.5563376,61.349693298339844,75.7,40.4453125
1786397383.5774896,61.349693298339844,47.2,40.4453125
1786397383.5934534,61.349693298339844,62.8,40.4453125
1786397383.6150336,61.349693298339844,92.6,40.4453125
1786397383.6361496,61.349693298339844,94.5,40.44921875
1786397383.6535456,61.349693298339844,115.5,40.44921875
1786397383.6636457,61.349693298339844,98.1,40.44921875
1786397383.6800284,61.349693298339844,61.4,40.44921875
1786397383.6943648,61.349693298339844,69.7,40.44921875
1786397383.7112536,59.52381134033203,59.2,40.44921875
1786397383.7308898,59.52381134033203,50.8,40.44921875
1786397383.745819,59.52381134033203,134.3,40.44921875
1786397383.7663672,59.52381134033203,48.4,40.44921875
1786397383.777399,59.52381134033203,91.4,40.44921875
1786397383.7924309,59.52381134033203,66.7,40.44921875
1786397383.8108354,59.52381134033203,54.4,40.44921875
1786397383.8276925,59.52381134033203,59.3,40.44921875
1786397383.8413188,59.52381134033203,71.8,40.44921875
1786397383.8552895,59.52381134033203,72.8,40.44921875
1786397383.8719645,61.349693298339844,60.1,40.44921875
1786397383.8864884,61.349693298339844,68.8,40.44921875
1786397383.9024928,61.349693298339844,0.0,40.44921875
1786397383.918671,61.349693298339844,61.8,40.44921875
1786397383.93479,61.349693298339844,62.0,40.44921875
1786397383.9496126,61.349693298339844,0.0,40.44921875
1786397383.9682078,61.349693298339844,53.6,40.44921875
1786397383.981529,61.349693298339844,0.0,40.44921875
1786397384.00009,61.349693298339844,53.8,40.44921875
1786397384.0188737,61.349693298339844,106.7,40.44921875
1786397384.0404,62.5,46.4,40.44921875
1786397384.0602818,62.5,151.4,40.44921875
1786397384.0717177,62.5,87.0,40.44921875
1786397384.083259,62.5,87.1,40.44921875
1786397384.1002018,62.5,0.0,40.44921875
1786397384.1196163,62.5,51.6,40.44921875
1786397384.1350098,62.5,64.8,40.44921875
1786397384.1487405,62.5,0.0,40.453125
1786397384.167373,62.5,53.6,40.453125
1786397384.1821468,62.5,67.0,40.453125
1786397384.2004929,59.88024139404297,53.8,40.453125
1786397384.219945,59.88024139404297,52.4,40.453125
1786397384.2352166,59.88024139404297,65.5,40.453125
1786397384.251182,59.88024139404297,0.0,40.453125
1786397384.2659998,59.88024139404297,67.3,40.453125
1786397384.284167,59.88024139404297,55.0,40.453125
1786397384.312533,59.88024139404297,70.6,40.453125
1786397384.3269038,59.88024139404297,139.0,40.453125
1786397384.3434727,59.88024139404297,121.0,40.453125
1786397384.3510623,59.88024139404297,131.9,40.453125
1786397384.3713677,59.17159652709961,49.2,40.45703125
1786397384.3836377,59.17159652709961,0.0,40.45703125
1786397384.4053316,59.17159652709961,45.9,40.45703125
1786397384.4244719,59.17159652709961,103.4,40.45703125
1786397384.4391448,59.17159652709961,69.3,40.45703125
1786397384.4504657,59.17159652709961,88.8,40.45703125
1786397384.4693754,59.17159652709961,105.5,40.45703125
1786397384.4825847,59.17159652709961,75.8,40.45703125
1786397384.5031676,59.17159652709961,48.2,40.45703125
1786397384.5169706,59.17159652709961,0.0,40.45703125
1786397384.5299547,61.349693298339844,76.9,40.45703125
1786397384.5471892,61.349693298339844,0.0,40.45703125
1786397384.5624235,61.349693298339844,65.6,40.45703125
1786397384.5803006,61.349693298339844,56.0,40.45703125
1786397384.6018956,61.349693298339844,92.4,40.45703125
1786397384.6211374,61.349693298339844,103.6,40.45703125
1786397384.6406174,61.349693298339844,101.9,40.45703125
1786397384.6562512,61.349693298339844,129.8,40.45703125
1786397384.6678135,61.349693298339844,0.0,40.45703125
1786397384.6829944,61.349693298339844,66.6,40.4609375
1786397384.6989613,59.88024139404297,62.6,40.4609375
1786397384.7141018,59.88024139404297,65.9,40.4609375
1786397384.7358341,59.88024139404297,45.2,40.4609375
1786397384.745831,59.88024139404297,0.0,40.4609375
1786397384.763319,59.88024139404297,56.7,40.4609375
1786397384.783331,59.88024139404297,100.8,40.4609375
1786397384.7935972,59.88024139404297,0.0,40.4609375
1786397384.8170178,59.88024139404297,84.2,40.4609375
1786397384.8263772,59.88024139404297,110.8,40.4609375
1786397384.843463,59.88024139404297,58.4,40.4609375
1786397384.8595538,62.11180114746094,62.3,40.4609375
1786397384.8767939,62.11180114746094,58.0,40.4609375
1786397384.8898978,62.11180114746094,74.9,40.4609375
1786397384.9083774,62.11180114746094,0.0,40.4609375
1786397384.9204268,62.11180114746094,83.5,40.4609375
1786397384.9370255,62.11180114746094,0.0,40.4609375
1786397384.952248,62.11180114746094,65.7,40.4609375
1786397384.9720182,62.11180114746094,50.5,40.4609375
1786397384.986428,62.11180114746094,0.0,40.4609375
1786397385.0085294,62.11180114746094,90.5,40.4609375
1786397385.0224638,62.5,71.6,40.4609375
1786397385.0416222,62.5,51.9,40.4609375
1786397385.0544488,62.5,78.8,40.4609375
1786397385.073546,62.5,103.8,40.4609375
1786397385.084575,62.5,0.0,40.4609375
1786397385.1045074,62.5,100.2,40.4609375
1786397385.1193762,62.5,67.4,40.4609375
1786397385.1337626,62.5,68.7,40.4609375
1786397385.1482775,62.5,0.0,40.4609375
1786397385.166318,62.5,55.4,40.4609375
1786397385.1809835,61.7283935546875,68.5,40.4609375
1786397385.1997492,61.7283935546875,53.1,40.46484375
1786397385.2194698,61.7283935546875,101.7,40.46484375
1786397385.2377021,61.7283935546875,54.6,40.46875
1786397385.249833,61.7283935546875,82.8,40.46875
1786397385.2632813,61.7283935546875,74.2,40.46875
1786397385.278168,61.7283935546875,0.0,40.46875
1786397385.2954848,61.7283935546875,57.5,40.46875
1786397385.3103147,61.7283935546875,67.9,40.46875
1786397385.3277419,61.7283935546875,57.3,40.46875
1786397385.3448627,61.349693298339844,0.0,40.46875
1786397385.3597975,61.349693298339844,67.1,40.46875
1786397385.3798428,61.349693298339844,99.5,40.46875
1786397385.3931441,61.349693298339844,0.0,40.46875
1786397385.410864,61.349693298339844,56.8,40.46875
1786397385.4244306,61.349693298339844,73.6,40.46875
1786397385.4416566,61.349693298339844,58.0,40.46875
1786397385.4547353,61.349693298339844,76.7,40.46875
1786397385.4757504,61.349693298339844,47.4,40.46875
1786397385.4916682,61.349693298339844,63.1,40.46875
1786397385.5103614,62.11180114746094,53.3,40.46875
1786397385.5276322,62.11180114746094,58.2,40.46875
1786397385.537531,62.11180114746094,202.1,40.46875
1786397385.5536356,62.11180114746094,0.0,40.46875
1786397385.5762908,62.11180114746094,88.0,40.46875
1786397385.5924017,62.11180114746094,62.2,40.46875
1786397385.6039155,62.11180114746094,86.9,40.46875
1786397385.618287,62.11180114746094,69.4,40.46875
1786397385.6331632,62.11180114746094,66.1,40.46875
1786397385.6481664,62.11180114746094,0.0,40.46875
1786397385.6643095,62.11180114746094,61.9,40.46875
1786397385.6823854,62.11180114746094,55.4,40.46875
1786397385.6955235,62.11180114746094,0.0,40.47265625
1786397385.7123067,62.11180114746094,59.6,40.47265625
1786397385.7351637,62.11180114746094,43.5,40.47265625
1786397385.7550879,62.11180114746094,100.8,40.47265625
1786397385.7762218,62.11180114746094,94.6,40.47265625
1786397385.7930133,62.11180114746094,119.1,40.47265625
1786397385.8095107,62.11180114746094,60.3,40.47265625
1786397385.820721,62.11180114746094,90.3,40.47265625
1786397385.8355174,59.52381134033203,67.6,40.47265625
1786397385.850269,59.52381134033203,67.9,40.47265625
1786397385.8653715,59.52381134033203,65.8,40.47265625
1786397385.8808913,59.52381134033203,0.0,40.47265625
1786397385.9004931,59.52381134033203,50.8,40.47265625
1786397385.9177163,59.52381134033203,57.7,40.47265625
1786397385.932102,59.52381134033203,70.2,40.47265625
1786397385.9467258,59.52381134033203,68.6,40.47265625
1786397385.9734576,59.52381134033203,74.5,40.47265625
1786397385.9869316,59.52381134033203,149.4,40.47265625
1786397386.0024328,60.60606002807617,64.4,40.47265625
1786397386.0187044,60.60606002807617,61.7,40.47265625
1786397386.0343692,60.60606002807617,63.6,40.4765625
1786397386.045655,60.60606002807617,0.0,40.4765625
1786397386.062151,60.60606002807617,60.6,40.4765625
1786397386.082879,60.60606002807617,48.2,40.4765625
1786397386.101124,60.60606002807617,53.4,40.4765625
1786397386.1196082,60.60606002807617,111.4,40.4765625
1786397386.1390414,60.60606002807617,51.3,40.4765625
1786397386.150099,60.60606002807617,90.9,40.4765625
1786397386.1702425,60.975608825683594,99.2,40.4765625
1786397386.1842945,60.975608825683594,71.1,40.4765625
1786397386.2010443,60.975608825683594,116.0,40.4765625
1786397386.2143962,60.975608825683594,77.9,40.4765625
1786397386.2271707,60.975608825683594,77.7,40.48046875
1786397386.2437031,60.975608825683594,60.6,40.48046875
1786397386.2585196,60.975608825683594,0.0,40.48046875
1786397386.278943,60.975608825683594,47.9,40.48046875
1786397386.2941558,60.975608825683594,67.7,40.48046875
1786397386.310771,60.975608825683594,60.0,40.48046875
1786397386.3250394,62.5,70.4,40.48046875
1786397386.3391688,62.5,70.8,40.48046875
1786397386.3585358,62.5,103.1,40.48046875
1786397386.377468,62.5,52.8,40.48046875
1786397386.3886647,62.5,89.5,40.48046875
1786397386.4104042,62.5,46.0,40.48046875
1786397386.4222612,62.5,84.1,40.48046875
1786397386.4427292,62.5,97.8,40.48046875
1786397386.4545708,62.5,84.7,40.48046875
1786397386.4694061,62.5,67.1,40.48046875
1786397386.4852993,62.11180114746094,0.0,40.48046875
1786397386.500168,62.11180114746094,66.5,40.48046875
1786397386.5159054,62.11180114746094,64.2,40.48046875
1786397386.535059,62.11180114746094,52.2,40.48046875
1786397386.5478628,62.11180114746094,0.0,40.48046875
1786397386.5675032,62.11180114746094,50.6,40.48046875
1786397386.5810747,62.11180114746094,74.2,40.48046875
1786397386.5993595,62.11180114746094,54.6,40.48046875
1786397386.614211,62.11180114746094,67.5,40.48046875
1786397386.64739,62.11180114746094,60.2,40.48046875
1786397386.6609175,58.479530334472656,148.1,40.48046875
1786397386.6749492,58.479530334472656,71.4,40.48046875
1786397386.70083,58.479530334472656,77.1,40.48046875
1786397386.7109993,58.479530334472656,98.6,40.48046875
1786397386.7264254,58.479530334472656,64.8,40.48046875
1786397386.7449574,58.479530334472656,53.9,40.48046875
1786397386.7598252,58.479530334472656,67.3,40.484375
1786397386.775112,58.479530334472656,0.0,40.484375
1786397386.789712,58.479530334472656,68.3,40.484375
1786397386.811381,58.479530334472656,46.5,40.484375
1786397386.8243833,59.17159652709961,76.5,40.484375
1786397386.8379977,59.17159652709961,73.7,40.484375
1786397386.8535388,59.17159652709961,64.5,40.484375
1786397386.874582,59.17159652709961,47.4,40.48828125
1786397386.8861945,59.17159652709961,0.0,40.48828125
1786397386.918545,59.17159652709961,92.6,40.48828125
1786397386.9375303,59.17159652709961,105.0,40.48828125
1786397386.9495506,59.17159652709961,83.8,40.48828125
1786397386.9647071,59.17159652709961,65.9,40.48828125
1786397386.982872,59.17159652709961,55.0,40.48828125
1786397386.9969518,58.479530334472656,70.9,40.48828125
1786397387.0097475,58.479530334472656,0.0,40.48828125
1786397387.027884,58.479530334472656,55.0,40.48828125
1786397387.0432072,58.479530334472656,0.0,40.48828125
1786397387.0610456,58.479530334472656,56.0,40.48828125
1786397387.07783,58.479530334472656,59.3,40.48828125
1786397387.0952003,58.479530334472656,57.5,40.48828125
1786397387.1158123,58.479530334472656,97.3,40.48828125
1786397387.129763,58.479530334472656,71.4,40.48828125
1786397387.1454964,58.479530334472656,127.7,40.48828125
1786397387.1590812,62.11180114746094,0.0,40.48828125
1786397387.175644,62.11180114746094,60.4,40.48828125
1786397387.1923914,62.11180114746094,59.8,40.48828125
1786397387.2098274,62.11180114746094,114.6,40.48828125
1786397387.222116,62.11180114746094,0.0,40.48828125
1786397387.2494977,62.11180114746094,73.1,40.48828125
1786397387.263057,62.11180114746094,148.1,40.48828125
1786397387.2785568,62.11180114746094,64.9,40.48828125
1786397387.2941601,62.11180114746094,63.9,40.4921875
1786397387.3110032,62.11180114746094,118.8,40.4921875
1786397387.3219404,60.60606002807617,0.0,40.4921875
1786397387.3365605,60.60606002807617,68.6,40.4921875
1786397387.3533056,60.60606002807617,60.2,40.4921875
1786397387.3699918,60.60606002807617,59.9,40.4921875
1786397387.3845196,60.60606002807617,0.0,40.4921875
1786397387.404069,60.60606002807617,51.0,40.4921875
1786397387.4199378,60.60606002807617,63.1,40.4921875
1786397387.446325,60.60606002807617,75.7,40.4921875
1786397387.4579806,60.60606002807617,86.0,40.4921875
1786397387.4724412,60.60606002807617,69.3,40.4921875
1786397387.4859703,60.240966796875,74.0,40.4921875
1786397387.5050385,60.240966796875,52.3,40.4921875
1786397387.519541,60.240966796875,69.1,40.4921875
1786397387.5358808,60.240966796875,61.2,40.4921875
1786397387.551622,60.240966796875,63.4,40.4921875
1786397387.5689542,60.240966796875,0.0,40.4921875
1786397387.582832,60.240966796875,72.2,40.4921875
1786397387.6004841,60.240966796875,56.5,40.4921875
1786397387.615739,60.240966796875,65.7,40.4921875
1786397387.6390302,60.240966796875,42.6,40.4921875
1786397387.6520867,62.11180114746094,77.8,40.4921875
1786397387.667417,62.11180114746094,65.0,40.4921875
1786397387.6843307,62.11180114746094,59.2,40.4921875
1786397387.701551,62.11180114746094,58.0,40.4921875
1786397387.7183678,62.11180114746094,119.1,40.49609375
1786397387.733333,62.11180114746094,66.5,40.49609375
1786397387.7447376,62.11180114746094,88.0,40.49609375
1786397387.7597773,62.11180114746094,66.6,40.49609375
1786397387.7778914,62.11180114746094,0.0,40.49609375
1786397387.7925422,62.11180114746094,68.0,40.49609375
1786397387.8099563,62.11180114746094,115.9,40.5
1786397387.824237,62.11180114746094,0.0,40.5
1786397387.8436189,62.11180114746094,103.5,40.5
1786397387.856349,62.11180114746094,0.0,40.5
1786397387.8725703,62.11180114746094,62.3,40.5
1786397387.8892462,62.11180114746094,59.6,40.5
1786397387.9073803,62.11180114746094,55.2,40.5
1786397387.9207375,62.11180114746094,0.0,40.5
1786397387.9364984,62.11180114746094,63.5,40.5
1786397387.9512467,62.11180114746094,67.8,40.5
1786397387.9707785,62.11180114746094,51.2,40.5
1786397387.9859056,62.11180114746094,0.0,40.5
1786397388.012942,62.11180114746094,73.8,40.5
1786397388.0255,62.11180114746094,77.9,40.5
1786397388.0433316,62.11180114746094,57.0,40.5
1786397388.0623193,62.11180114746094,105.1,40.5
1786397388.0764797,62.11180114746094,70.8,40.5
1786397388.0915017,62.11180114746094,133.2,40.5
1786397388.1030767,62.11180114746094,0.0,40.5
1786397388.1199238,62.11180114746094,59.4,40.5
1786397388.1370437,60.975608825683594,58.4,40.5
1786397388.1526916,60.975608825683594,63.8,40.5
1786397388.167292,60.975608825683594,68.2,40.5
1786397388.1849287,60.975608825683594,56.9,40.5
1786397388.2006109,60.975608825683594,63.1,40.5
1786397388.2166057,60.975608825683594,63.0,40.5
1786397388.2378814,60.975608825683594,92.6,40.5
1786397388.2544465,60.975608825683594,61.6,40.5
1786397388.2675405,60.975608825683594,72.9,40.5
1786397388.2795298,60.975608825683594,88.2,40.5
1786397388.297667,61.7283935546875,55.0,40.5
1786397388.3143694,61.7283935546875,60.1,40.5
1786397388.328969,61.7283935546875,68.4,40.50390625
1786397388.341591,61.7283935546875,0.0,40.50390625
1786397388.3590345,61.7283935546875,57.5,40.50390625
1786397388.3759546,61.7283935546875,59.0,40.50390625
1786397388.3917494,61.7283935546875,0.0,40.50390625
1786397388.4102201,61.7283935546875,54.0,40.50390625
1786397388.4218056,61.7283935546875,86.2,40.50390625
1786397388.4423175,61.7283935546875,48.7,40.50390625
1786397388.458291,62.11180114746094,0.0,40.50390625
1786397388.477556,62.11180114746094,104.1,40.50390625
1786397388.4957542,62.11180114746094,54.9,40.50390625
1786397388.5155272,62.11180114746094,101.2,40.50390625
1786397388.5260723,62.11180114746094,94.6,40.50390625
1786397388.5429165,62.11180114746094,59.4,40.50390625
1786397388.5530627,62.11180114746094,0.0,40.50390625
1786397388.573708,62.11180114746094,96.7,40.5078125
1786397388.588957,62.11180114746094,0.0,40.5078125
1786397388.6087224,62.11180114746094,50.6,40.5078125
1786397388.622725,60.60606002807617,70.2,40.5078125
1786397388.6443973,60.60606002807617,46.6,40.5078125
1786397388.662718,60.60606002807617,107.0,40.5078125
1786397388.6780324,60.60606002807617,67.0,40.5078125
1786397388.690195,60.60606002807617,80.8,40.5078125
1786397388.7035754,60.60606002807617,76.1,40.5078125
1786397388.7170694,60.60606002807617,74.1,40.5078125
1786397388.7334826,60.60606002807617,0.0,40.5078125
1786397388.7476556,60.60606002807617,70.6,40.5078125
1786397388.7650485,60.60606002807617,56.3,40.5078125
1786397388.780502,62.11180114746094,0.0,40.5078125
1786397388.7985814,62.11180114746094,55.2,40.5078125
1786397388.8146877,62.11180114746094,62.3,40.5078125
1786397388.8301744,62.11180114746094,0.0,40.5078125
1786397388.854717,62.11180114746094,81.5,40.51171875
1786397388.868937,62.11180114746094,141.0,40.51171875
1786397388.8792782,62.11180114746094,96.0,40.51171875
1786397388.8927178,62.11180114746094,0.0,40.51171875
1786397388.9091406,62.11180114746094,60.8,40.51171875
1786397388.9259977,62.11180114746094,0.0,40.51171875
1786397388.9435534,62.11180114746094,56.9,40.51171875
1786397388.9597018,62.11180114746094,62.0,40.51171875
1786397388.9822104,62.11180114746094,44.2,40.51171875
1786397388.995325,62.11180114746094,76.6,40.51171875
1786397389.0079832,62.11180114746094,79.0,40.51171875
1786397389.0221345,62.11180114746094,0.0,40.51171875
1786397389.0399072,62.11180114746094,56.4,40.51171875
1786397389.0550866,62.11180114746094,0.0,40.51171875
1786397389.0737348,62.11180114746094,53.6,40.51171875
1786397389.0873842,62.11180114746094,0.0,40.51171875
1786397389.1079812,61.7283935546875,48.5,40.51171875
1786397389.1200945,61.7283935546875,82.9,40.51171875
1786397389.1360788,61.7283935546875,0.0,40.51171875
1786397389.1553924,61.7283935546875,51.7,40.51171875
1786397389.1712918,61.7283935546875,62.9,40.51171875
1786397389.1842606,61.7283935546875,77.1,40.51171875
1786397389.2054272,61.7283935546875,47.2,40.51171875
1786397389.2188177,61.7283935546875,74.9,40.51171875
1786397389.2406187,61.7283935546875,45.6,40.51171875
1786397389.2557874,61.7283935546875,66.3,40.51171875
1786397389.2747834,61.7283935546875,52.3,40.51171875
1786397389.287826,61.7283935546875,77.5,40.51171875
1786397389.300638,61.7283935546875,78.1,40.51171875
1786397389.313729,61.7283935546875,76.3,40.51171875
1786397389.33071,61.7283935546875,0.0,40.51171875
1786397389.347907,61.7283935546875,58.2,40.51171875
1786397389.3613615,61.7283935546875,0.0,40.515625
1786397389.3894267,61.7283935546875,71.1,40.51953125
1786397389.397359,61.7283935546875,126.0,40.51953125
1786397389.4119048,61.7283935546875,0.0,40.51953125
1786397389.4278727,61.7283935546875,0.0,40.51953125
1786397389.4449918,61.7283935546875,58.4,40.51953125
1786397389.4623785,61.7283935546875,57.5,40.51953125
1786397389.4785762,61.7283935546875,61.8,40.51953125
1786397389.4915998,61.7283935546875,0.0,40.51953125
1786397389.5090504,61.7283935546875,57.3,40.51953125
1786397389.5246377,61.7283935546875,0.0,40.51953125
1786397389.5401359,61.7283935546875,64.5,40.51953125
1786397389.558666,61.7283935546875,54.0,40.51953125
1786397389.5759933,61.7283935546875,57.7,40.51953125
1786397389.5903482,62.5,0.0,40.51953125
1786397389.6108701,62.5,48.6,40.51953125
1786397389.6253266,62.5,69.2,40.51953125
1786397389.6438234,62.5,54.1,40.51953125
1786397389.6585686,62.5,68.0,40.51953125
1786397389.6761396,62.5,113.4,40.51953125
1786397389.6913288,62.5,65.9,40.51953125
1786397389.7043428,62.5,0.0,40.51953125
1786397389.718623,62.5,70.2,40.51953125
1786397389.7391253,62.5,48.4,40.51953125
1786397389.7492473,62.11180114746094,100.6,40.51953125
1786397389.7658267,62.11180114746094,60.1,40.51953125
1786397389.7829642,62.11180114746094,0.0,40.51953125
1786397389.804383,62.11180114746094,46.6,40.51953125
1786397389.8149383,62.11180114746094,95.1,40.51953125
1786397389.833426,62.11180114746094,54.0,40.51953125
1786397389.8493712,62.11180114746094,62.4,40.51953125
1786397389.8642483,62.11180114746094,0.0,40.5234375
1786397389.8802626,62.11180114746094,62.6,40.5234375
1786397389.8956807,62.11180114746094,64.8,40.5234375
1786397389.9113276,61.349693298339844,0.0,40.5234375
1786397389.9304771,61.349693298339844,52.1,40.5234375
1786397389.9502966,61.349693298339844,50.5,40.5234375
1786397389.9600646,61.349693298339844,102.9,40.5234375
1786397389.9777763,61.349693298339844,56.3,40.5234375
1786397389.9957185,61.349693298339844,55.8,40.5234375
1786397390.0195532,61.349693298339844,83.7,40.5234375
1786397390.034563,61.349693298339844,133.4,40.5234375
1786397390.0469537,61.349693298339844,0.0,40.5234375
1786397390.061688,61.349693298339844,67.6,40.5234375
1786397390.0754237,61.349693298339844,73.2,40.5234375
1786397390.0900595,61.349693298339844,0.0,40.5234375
1786397390.1070528,61.349693298339844,58.7,40.5234375
1786397390.1231549,61.349693298339844,0.0,40.5234375
1786397390.138997,61.349693298339844,62.4,40.5234375
1786397390.1548684,61.349693298339844,0.0,40.5234375
1786397390.171804,61.349693298339844,58.8,40.5234375
1786397390.188148,61.349693298339844,0.0,40.5234375
1786397390.2129083,61.349693298339844,80.6,40.52734375
1786397390.228062,61.349693298339844,66.1,40.52734375
1786397390.2424378,62.11180114746094,69.7,40.52734375
1786397390.251099,62.11180114746094,115.0,40.52734375
1786397390.2708566,62.11180114746094,50.8,40.52734375
1786397390.2853146,62.11180114746094,0.0,40.52734375
1786397390.306114,62.11180114746094,95.9,40.52734375
1786397390.3199136,62.11180114746094,0.0,40.52734375
1786397390.3340244,62.11180114746094,70.6,40.52734375
1786397390.351151,62.11180114746094,58.5,40.52734375
1786397390.3724263,62.11180114746094,47.0,40.52734375
1786397390.389361,62.11180114746094,58.9,40.53125
1786397390.4123995,61.7283935546875,86.8,40.53125
1786397390.4218507,61.7283935546875,106.0,40.53125
1786397390.439056,61.7283935546875,57.9,40.53125
1786397390.4518123,61.7283935546875,0.0,40.53125
1786397390.4715195,61.7283935546875,50.7,40.53125
1786397390.482408,61.7283935546875,91.8,40.53125
1786397390.50263,61.7283935546875,48.4,40.53125
1786397390.5165775,61.7283935546875,73.9,40.53125
1786397390.5347724,61.7283935546875,55.2,40.53125
1786397390.5493405,61.7283935546875,68.7,40.53125
1786397390.5672336,60.240966796875,55.7,40.53125
1786397390.5844908,60.240966796875,57.9,40.53125
1786397390.5979102,60.240966796875,0.0,40.53125
1786397390.6147592,60.240966796875,59.6,40.53125
1786397390.629141,60.240966796875,68.6,40.53125
1786397390.6469088,60.240966796875,56.7,40.53125
1786397390.660858,60.240966796875,0.0,40.53125
1786397390.6771834,60.240966796875,61.2,40.53125
1786397390.691982,60.240966796875,0.0,40.53125
1786397390.7108896,60.240966796875,52.9,40.53125
1786397390.7270596,62.11180114746094,0.0,40.53125
1786397390.74205,62.11180114746094,66.9,40.53125
1786397390.7607863,62.11180114746094,53.4,40.53125
1786397390.78023,62.11180114746094,51.3,40.53125
1786397390.796073,62.11180114746094,63.1,40.53125
1786397390.815379,62.11180114746094,52.0,40.53125
1786397390.8255713,62.11180114746094,95.8,40.53125
1786397390.8473313,62.11180114746094,92.9,40.53125
1786397390.857529,62.11180114746094,98.2,40.53125
1786397390.874389,62.11180114746094,0.0,40.53125
1786397390.8894138,61.349693298339844,66.3,40.53125
1786397390.909752,61.349693298339844,49.2,40.53515625
1786397390.9209175,61.349693298339844,179.9,40.53515625
1786397390.940394,61.349693298339844,51.3,40.53515625
1786397390.956705,61.349693298339844,0.0,40.53515625
1786397390.9799247,61.349693298339844,86.5,40.53515625
1786397390.994024,61.349693298339844,71.2,40.53515625
1786397391.0095499,61.349693298339844,64.3,40.53515625
1786397391.023231,61.349693298339844,72.4,40.53515625
1786397391.0389013,61.349693298339844,64.1,40.5390625
1786397391.0531256,60.975608825683594,70.5,40.5390625
1786397391.0680218,60.975608825683594,0.0,40.5390625
1786397391.0848017,60.975608825683594,59.6,40.5390625
1786397391.1040568,60.975608825683594,51.7,40.5390625
1786397391.1228878,60.975608825683594,52.5,40.5390625
1786397391.1421762,60.975608825683594,52.3,40.5390625
1786397391.1545246,60.975608825683594,80.6,40.5390625
1786397391.1689317,60.975608825683594,70.1,40.5390625
1786397391.1888163,60.975608825683594,100.3,40.5390625
1786397391.2044387,60.975608825683594,64.2,40.5390625
1786397391.2186673,61.7283935546875,70.3,40.5390625
1786397391.2328453,61.7283935546875,70.2,40.5390625
1786397391.2472649,61.7283935546875,0.0,40.5390625
1786397391.2620459,61.7283935546875,67.7,40.5390625
1786397391.2784896,61.7283935546875,0.0,40.5390625
1786397391.2957594,61.7283935546875,57.9,40.5390625
1786397391.3143523,61.7283935546875,53.7,40.5390625
1786397391.3291028,61.7283935546875,67.5,40.5390625
1786397391.34262,61.7283935546875,0.0,40.5390625
1786397391.3603685,61.7283935546875,56.4,40.5390625
1786397391.3779235,62.5,56.8,40.5390625
1786397391.396555,62.5,105.2,40.5390625
1786397391.415332,62.5,53.2,40.5390625
1786397391.4288747,62.5,76.2,40.54296875
1786397391.4453492,62.5,60.8,40.54296875
1786397391.4574573,62.5,82.8,40.54296875
1786397391.4731584,62.5,0.0,40.54296875
1786397391.493361,62.5,49.6,40.54296875
1786397391.5088165,62.5,64.6,40.54296875
1786397391.5244777,62.5,63.3,40.54296875
1786397391.541297,60.975608825683594,0.0,40.54296875
1786397391.5541418,60.975608825683594,78.2,40.54296875
1786397391.569588,60.975608825683594,0.0,40.54296875
1786397391.588833,60.975608825683594,52.0,40.54296875
1786397391.6102152,60.975608825683594,46.8,40.54296875
1786397391.6196475,60.975608825683594,106.3,40.54296875
1786397391.6428542,60.975608825683594,43.0,40.54296875
1786397391.6530592,60.975608825683594,0.0,40.54296875
1786397391.673138,60.975608825683594,49.8,40.54296875
1786397391.6867778,60.975608825683594,73.2,40.54296875
1786397391.704608,60.60606002807617,0.0,40.54296875
1786397391.7190745,60.60606002807617,69.3,40.54296875
1786397391.736059,60.60606002807617,58.8,40.54296875
1786397391.752534,60.60606002807617,60.6,40.54296875
1786397391.781688,60.60606002807617,68.5,40.54296875
1786397391.7951515,60.60606002807617,74.4,40.54296875
1786397391.8114476,60.60606002807617,61.4,40.54296875
1786397391.8217785,60.60606002807617,96.4,40.54296875
1786397391.8411539,60.60606002807617,51.7,40.54296875
1786397391.8538895,60.60606002807617,78.8,40.54296875
1786397391.8709855,59.88024139404297,0.0,40.54296875
1786397391.8850627,59.88024139404297,71.3,40.546875
1786397391.904747,59.88024139404297,50.7,40.546875
1786397391.9176393,59.88024139404297,0.0,40.546875
1786397391.939962,59.88024139404297,44.6,40.546875
1786397391.9543872,59.88024139404297,69.5,40.55078125
1786397391.978431,59.88024139404297,41.6,40.55078125
1786397391.9882321,59.88024139404297,101.5,40.55078125
1786397392.002971,59.88024139404297,68.2,40.55078125
1786397392.0195494,59.88024139404297,60.3,40.55078125
1786397392.0354686,61.7283935546875,62.8,40.55078125
1786397392.0473928,61.7283935546875,0.0,40.55078125
1786397392.0669236,61.7283935546875,51.2,40.55078125
1786397392.0799203,61.7283935546875,77.1,40.55078125
1786397392.0968776,61.7283935546875,0.0,40.55078125
1786397392.1144168,61.7283935546875,114.3,40.55078125
1786397392.1281192,61.7283935546875,0.0,40.55078125
1786397392.1441932,61.7283935546875,62.2,40.55078125
1786397392.1639426,61.7283935546875,50.5,40.55078125
1786397392.1791167,61.7283935546875,0.0,40.55078125
1786397392.1957262,60.975608825683594,60.2,40.55078125
1786397392.2130318,60.975608825683594,0.0,40.55078125
1786397392.2289405,60.975608825683594,62.9,40.55078125
1786397392.2438514,60.975608825683594,0.0,40.55078125
1786397392.2613907,60.975608825683594,57.0,40.55078125
1786397392.277367,60.975608825683594,0.0,40.55078125
1786397392.295177,60.975608825683594,55.9,40.55078125
1786397392.3092775,60.975608825683594,0.0,40.55078125
1786397392.3269367,60.975608825683594,56.6,40.55078125
1786397392.3454044,60.975608825683594,108.2,40.55078125
1786397392.3588479,61.7283935546875,0.0,40.55078125
1786397392.3805463,61.7283935546875,92.1,40.55078125
1786397392.3962228,61.7283935546875,63.4,40.55078125
1786397392.4127383,61.7283935546875,61.1,40.55078125
1786397392.4249756,61.7283935546875,81.7,40.55078125
1786397392.4410298,61.7283935546875,0.0,40.55078125
1786397392.4536622,61.7283935546875,79.1,40.55078125
1786397392.4741333,61.7283935546875,48.9,40.5546875
1786397392.491061,61.7283935546875,59.0,40.5546875
1786397392.506992,61.7283935546875,62.7,40.5546875
1786397392.5236967,62.5,59.8,40.5546875
1786397392.5422382,62.5,53.4,40.5546875
1786397392.556546,62.5,138.5,40.5546875
1786397392.5770342,62.5,49.3,40.5546875
1786397392.5893342,62.5,81.5,40.5546875
1786397392.6002936,62.5,90.8,40.5546875
1786397392.6158156,62.5,65.1,40.5546875
1786397392.630435,62.5,0.0,40.5546875
1786397392.6457925,62.5,65.1,40.5546875
1786397392.6630385,62.5,0.0,40.5546875
1786397392.6789484,62.11180114746094,62.9,40.5546875
1786397392.6941366,62.11180114746094,0.0,40.55859375
1786397392.712291,62.11180114746094,54.7,40.55859375
1786397392.72904,62.11180114746094,0.0,40.55859375
1786397392.7471063,62.11180114746094,55.3,40.55859375
1786397392.7646163,62.11180114746094,57.1,40.55859375
1786397392.7831607,62.11180114746094,54.0,40.55859375
1786397392.7952569,62.11180114746094,0.0,40.55859375
1786397392.8144157,62.11180114746094,52.2,40.55859375
1786397392.8273125,62.11180114746094,77.8,40.55859375
1786397392.841841,60.975608825683594,0.0,40.55859375
1786397392.8661482,60.975608825683594,82.2,40.55859375
1786397392.881718,60.975608825683594,64.4,40.55859375
1786397392.8925984,60.975608825683594,91.7,40.55859375
1786397392.9086034,60.975608825683594,62.5,40.55859375
1786397392.9237983,60.975608825683594,66.0,40.55859375
1786397392.9402065,60.975608825683594,0.0,40.55859375
1786397392.956332,60.975608825683594,62.1,40.55859375
1786397392.972038,60.975608825683594,0.0,40.55859375
1786397392.9893525,60.975608825683594,58.7,40.5625
1786397393.0062976,62.11180114746094,58.8,40.5625
1786397393.0230033,62.11180114746094,60.1,40.5625
1786397393.0375836,62.11180114746094,0.0,40.5625
1786397393.0545256,62.11180114746094,59.1,40.5625
1786397393.07179,62.11180114746094,0.0,40.5625
1786397393.0853965,62.11180114746094,73.8,40.5625
1786397393.1049225,62.11180114746094,51.1,40.5625
1786397393.119954,62.11180114746094,66.7,40.5625
1786397393.1424148,62.11180114746094,44.2,40.5625
1786397393.1495044,62.11180114746094,144.1,40.5625
1786397393.1682603,62.11180114746094,51.6,40.5625
1786397393.1819022,62.11180114746094,76.6,40.5625
1786397393.1999013,62.11180114746094,55.5,40.5625
1786397393.2162867,62.11180114746094,61.1,40.5625
1786397393.2339964,62.11180114746094,0.0,40.5625
1786397393.2470682,62.11180114746094,76.5,40.5625
1786397393.264193,62.11180114746094,58.4,40.5625
1786397393.2788033,62.11180114746094,0.0,40.5625
1786397393.2956607,62.11180114746094,59.0,40.5625
1786397393.3117633,62.11180114746094,0.0,40.5625
1786397393.3288002,61.7283935546875,58.7,40.5625
1786397393.3441384,61.7283935546875,65.4,40.5625
1786397393.3624527,61.7283935546875,0.0,40.5625
1786397393.3800752,61.7283935546875,57.0,40.5625
1786397393.3951807,61.7283935546875,66.2,40.5625
1786397393.4124575,61.7283935546875,57.8,40.5625
1786397393.4254425,61.7283935546875,0.0,40.5625
1786397393.440999,61.7283935546875,64.3,40.5625
1786397393.4603832,61.7283935546875,0.0,40.5625
1786397393.4796948,61.7283935546875,51.7,40.5625
1786397393.4909172,60.975608825683594,89.8,40.5625
1786397393.5085616,60.975608825683594,56.6,40.56640625
1786397393.5252802,60.975608825683594,0.0,40.5703125
1786397393.5381253,60.975608825683594,77.1,40.5703125
1786397393.5540745,60.975608825683594,0.0,40.5703125
1786397393.5746274,60.975608825683594,48.7,40.5703125
1786397393.5890503,60.975608825683594,69.3,40.5703125
1786397393.611298,60.975608825683594,45.0,40.5703125
1786397393.629299,60.975608825683594,110.8,40.5703125
1786397393.6470504,60.975608825683594,54.8,40.5703125
1786397393.656352,61.7283935546875,111.8,40.5703125
1786397393.67095,61.7283935546875,0.0,40.5703125
1786397393.6872082,61.7283935546875,61.4,40.5703125
1786397393.7052498,61.7283935546875,55.2,40.5703125
1786397393.7196167,61.7283935546875,70.2,40.5703125
1786397393.7394466,61.7283935546875,50.0,40.5703125
1786397393.752109,61.7283935546875,79.9,40.5703125
1786397393.77039,61.7283935546875,54.7,40.5703125
1786397393.7818978,61.7283935546875,0.0,40.5703125
1786397393.7987163,61.7283935546875,59.4,40.5703125
1786397393.8149107,61.7283935546875,0.0,40.5703125
1786397393.8324332,61.7283935546875,56.9,40.5703125
1786397393.8562663,61.7283935546875,41.6,40.5703125
1786397393.8680668,61.7283935546875,84.5,40.5703125
1786397393.8861408,61.7283935546875,111.6,40.5703125
1786397393.897012,61.7283935546875,0.0,40.5703125
1786397393.912923,61.7283935546875,63.8,40.5703125
1786397393.931484,61.7283935546875,53.6,40.5703125
1786397393.9471188,61.7283935546875,0.0,40.5703125
1786397393.9604402,61.7283935546875,75.7,40.5703125
1786397393.982193,61.7283935546875,45.5,40.5703125
1786397394.0008686,61.7283935546875,53.9,40.5703125
1786397394.0127704,61.7283935546875,84.7,40.57421875
1786397394.0302207,61.7283935546875,57.3,40.57421875
1786397394.04232,61.7283935546875,0.0,40.57421875
1786397394.0581985,61.7283935546875,63.1,40.57421875
1786397394.0744483,61.7283935546875,0.0,40.57421875
1786397394.0903156,61.7283935546875,63.1,40.57421875
1786397394.1097615,61.7283935546875,51.4,40.57421875
1786397394.124192,61.7283935546875,0.0,40.57421875
1786397394.1400964,60.975608825683594,62.8,40.57421875
1786397394.160081,60.975608825683594,50.1,40.57421875
1786397394.177685,60.975608825683594,56.7,40.57421875
1786397394.1915069,60.975608825683594,72.5,40.57421875
1786397394.2098353,60.975608825683594,0.0,40.57421875
1786397394.226629,60.975608825683594,59.5,40.57421875
1786397394.2450354,60.975608825683594,54.3,40.57421875
1786397394.2600584,60.975608825683594,66.7,40.57421875
1786397394.2745562,60.975608825683594,69.0,40.57421875
1786397394.2915115,60.975608825683594,59.0,40.57421875
1786397394.3081222,60.975608825683594,60.2,40.57421875
1786397394.3264139,60.975608825683594,54.7,40.57421875
1786397394.3417835,60.975608825683594,64.9,40.57421875
1786397394.3587532,60.975608825683594,0.0,40.578125
1786397394.378681,60.975608825683594,100.6,40.578125
1786397394.395773,60.975608825683594,58.2,40.578125
1786397394.4125917,60.975608825683594,119.6,40.578125
1786397394.4209166,60.975608825683594,0.0,40.578125
1786397394.4347417,60.975608825683594,72.7,40.578125
1786397394.4507968,60.975608825683594,62.4,40.578125
1786397394.4670668,61.7283935546875,0.0,40.578125
1786397394.4830143,61.7283935546875,0.0,40.578125
1786397394.500229,61.7283935546875,58.0,40.578125
1786397394.5151348,61.7283935546875,0.0,40.578125
1786397394.531991,61.7283935546875,0.0,40.58203125
1786397394.5484548,61.7283935546875,61.5,40.58203125
1786397394.5668256,61.7283935546875,53.8,40.58203125
1786397394.582872,61.7283935546875,0.0,40.58203125
1786397394.597394,61.7283935546875,69.0,40.58203125
1786397394.6123784,61.7283935546875,0.0,40.58203125
1786397394.630653,61.7283935546875,54.5,40.58203125
1786397394.6576777,61.7283935546875,74.2,40.58203125
1786397394.6705546,61.7283935546875,77.7,40.58203125
1786397394.68013,61.7283935546875,104.8,40.58203125
1786397394.695859,61.7283935546875,0.0,40.58203125
1786397394.7125747,61.7283935546875,59.8,40.58203125
1786397394.7324607,61.7283935546875,99.2,40.58203125
1786397394.7423875,61.7283935546875,0.0,40.58203125
1786397394.759101,61.7283935546875,59.9,40.58203125
1786397394.775421,61.7283935546875,0.0,40.58203125
1786397394.7904108,61.7283935546875,66.9,40.58203125
1786397394.8118834,61.7283935546875,45.4,40.58203125
1786397394.8226008,61.7283935546875,98.1,40.58203125
1786397394.8439178,61.7283935546875,0.0,40.58203125
1786397394.8562586,61.7283935546875,81.2,40.58203125
1786397394.8770957,61.7283935546875,47.3,40.58203125
1786397394.890743,61.7283935546875,75.1,40.58203125
1786397394.9039512,61.7283935546875,75.6,40.58203125
1786397394.9184368,61.7283935546875,0.0,40.58203125
1786397394.9350076,61.7283935546875,60.3,40.58203125
1786397394.9515557,62.5,0.0,40.58203125
1786397394.9731152,62.5,91.3,40.58203125
1786397394.9854898,62.5,83.1,40.58203125
1786397394.9992158,62.5,0.0,40.58203125
1786397395.0172775,62.5,55.4,40.58203125
1786397395.0399659,62.5,43.8,40.58203125
1786397395.055881,62.5,124.5,40.5859375
1786397395.0755858,62.5,51.5,40.5859375
1786397395.085402,62.5,102.5,40.5859375
1786397395.0977206,62.5,80.8,40.5859375
1786397395.116802,61.7283935546875,52.4,40.5859375
1786397395.1307592,61.7283935546875,0.0,40.5859375
1786397395.1443477,61.7283935546875,74.0,40.5859375
1786397395.1595194,61.7283935546875,0.0,40.5859375
1786397395.1765232,61.7283935546875,58.8,40.5859375
1786397395.1930053,61.7283935546875,0.0,40.58984375
1786397395.210099,61.7283935546875,58.5,40.58984375
1786397395.2257133,61.7283935546875,64.0,40.58984375
1786397395.2420766,61.7283935546875,0.0,40.58984375
1786397395.2599535,61.7283935546875,56.0,40.58984375
1786397395.2777567,62.11180114746094,56.1,40.58984375
1786397395.292463,62.11180114746094,68.1,40.58984375
1786397395.311285,62.11180114746094,53.2,40.58984375
1786397395.3255985,62.11180114746094,69.8,40.58984375
1786397395.3430946,62.11180114746094,57.2,40.58984375
1786397395.35575,62.11180114746094,78.5,40.58984375
1786397395.374899,62.11180114746094,52.5,40.58984375
1786397395.3879802,62.11180114746094,0.0,40.58984375
1786397395.4120998,62.11180114746094,82.8,40.58984375
1786397395.427405,62.11180114746094,63.6,40.58984375
1786397395.445914,61.7283935546875,110.6,40.58984375
1786397395.4577267,61.7283935546875,84.8,40.58984375
1786397395.4723184,61.7283935546875,0.0,40.58984375
1786397395.4859817,61.7283935546875,74.3,40.58984375
1786397395.50137,61.7283935546875,0.0,40.58984375
1786397395.517628,61.7283935546875,61.6,40.58984375
1786397395.538134,61.7283935546875,48.5,40.58984375
1786397395.555827,61.7283935546875,112.2,40.58984375
1786397395.577035,61.7283935546875,47.6,40.59375
1786397395.5879073,61.7283935546875,91.9,40.59375
1786397395.6098883,60.975608825683594,90.5,40.59375
1786397395.6234887,60.975608825683594,72.5,40.59375
1786397395.6353552,60.975608825683594,86.9,40.59375
1786397395.6510446,60.975608825683594,0.0,40.59375
1786397395.6759102,60.975608825683594,80.2,40.59375
1786397395.6844828,60.975608825683594,117.8,40.59375
1786397395.6971254,60.975608825683594,0.0,40.59375
1786397395.7146852,60.975608825683594,0.0,40.59375
1786397395.730616,60.975608825683594,62.8,40.59375
1786397395.7486804,60.975608825683594,0.0,40.59375
1786397395.7636912,61.349693298339844,66.5,40.59375
1786397395.7784526,61.349693298339844,67.8,40.59375
1786397395.7957072,61.349693298339844,0.0,40.59375
1786397395.8158028,61.349693298339844,49.8,40.59375
1786397395.8347754,61.349693298339844,104.4,40.59375
1786397395.8523903,61.349693298339844,113.9,40.59375
1786397395.86282,61.349693298339844,96.8,40.59375
1786397395.8768542,61.349693298339844,71.2,40.59375
1786397395.8956063,61.349693298339844,53.0,40.59375
1786397395.9112742,61.349693298339844,64.5,40.59375
1786397395.9235137,61.7283935546875,0.0,40.59375
1786397395.9413922,61.7283935546875,55.9,40.59375
1786397395.957078,61.7283935546875,63.9,40.59375
1786397395.9755363,61.7283935546875,0.0,40.59375
1786397395.9911618,61.7283935546875,64.1,40.59375
1786397396.0083807,61.7283935546875,57.9,40.59765625
1786397396.0246997,61.7283935546875,0.0,40.59765625
1786397396.0391963,61.7283935546875,68.3,40.59765625
1786397396.0539572,61.7283935546875,68.3,40.59765625
1786397396.0754476,61.7283935546875,46.6,40.59765625
1786397396.0869567,62.5,86.9,40.6015625
1786397396.1044471,62.5,56.9,40.6015625
1786397396.1200712,62.5,0.0,40.6015625
1786397396.1383305,62.5,54.9,40.6015625
1786397396.1520047,62.5,73.2,40.6015625
1786397396.1747298,62.5,88.0,40.6015625
1786397396.186253,62.5,86.8,40.6015625
1786397396.2098875,62.5,42.2,40.6015625
1786397396.224583,62.5,68.2,40.6015625
1786397396.2380972,62.5,74.0,40.6015625
1786397396.2516253,60.975608825683594,73.5,40.6015625
1786397396.2685406,60.975608825683594,58.5,40.6015625
1786397396.2809012,60.975608825683594,82.9,40.6015625
1786397396.2973359,60.975608825683594,60.1,40.6015625
1786397396.316599,60.975608825683594,52.4,40.6015625
1786397396.3367808,60.975608825683594,49.4,40.6015625
1786397396.3514535,60.975608825683594,68.3,40.6015625
1786397396.364664,60.975608825683594,75.6,40.6015625
1786397396.3809333,60.975608825683594,61.7,40.6015625
1786397396.3980246,60.975608825683594,58.3,40.6015625
1786397396.4144833,61.7283935546875,60.9,40.6015625
1786397396.430149,61.7283935546875,63.8,40.6015625
1786397396.444561,61.7283935546875,69.3,40.6015625
1786397396.4599435,61.7283935546875,0.0,40.6015625
1786397396.475759,61.7283935546875,63.3,40.6015625
1786397396.4942083,61.7283935546875,54.2,40.6015625
1786397396.5116997,61.7283935546875,56.4,40.6015625
1786397396.525582,61.7283935546875,0.0,40.6015625
1786397396.5399885,61.7283935546875,69.4,40.6015625
1786397396.558075,61.7283935546875,0.0,40.6015625
1786397396.5756567,61.7283935546875,56.8,40.6015625
1786397396.5953236,61.7283935546875,50.9,40.6015625
1786397396.6108065,61.7283935546875,64.6,40.60546875
1786397396.6236513,61.7283935546875,77.7,40.60546875
1786397396.641728,61.7283935546875,54.9,40.60546875
1786397396.6545572,61.7283935546875,78.6,40.60546875
1786397396.6745307,61.7283935546875,50.2,40.60546875
1786397396.6890724,61.7283935546875,66.4,40.60546875
1786397396.7059429,61.7283935546875,60.4,40.60546875
1786397396.719415,61.7283935546875,0.0,40.60546875
1786397396.7396476,62.11180114746094,49.4,40.60546875
1786397396.7525601,62.11180114746094,77.2,40.60546875
1786397396.7745843,62.11180114746094,90.8,40.60546875
1786397396.789729,62.11180114746094,64.9,40.60546875
1786397396.8042376,62.11180114746094,140.4,40.60546875
1786397396.8133068,62.11180114746094,0.0,40.60546875
1786397396.8334563,62.11180114746094,97.4,40.609375
1786397396.8480158,62.11180114746094,0.0,40.609375
1786397396.8641233,62.11180114746094,62.1,40.609375
1786397396.8791115,62.11180114746094,66.8,40.609375
1786397396.8948977,61.7283935546875,0.0,40.609375
1786397396.9168308,61.7283935546875,45.7,40.609375
1786397396.9316032,61.7283935546875,66.6,40.609375
1786397396.9446218,61.7283935546875,0.0,40.609375
1786397396.9608734,61.7283935546875,61.6,40.609375
1786397396.9842403,61.7283935546875,42.7,40.609375
1786397397.005641,61.7283935546875,85.7,40.609375
1786397397.0218153,61.7283935546875,69.9,40.609375
1786397397.0326092,61.7283935546875,92.9,40.609375
1786397397.0462058,61.7283935546875,0.0,40.609375
1786397397.0618663,59.88024139404297,63.9,40.609375
1786397397.0781639,59.88024139404297,0.0,40.609375
1786397397.095189,59.88024139404297,0.0,40.609375
1786397397.112128,59.88024139404297,58.1,40.609375
1786397397.12755,59.88024139404297,66.1,40.61328125
1786397397.1431558,59.88024139404297,0.0,40.61328125
1786397397.162386,59.88024139404297,51.9,40.61328125
1786397397.1799567,59.88024139404297,57.0,40.61328125
1786397397.1943312,59.88024139404297,69.6,40.61328125
1786397397.2135537,59.88024139404297,52.0,40.61328125
1786397397.2281878,61.7283935546875,0.0,40.61328125
1786397397.2439916,61.7283935546875,63.4,40.61328125
1786397397.26041,61.7283935546875,61.0,40.61328125
1786397397.2779217,61.7283935546875,56.9,40.61328125
1786397397.2941968,61.7283935546875,61.6,40.61328125
1786397397.311377,61.7283935546875,57.7,40.61328125
1786397397.3246737,61.7283935546875,75.8,40.61328125
1786397397.3415964,61.7283935546875,59.1,40.61328125
1786397397.35906,61.7283935546875,57.3,40.61328125
1786397397.3804932,61.7283935546875,46.7,40.61328125
1786397397.3912969,61.7283935546875,92.1,40.61328125
1786397397.4148915,61.7283935546875,84.8,40.61328125
1786397397.4273918,61.7283935546875,80.0,40.61328125
1786397397.440397,61.7283935546875,76.8,40.61328125
1786397397.4540086,61.7283935546875,73.6,40.61328125
1786397397.4740522,61.7283935546875,49.9,40.61328125
1786397397.4871545,61.7283935546875,0.0,40.61328125
1786397397.5066423,61.7283935546875,51.0,40.61328125
1786397397.5245502,61.7283935546875,55.9,40.61328125
1786397397.5418456,61.7283935546875,115.9,40.61328125
1786397397.5546677,60.60606002807617,77.0,40.61328125
1786397397.5693197,60.60606002807617,69.0,40.61328125
1786397397.5839865,60.60606002807617,0.0,40.61328125
1786397397.6001172,60.60606002807617,62.0,40.61328125
1786397397.6155572,60.60606002807617,0.0,40.61328125
1786397397.6318107,60.60606002807617,61.1,40.61328125
1786397397.6505725,60.60606002807617,0.0,40.6171875
1786397397.6740608,60.60606002807617,85.1,40.62109375
1786397397.6907928,60.60606002807617,59.8,40.62109375
1786397397.7018201,60.60606002807617,88.5,40.62109375
1786397397.714401,61.7283935546875,81.3,40.62109375
1786397397.729105,61.7283935546875,0.0,40.62109375
1786397397.7461424,61.7283935546875,0.0,40.62109375
1786397397.7631414,61.7283935546875,58.9,40.62109375
1786397397.780262,61.7283935546875,58.5,40.62109375
1786397397.7941504,61.7283935546875,0.0,40.62109375
1786397397.8114507,61.7283935546875,57.8,40.62109375
1786397397.8295362,61.7283935546875,0.0,40.62109375
1786397397.8445904,61.7283935546875,66.5,40.62109375
1786397397.860151,61.7283935546875,0.0,40.62109375
1786397397.8771062,60.975608825683594,58.6,40.62109375
1786397397.8958118,60.975608825683594,53.4,40.62109375
1786397397.9159117,60.975608825683594,49.9,40.62109375
1786397397.9340122,60.975608825683594,110.7,40.62109375
1786397397.9513948,60.975608825683594,57.6,40.62109375
1786397397.959974,60.975608825683594,117.1,40.62109375
1786397397.9755926,60.975608825683594,0.0,40.62109375
1786397397.9907277,60.975608825683594,66.1,40.62109375
1786397398.007275,60.975608825683594,0.0,40.62109375
1786397398.0231278,60.975608825683594,63.1,40.62109375
1786397398.0444393,61.349693298339844,46.9,40.62109375
1786397398.0575051,61.349693298339844,0.0,40.62109375
1786397398.074206,61.349693298339844,59.9,40.62109375
1786397398.0912445,61.349693298339844,0.0,40.62109375
1786397398.1092968,61.349693298339844,110.7,40.62109375
1786397398.1226563,61.349693298339844,0.0,40.62109375
1786397398.1406693,61.349693298339844,55.5,40.62109375
1786397398.1558692,61.349693298339844,65.8,40.625
1786397398.173867,61.349693298339844,0.0,40.625
1786397398.1893477,61.349693298339844,64.6,40.625
1786397398.206368,61.7283935546875,58.7,40.625
1786397398.2190142,61.7283935546875,0.0,40.625
1786397398.236372,61.7283935546875,57.5,40.625
1786397398.2535841,61.7283935546875,58.1,40.625
1786397398.2744174,61.7283935546875,47.9,40.625
1786397398.2881887,61.7283935546875,72.0,40.625
1786397398.3037968,61.7283935546875,64.4,40.625
1786397398.3158937,61.7283935546875,83.3,40.625
1786397398.3378024,61.7283935546875,44.3,40.625
1786397398.3507426,61.7283935546875,81.5,40.625
1786397398.3645008,62.5,0.0,40.625
1786397398.380276,62.5,63.5,40.625
1786397398.396228,62.5,0.0,40.625
1786397398.4146488,62.5,54.3,40.625
1786397398.4294302,62.5,67.6,40.625
1786397398.4438884,62.5,0.0,40.625
1786397398.4644597,62.5,47.9,40.625
1786397398.478986,62.5,70.2,40.625
1786397398.4944031,62.5,64.9,40.625
1786397398.5123885,62.5,55.6,40.62890625
1786397398.5271275,61.349693298339844,0.0,40.62890625
1786397398.543716,61.349693298339844,60.4,40.62890625
1786397398.5586185,61.349693298339844,67.1,40.62890625
1786397398.5751932,61.349693298339844,60.3,40.62890625
1786397398.5918565,61.349693298339844,60.0,40.62890625
1786397398.6160283,61.349693298339844,41.2,40.62890625
1786397398.6256506,61.349693298339844,104.7,40.62890625
1786397398.643285,61.349693298339844,56.6,40.62890625
1786397398.6579063,61.349693298339844,68.3,40.62890625
1786397398.6774046,61.349693298339844,51.3,40.6328125
1786397398.6927662,62.11180114746094,65.1,40.6328125
1786397398.7145317,62.11180114746094,91.8,40.6328125
1786397398.7309716,62.11180114746094,60.5,40.6328125
1786397398.7434592,62.11180114746094,81.0,40.6328125
1786397398.7565546,62.11180114746094,76.0,40.6328125
1786397398.777855,62.11180114746094,94.1,40.6328125
1786397398.7916179,62.11180114746094,72.4,40.6328125
1786397398.8063312,62.11180114746094,67.1,40.6328125
1786397398.8178082,62.11180114746094,88.7,40.6328125
1786397398.8363473,62.11180114746094,53.7,40.6328125
1786397398.8563476,60.975608825683594,50.0,40.6328125
1786397398.8693142,60.975608825683594,77.4,40.6328125
1786397398.887447,60.975608825683594,54.7,40.6328125
1786397398.9010556,60.975608825683594,73.0,40.6328125
1786397398.9138725,60.975608825683594,0.0,40.6328125
1786397398.9308572,60.975608825683594,58.9,40.6328125
1786397398.9456923,60.975608825683594,0.0,40.6328125
1786397398.9618688,60.975608825683594,61.5,40.6328125
1786397398.9806495,60.975608825683594,0.0,40.6328125
1786397398.9955647,60.975608825683594,67.1,40.6328125
1786397399.0175345,62.5,45.4,40.6328125
1786397399.0285015,62.5,91.1,40.6328125
1786397399.0458686,62.5,0.0,40.6328125
1786397399.0635233,62.5,112.2,40.6328125
1786397399.0801902,62.5,60.8,40.6328125
1786397399.09433,62.5,70.9,40.6328125
1786397399.1088102,62.5,69.0,40.6328125
1786397399.1279657,62.5,0.0,40.6328125
1786397399.1420484,62.5,70.8,40.6328125
1786397399.158405,62.5,0.0,40.6328125
1786397399.1742477,61.349693298339844,63.1,40.6328125
1786397399.1904056,61.349693298339844,61.9,40.63671875
1786397399.2088366,61.349693298339844,0.0,40.63671875
1786397399.2247415,61.349693298339844,62.8,40.63671875
1786397399.2447174,61.349693298339844,50.0,40.63671875
1786397399.255034,61.349693298339844,97.4,40.63671875
1786397399.2783659,61.349693298339844,42.7,40.63671875
1786397399.2900865,61.349693298339844,85.4,40.63671875
1786397399.3101606,61.349693298339844,49.8,40.63671875
1786397399.3205152,61.349693298339844,0.0,40.640625
1786397399.3368251,61.7283935546875,61.2,40.640625
1786397399.3524394,61.7283935546875,0.0,40.640625
1786397399.3711123,61.7283935546875,53.5,40.640625
1786397399.3873227,61.7283935546875,61.6,40.640625
1786397399.4075193,61.7283935546875,49.5,40.640625
1786397399.4186864,61.7283935546875,89.8,40.640625
1786397399.4415212,61.7283935546875,43.7,40.640625
1786397399.4573565,61.7283935546875,126.7,40.640625
1786397399.475023,61.7283935546875,56.5,40.640625
1786397399.4864838,61.7283935546875,174.5,40.640625
1786397399.5022643,61.7283935546875,0.0,40.640625
1786397399.5148478,61.7283935546875,162.4,40.640625
1786397399.5310311,61.7283935546875,0.0,40.640625
1786397399.547519,61.7283935546875,60.5,40.640625
1786397399.5627217,61.7283935546875,0.0,40.640625
1786397399.579065,61.7283935546875,61.3,40.640625
1786397399.5956538,61.7283935546875,60.2,40.640625
1786397399.6126227,61.7283935546875,0.0,40.640625
1786397399.6274889,61.7283935546875,67.1,40.640625
1786397399.642467,61.7283935546875,0.0,40.640625
1786397399.6586483,62.5,61.8,40.640625
1786397399.6809652,62.5,44.7,40.640625
1786397399.702017,62.5,91.5,40.640625
1786397399.712458,62.5,103.6,40.64453125
1786397399.7256515,62.5,0.0,40.64453125
1786397399.7402196,62.5,68.6,40.64453125
1786397399.7608612,62.5,0.0,40.64453125
1786397399.7746217,62.5,73.8,40.64453125
1786397399.7920043,62.5,57.5,40.64453125
1786397399.8069332,62.5,0.0,40.64453125
1786397399.8279824,60.240966796875,47.2,40.64453125
1786397399.848685,60.240966796875,96.9,40.64453125
1786397399.8633423,60.240966796875,68.0,40.64453125
1786397399.8797386,60.240966796875,122.6,40.64453125
1786397399.893101,60.240966796875,74.9,40.64453125
1786397399.9115915,60.240966796875,54.0,40.64453125
1786397399.9227996,60.240966796875,89.5,40.64453125
1786397399.937983,60.240966796875,0.0,40.64453125
1786397399.9544759,60.240966796875,60.9,40.64453125
1786397399.976859,60.240966796875,44.8,40.64453125
1786397399.9894907,61.7283935546875,79.1,40.64453125
1786397400.010122,61.7283935546875,48.3,40.64453125
1786397400.0332816,61.7283935546875,86.3,40.64453125
1786397400.0497096,61.7283935546875,121.8,40.64453125
1786397400.058172,61.7283935546875,0.0,40.64453125
1786397400.0752776,61.7283935546875,58.5,40.64453125
1786397400.0881922,61.7283935546875,77.3,40.64453125
1786397400.1048,61.7283935546875,0.0,40.64453125
1786397400.1196673,61.7283935546875,67.2,40.64453125
1786397400.136425,61.7283935546875,59.6,40.64453125
1786397400.1507456,60.60606002807617,0.0,40.6484375
1786397400.1677806,60.60606002807617,58.8,40.6484375
1786397400.183702,60.60606002807617,0.0,40.6484375
1786397400.1983974,60.60606002807617,67.8,40.6484375
1786397400.2144675,60.60606002807617,0.0,40.6484375
1786397400.2303884,60.60606002807617,62.8,40.65234375
1786397400.2459269,60.60606002807617,0.0,40.65234375
1786397400.2636871,60.60606002807617,112.3,40.65234375
1786397400.2795792,60.60606002807617,0.0,40.65234375
1786397400.2951288,60.60606002807617,64.3,40.65234375
1786397400.3111322,62.11180114746094,0.0,40.65234375
1786397400.327991,62.11180114746094,59.3,40.65234375
1786397400.3434799,62.11180114746094,0.0,40.65234375
1786397400.358981,62.11180114746094,64.5,40.65234375
1786397400.3777719,62.11180114746094,0.0,40.65234375
1786397400.3929346,62.11180114746094,66.1,40.65234375
1786397400.409729,62.11180114746094,0.0,40.65234375
1786397400.4256883,62.11180114746094,62.6,40.65234375
1786397400.445322,62.11180114746094,50.7,40.65234375
1786397400.4598603,62.11180114746094,0.0,40.65234375
1786397400.4817803,62.11180114746094,136.6,40.65234375
1786397400.4959986,62.11180114746094,70.5,40.65234375
1786397400.5097225,62.11180114746094,0.0,40.65234375
1786397400.5259984,62.11180114746094,61.7,40.65234375
1786397400.540175,62.11180114746094,70.6,40.65234375
1786397400.5543792,62.11180114746094,0.0,40.65234375
1786397400.5730705,62.11180114746094,53.4,40.65234375
1786397400.5871127,62.11180114746094,0.0,40.65234375
1786397400.605285,62.11180114746094,55.5,40.65234375
1786397400.619772,62.11180114746094,69.4,40.65234375
1786397400.6436725,61.7283935546875,41.3,40.65234375
1786397400.6569602,61.7283935546875,153.7,40.65234375
1786397400.6756468,61.7283935546875,53.5,40.65234375
1786397400.6921616,61.7283935546875,60.7,40.65234375
1786397400.704842,61.7283935546875,155.1,40.65234375
1786397400.7167637,61.7283935546875,0.0,40.65234375
1786397400.733851,61.7283935546875,58.6,40.65234375
1786397400.748485,61.7283935546875,68.5,40.65625
1786397400.7655234,61.7283935546875,58.5,40.65625
1786397400.7815795,61.7283935546875,0.0,40.65625
1786397400.7950914,61.7283935546875,74.9,40.65625
1786397400.8126435,61.7283935546875,0.0,40.65625
1786397400.8296566,61.7283935546875,58.5,40.65625
1786397400.8472147,61.7283935546875,57.3,40.65625
1786397400.8625057,61.7283935546875,65.4,40.65625
1786397400.8809896,61.7283935546875,0.0,40.65625
1786397400.8920815,61.7283935546875,92.3,40.65625
1786397400.9115477,61.7283935546875,51.2,40.65625
1786397400.928212,61.7283935546875,0.0,40.65625
1786397400.942569,61.7283935546875,69.8,40.65625
1786397400.9620633,61.7283935546875,51.1,40.65625
1786397400.9813118,61.7283935546875,52.0,40.66015625
1786397400.9994159,61.7283935546875,55.1,40.66015625
1786397401.0189872,61.7283935546875,102.4,40.66015625
1786397401.0305877,61.7283935546875,172.0,40.66015625
1786397401.044131,61.7283935546875,74.1,40.66015625
1786397401.059572,61.7283935546875,0.0,40.66015625
1786397401.076802,61.7283935546875,58.1,40.66015625
1786397401.0918796,61.7283935546875,66.3,40.66015625
1786397401.108028,61.7283935546875,0.0,40.66015625
1786397401.130434,60.975608825683594,44.4,40.66015625
1786397401.1493444,60.975608825683594,105.2,40.66015625
1786397401.1599584,60.975608825683594,96.4,40.66015625
1786397401.177339,60.975608825683594,57.5,40.66015625
1786397401.1917017,60.975608825683594,69.4,40.66015625
1786397401.2116945,60.975608825683594,49.9,40.66015625
1786397401.2238579,60.975608825683594,82.8,40.66015625
1786397401.2406027,60.975608825683594,59.7,40.66015625
1786397401.2547636,60.975608825683594,70.2,40.66015625
1786397401.2700925,60.975608825683594,65.3,40.6640625
1786397401.2853563,61.7283935546875,0.0,40.6640625
1786397401.3020267,61.7283935546875,59.9,40.6640625
1786397401.3172781,61.7283935546875,0.0,40.6640625
1786397401.3341143,61.7283935546875,59.3,40.6640625
1786397401.3507316,61.7283935546875,0.0,40.6640625
1786397401.3683696,61.7283935546875,56.5,40.6640625
1786397401.3824115,61.7283935546875,71.6,40.6640625
1786397401.4008048,61.7283935546875,54.3,40.6640625
1786397401.4157145,61.7283935546875,0.0,40.6640625
1786397401.4307027,61.7283935546875,0.0,40.6640625
1786397401.447346,61.7283935546875,60.1,40.6640625
1786397401.4617596,61.7283935546875,0.0,40.6640625
1786397401.4782538,61.7283935546875,60.6,40.6640625
1786397401.4944236,61.7283935546875,0.0,40.6640625
1786397401.5104578,61.7283935546875,62.3,40.6640625
1786397401.5268438,61.7283935546875,0.0,40.6640625
1786397401.5448408,61.7283935546875,111.1,40.6640625
1786397401.5635116,61.7283935546875,0.0,40.6640625
1786397401.582262,61.7283935546875,106.8,40.6640625
1786397401.5954685,61.7283935546875,0.0,40.6640625
1786397401.6085923,62.5,76.4,40.6640625
1786397401.6245136,62.5,62.8,40.6640625
1786397401.6421587,62.5,0.0,40.6640625
1786397401.654876,62.5,79.2,40.6640625
1786397401.6721225,62.5,0.0,40.6640625
1786397401.6868644,62.5,68.0,40.6640625
1786397401.7033792,62.5,0.0,40.6640625
1786397401.721747,62.5,54.4,40.6640625
1786397401.7440372,62.5,44.5,40.6640625
1786397401.7672758,62.5,129.9,40.6640625
1786397401.7823904,59.17159652709961,66.3,40.6640625
1786397401.7961776,59.17159652709961,72.6,40.66796875
1786397401.8101323,59.17159652709961,71.7,40.66796875
1786397401.8235364,59.17159652709961,74.8,40.671875
1786397401.8437252,59.17159652709961,49.3,40.671875
1786397401.8586788,59.17159652709961,66.6,40.671875
1786397401.8741837,59.17159652709961,65.0,40.671875
1786397401.890254,59.17159652709961,0.0,40.671875
1786397401.9072893,59.17159652709961,58.7,40.671875
1786397401.9222932,59.17159652709961,66.7,40.671875
1786397401.9361556,62.11180114746094,0.0,40.671875
1786397401.9527757,62.11180114746094,60.1,40.671875
1786397401.9693992,62.11180114746094,60.3,40.671875
1786397401.9831614,62.11180114746094,0.0,40.671875
1786397402.0018592,62.11180114746094,53.3,40.671875
1786397402.0175488,62.11180114746094,0.0,40.671875
1786397402.0355706,62.11180114746094,55.4,40.671875
1786397402.0489807,62.11180114746094,0.0,40.671875
1786397402.0695086,62.11180114746094,48.7,40.671875
1786397402.0831614,62.11180114746094,73.2,40.671875
1786397402.099144,62.11180114746094,62.6,40.671875
1786397402.1182067,62.11180114746094,0.0,40.671875
1786397402.1323698,62.11180114746094,70.6,40.671875
1786397402.1485128,62.11180114746094,61.9,40.671875
1786397402.1642056,62.11180114746094,0.0,40.671875
1786397402.180276,62.11180114746094,62.3,40.671875
1786397402.1989346,62.11180114746094,53.6,40.671875
1786397402.2118084,62.11180114746094,0.0,40.671875
1786397402.228004,62.11180114746094,61.9,40.671875
1786397402.2450402,62.11180114746094,57.7,40.671875
1786397402.2624118,61.7283935546875,0.0,40.671875
1786397402.2783842,61.7283935546875,62.6,40.671875
1786397402.293762,61.7283935546875,64.9,40.67578125
1786397402.3107357,61.7283935546875,59.0,40.67578125
1786397402.3319867,61.7283935546875,46.9,40.67578125
1786397402.3504438,61.7283935546875,108.6,40.67578125
1786397402.3596456,61.7283935546875,109.1,40.67578125
1786397402.3749797,61.7283935546875,0.0,40.67578125
1786397402.3917413,61.7283935546875,59.6,40.67578125
1786397402.4101932,61.7283935546875,54.2,40.67578125
1786397402.4253442,62.5,132.1,40.67578125
1786397402.439842,62.5,68.1,40.67578125
1786397402.453814,62.5,72.1,40.67578125
1786397402.4723275,62.5,0.0,40.67578125
1786397402.485649,62.5,0.0,40.67578125
1786397402.5027227,62.5,58.8,40.67578125
1786397402.5171607,62.5,0.0,40.67578125
1786397402.5384405,62.5,93.8,40.67578125
1786397402.5518816,62.5,0.0,40.67578125
1786397402.5682821,62.5,61.0,40.67578125
1786397402.5820415,61.7283935546875,72.7,40.67578125
1786397402.5991304,61.7283935546875,58.8,40.67578125
1786397402.6169963,61.7283935546875,0.0,40.67578125
1786397402.6350172,61.7283935546875,55.4,40.6796875
1786397402.6537626,61.7283935546875,53.2,40.6796875
1786397402.6745086,61.7283935546875,48.2,40.6796875
1786397402.6866896,61.7283935546875,82.1,40.6796875
1786397402.7068243,61.7283935546875,99.2,40.6796875
1786397402.7164798,61.7283935546875,104.5,40.6796875
1786397402.7335422,61.7283935546875,58.5,40.6796875
1786397402.7472763,60.975608825683594,73.0,40.6796875
1786397402.7642193,60.975608825683594,59.0,40.6796875
1786397402.7768393,60.975608825683594,0.0,40.6796875
1786397402.7927551,60.975608825683594,63.0,40.6796875
1786397402.8096743,60.975608825683594,0.0,40.6796875
1786397402.8257296,60.975608825683594,0.0,40.68359375
1786397402.8418546,60.975608825683594,0.0,40.68359375
1786397402.8585272,60.975608825683594,60.3,40.68359375
1786397402.8729694,60.975608825683594,0.0,40.68359375
1786397402.8903387,60.975608825683594,57.6,40.68359375
1786397402.9203825,62.11180114746094,66.5,40.68359375
1786397402.9406996,62.11180114746094,98.5,40.68359375
1786397402.951546,62.11180114746094,91.8,40.68359375
1786397402.9644256,62.11180114746094,78.0,40.68359375
1786397402.9789395,62.11180114746094,0.0,40.68359375
1786397402.9950738,62.11180114746094,62.0,40.68359375
1786397403.010482,62.11180114746094,0.0,40.68359375
1786397403.0267832,62.11180114746094,61.4,40.68359375
1786397403.0433714,62.11180114746094,60.3,40.68359375
1786397403.0603976,62.11180114746094,0.0,40.68359375
1786397403.0819345,59.17159652709961,46.2,40.68359375
1786397403.093634,59.17159652709961,85.9,40.68359375
1786397403.112935,59.17159652709961,51.8,40.68359375
1786397403.1273327,59.17159652709961,69.4,40.68359375
1786397403.1406236,59.17159652709961,0.0,40.68359375
1786397403.1653066,59.17159652709961,40.4,40.68359375
1786397403.182482,59.17159652709961,117.1,40.68359375
1786397403.190719,59.17159652709961,121.6,40.68359375
1786397403.2032197,59.17159652709961,0.0,40.68359375
1786397403.2190063,59.17159652709961,0.0,40.68359375
1786397403.2367601,62.5,111.8,40.68359375
1786397403.2509139,62.5,0.0,40.68359375
1786397403.267796,62.5,0.0,40.68359375
1786397403.2860034,62.5,54.9,40.68359375
1786397403.3040612,62.5,55.4,40.68359375
1786397403.3199322,62.5,63.1,40.68359375
1786397403.3368826,62.5,58.8,40.6875
1786397403.3507395,62.5,0.0,40.6875
1786397403.3686764,62.5,55.7,40.6875
1786397403.3843594,62.5,64.1,40.6875
1786397403.3986802,61.7283935546875,68.7,40.6875
1786397403.413647,61.7283935546875,0.0,40.6875
1786397403.4303432,61.7283935546875,59.8,40.6875
1786397403.4467585,61.7283935546875,0.0,40.6875
1786397403.4636166,61.7283935546875,59.3,40.69140625
1786397403.4778693,61.7283935546875,0.0,40.69140625
1786397403.49541,61.7283935546875,57.0,40.69140625
1786397403.5128093,61.7283935546875,115.0,40.69140625
1786397403.5314844,61.7283935546875,53.4,40.69140625
1786397403.554499,61.7283935546875,43.5,40.69140625
1786397403.5678487,61.7283935546875,72.8,40.69140625
1786397403.5814974,61.7283935546875,150.9,40.69140625
1786397403.5923784,61.7283935546875,0.0,40.69140625
1786397403.6074917,61.7283935546875,66.4,40.69140625
1786397403.6250231,61.7283935546875,0.0,40.69140625
1786397403.643653,61.7283935546875,53.6,40.69140625
1786397403.6590948,61.7283935546875,0.0,40.69140625
1786397403.6782541,61.7283935546875,104.2,40.69140625
1786397403.693464,61.7283935546875,65.7,40.69140625
1786397403.7128398,61.7283935546875,51.6,40.69140625
1786397403.7281783,62.11180114746094,65.2,40.69140625
1786397403.747242,62.11180114746094,104.7,40.69140625
1786397403.7593515,62.11180114746094,83.2,40.69140625
1786397403.7740915,62.11180114746094,67.7,40.69140625
1786397403.7875001,62.11180114746094,0.0,40.69140625
1786397403.8023717,62.11180114746094,67.8,40.69140625
1786397403.8169055,62.11180114746094,0.0,40.69140625
1786397403.8369534,62.11180114746094,98.1,40.69140625
1786397403.851391,62.11180114746094,70.7,40.6953125
1786397403.8683774,62.11180114746094,0.0,40.6953125
1786397403.8847716,61.7283935546875,61.4,40.6953125
1786397403.8984852,61.7283935546875,0.0,40.6953125
1786397403.9139404,61.7283935546875,64.6,40.6953125
1786397403.9348626,61.7283935546875,47.8,40.6953125
1786397403.9528625,61.7283935546875,55.6,40.6953125
1786397403.9671957,61.7283935546875,69.8,40.6953125
1786397403.9811192,61.7283935546875,70.3,40.6953125
1786397403.9959023,61.7283935546875,0.0,40.6953125
1786397404.0120246,61.7283935546875,62.0,40.6953125
1786397404.0281754,61.7283935546875,0.0,40.6953125
1786397404.0462143,61.7283935546875,55.4,40.6953125
1786397404.0616992,61.7283935546875,0.0,40.6953125
1786397404.0796845,61.7283935546875,55.6,40.6953125
1786397404.0977094,61.7283935546875,55.3,40.6953125
1786397404.1230054,61.7283935546875,39.6,40.6953125
1786397404.1396754,61.7283935546875,120.3,40.6953125
1786397404.1504676,61.7283935546875,92.3,40.6953125
1786397404.1638637,61.7283935546875,74.5,40.6953125
1786397404.176292,61.7283935546875,0.0,40.6953125
1786397404.193555,61.7283935546875,57.9,40.6953125
1786397404.2117012,60.240966796875,0.0,40.6953125
1786397404.2274907,60.240966796875,64.7,40.6953125
1786397404.2432845,60.240966796875,0.0,40.6953125
1786397404.2595437,60.240966796875,61.6,40.6953125
1786397404.2759562,60.240966796875,60.9,40.6953125
1786397404.2949526,60.240966796875,0.0,40.69921875
1786397404.315227,60.240966796875,97.5,40.69921875
1786397404.3266082,60.240966796875,89.6,40.69921875
1786397404.3455667,60.240966796875,52.4,40.69921875
1786397404.3586526,60.240966796875,77.4,40.69921875
1786397404.378231,62.11180114746094,51.0,40.703125
1786397404.3914406,62.11180114746094,75.8,40.703125
1786397404.4080663,62.11180114746094,60.2,40.703125
1786397404.4224198,62.11180114746094,69.6,40.703125
1786397404.4393103,62.11180114746094,0.0,40.703125
1786397404.4536502,62.11180114746094,69.7,40.703125
1786397404.4712706,62.11180114746094,56.7,40.703125
1786397404.4894178,62.11180114746094,110.3,40.703125
1786397404.5095742,62.11180114746094,49.6,40.703125
1786397404.5270197,62.11180114746094,114.1,40.703125
1786397404.545649,62.11180114746094,106.6,40.703125
1786397404.5544868,62.11180114746094,0.0,40.703125
1786397404.5725303,62.11180114746094,55.3,40.703125
1786397404.5848496,62.11180114746094,81.6,40.703125
1786397404.6014855,62.11180114746094,60.1,40.703125
1786397404.617669,62.11180114746094,0.0,40.703125
1786397404.6355436,62.11180114746094,55.8,40.703125
1786397404.6520076,62.11180114746094,60.8,40.703125
1786397404.6721132,62.11180114746094,49.7,40.703125
1786397404.6836405,62.11180114746094,86.7,40.703125
1786397404.7018282,60.975608825683594,53.6,40.703125
1786397404.7162755,60.975608825683594,71.7,40.703125
1786397404.741993,60.975608825683594,77.5,40.703125
1786397404.755052,60.975608825683594,77.3,40.703125
1786397404.7736254,60.975608825683594,107.3,40.703125
1786397404.7821734,60.975608825683594,0.0,40.703125
1786397404.8027961,60.975608825683594,48.4,40.703125
1786397404.817154,60.975608825683594,69.8,40.703125
1786397404.8403256,60.975608825683594,43.2,40.703125
1786397404.8514526,60.975608825683594,89.7,40.703125
1786397404.8734014,59.52381134033203,45.6,40.703125
1786397404.8896053,59.52381134033203,123.6,40.703125
1786397404.9091203,59.52381134033203,101.8,40.70703125
1786397404.9238172,59.52381134033203,137.1,40.70703125
1786397404.9382834,59.52381134033203,68.3,40.70703125
1786397404.9490974,59.52381134033203,93.8,40.70703125
1786397404.9646444,59.52381134033203,0.0,40.70703125
1786397404.981367,59.52381134033203,59.9,40.70703125
1786397404.9994156,59.52381134033203,55.2,40.70703125
1786397405.016698,59.52381134033203,58.1,40.70703125
1786397405.0289145,61.349693298339844,0.0,40.70703125
1786397405.0463479,61.349693298339844,57.4,40.70703125
1786397405.0623455,61.349693298339844,62.5,40.70703125
1786397405.0784776,61.349693298339844,62.0,40.70703125
1786397405.0966477,61.349693298339844,0.0,40.70703125
1786397405.117683,61.349693298339844,94.8,40.70703125
1786397405.1294205,61.349693298339844,85.8,40.70703125
1786397405.1452725,61.349693298339844,62.4,40.7109375
1786397405.1591156,61.349693298339844,0.0,40.7109375
1786397405.1756983,61.349693298339844,60.3,40.7109375
1786397405.1897562,62.11180114746094,0.0,40.7109375
1786397405.2080793,62.11180114746094,54.4,40.7109375
1786397405.2238288,62.11180114746094,63.6,40.7109375
1786397405.2414615,62.11180114746094,56.8,40.7109375
1786397405.2546,62.11180114746094,76.4,40.7109375
1786397405.2785945,62.11180114746094,41.6,40.7109375
1786397405.2979848,62.11180114746094,146.5,40.7109375
1786397405.3153265,62.11180114746094,61.7,40.7109375
1786397405.3275778,62.11180114746094,162.5,40.7109375
1786397405.340093,62.11180114746094,0.0,40.7109375
1786397405.3560705,60.240966796875,62.7,40.7109375
1786397405.372816,60.240966796875,0.0,40.7109375
1786397405.3885984,60.240966796875,63.2,40.7109375
1786397405.4061391,60.240966796875,57.1,40.7109375
1786397405.4198966,60.240966796875,0.0,40.71484375
1786397405.4404814,60.240966796875,97.9,40.71484375
1786397405.4537308,60.240966796875,0.0,40.71484375
1786397405.477515,60.240966796875,84.0,40.71484375
1786397405.4903708,60.240966796875,78.5,40.71484375
1786397405.5089664,60.240966796875,53.5,40.71484375
1786397405.526341,61.7283935546875,113.1,40.71484375
1786397405.5415156,61.7283935546875,66.9,40.71484375
1786397405.5498798,61.7283935546875,0.0,40.71484375
1786397405.569087,61.7283935546875,51.8,40.71484375
1786397405.580953,61.7283935546875,0.0,40.71484375
1786397405.5993075,61.7283935546875,54.3,40.71484375
1786397405.614008,61.7283935546875,68.3,40.71484375
1786397405.6347973,61.7283935546875,47.9,40.71484375
1786397405.6503716,61.7283935546875,64.4,40.71484375
1786397405.668153,61.7283935546875,55.4,40.71484375
1786397405.6816187,62.5,151.1,40.71484375
1786397405.695987,62.5,69.6,40.71484375
1786397405.7112126,62.5,0.0,40.71484375
1786397405.7267346,62.5,64.3,40.71484375
1786397405.7436688,62.5,59.2,40.71484375
1786397405.7607152,62.5,0.0,40.71484375
1786397405.7750587,62.5,69.9,40.71484375
1786397405.7904823,62.5,64.9,40.71484375
1786397405.8087583,62.5,0.0,40.71484375
1786397405.8240178,62.5,65.5,40.71484375
1786397405.8425252,61.7283935546875,53.9,40.71484375
1786397405.859301,61.7283935546875,59.7,40.71484375
1786397405.878609,61.7283935546875,51.8,40.71484375
1786397405.8901207,61.7283935546875,87.0,40.71484375
1786397405.9123144,61.7283935546875,88.7,40.71484375
1786397405.9247863,61.7283935546875,82.5,40.71484375
1786397405.9413157,61.7283935546875,60.4,40.71875
1786397405.9565973,61.7283935546875,65.5,40.72265625
1786397405.9752817,61.7283935546875,53.5,40.72265625
1786397405.9892151,61.7283935546875,71.7,40.72265625
1786397406.0063877,60.975608825683594,58.2,40.72265625
1786397406.0239716,60.975608825683594,56.5,40.72265625
1786397406.04305,60.975608825683594,105.4,40.72265625
1786397406.0593505,60.975608825683594,61.0,40.72265625
1786397406.0855486,60.975608825683594,76.4,40.72265625
1786397406.0936246,60.975608825683594,124.6,40.72265625
1786397406.1130002,60.975608825683594,51.1,40.72265625
1786397406.1249392,60.975608825683594,85.0,40.72265625
1786397406.1401021,60.975608825683594,0.0,40.72265625
1786397406.1574006,60.975608825683594,57.8,40.72265625
1786397406.1779032,59.52381134033203,48.6,40.72265625
1786397406.190553,59.52381134033203,79.4,40.72265625
1786397406.2102861,59.52381134033203,50.7,40.72265625
1786397406.2208934,59.52381134033203,94.2,40.72265625
1786397406.246441,59.52381134033203,38.8,40.72265625
1786397406.2609596,59.52381134033203,139.4,40.72265625
1786397406.2804077,59.52381134033203,103.1,40.72265625
1786397406.2935112,59.52381134033203,76.5,40.72265625
1786397406.310215,59.52381134033203,59.8,40.72265625
1786397406.3236194,59.52381134033203,74.7,40.72265625
1786397406.338647,61.349693298339844,66.5,40.72265625
1786397406.3517456,61.349693298339844,0.0,40.72265625
1786397406.3712344,61.349693298339844,102.7,40.72265625
1786397406.3865607,61.349693298339844,65.3,40.72265625
1786397406.406227,61.349693298339844,101.3,40.72265625
1786397406.4241672,61.349693298339844,55.9,40.72265625
1786397406.441139,61.349693298339844,116.3,40.72265625
1786397406.4532862,61.349693298339844,84.0,40.7265625
1786397406.469871,61.349693298339844,60.2,40.7265625
1786397406.4827344,61.349693298339844,77.9,40.7265625
1786397406.501382,61.7283935546875,53.4,40.7265625
1786397406.5143855,61.7283935546875,77.5,40.7265625
1786397406.5308664,61.7283935546875,0.0,40.7265625
1786397406.5469968,61.7283935546875,62.0,40.7265625
1786397406.5628932,61.7283935546875,62.8,40.7265625
1786397406.578163,61.7283935546875,65.0,40.7265625
1786397406.5934627,61.7283935546875,0.0,40.7265625
1786397406.6101367,61.7283935546875,60.0,40.7265625
1786397406.6281571,61.7283935546875,55.0,40.7265625
1786397406.6442301,61.7283935546875,0.0,40.7265625
1786397406.6617103,61.7283935546875,57.1,40.7265625
1786397406.6813695,61.7283935546875,102.1,40.7265625
1786397406.6939914,61.7283935546875,0.0,40.7265625
1786397406.7067738,61.7283935546875,78.5,40.7265625
1786397406.7229311,61.7283935546875,62.0,40.7265625
1786397406.7397115,61.7283935546875,0.0,40.7265625
1786397406.755856,61.7283935546875,123.9,40.7265625
1786397406.7738523,61.7283935546875,0.0,40.7265625
1786397406.7898345,61.7283935546875,62.8,40.73046875
1786397406.8113666,61.7283935546875,92.7,40.73046875
1786397406.826867,61.7283935546875,64.5,40.73046875
1786397406.8463762,61.7283935546875,102.7,40.73046875
1786397406.8560429,61.7283935546875,103.4,40.73046875
1786397406.8804266,61.7283935546875,40.9,40.73046875
1786397406.8926246,61.7283935546875,164.1,40.73046875
1786397406.9101968,61.7283935546875,57.0,40.73046875
1786397406.918573,61.7283935546875,0.0,40.73046875
1786397406.9377127,61.7283935546875,52.0,40.73046875
1786397406.9513667,61.7283935546875,73.9,40.73046875
1786397406.97888,61.7283935546875,36.3,40.734375
1786397406.9911273,60.60606002807617,163.4,40.734375
1786397407.0079665,60.60606002807617,59.4,40.734375
1786397407.0236964,60.60606002807617,63.7,40.734375
1786397407.041569,60.60606002807617,55.5,40.734375
1786397407.0564973,60.60606002807617,67.6,40.734375
1786397407.076137,60.60606002807617,101.7,40.734375
1786397407.0900867,60.60606002807617,143.2,40.734375
1786397407.1016414,60.60606002807617,0.0,40.734375
1786397407.1182697,60.60606002807617,60.0,40.734375
1786397407.1441112,60.60606002807617,77.5,40.734375
1786397407.1592994,60.60606002807617,66.0,40.734375
1786397407.1729412,60.60606002807617,146.4,40.734375
1786397407.1833372,60.60606002807617,0.0,40.734375
1786397407.1994777,60.60606002807617,61.7,40.734375
1786397407.2187908,60.60606002807617,51.9,40.734375
1786397407.2369487,60.60606002807617,54.2,40.734375
1786397407.2483227,60.60606002807617,90.6,40.734375
1786397407.2639084,60.60606002807617,64.0,40.734375
1786397407.279836,60.60606002807617,0.0,40.734375
1786397407.2942536,60.60606002807617,69.4,40.734375
1786397407.3125095,62.11180114746094,54.7,40.734375
1786397407.329839,62.11180114746094,0.0,40.734375
1786397407.3443813,62.11180114746094,69.1,40.734375
1786397407.3588629,62.11180114746094,0.0,40.734375
1786397407.3753805,62.11180114746094,60.3,40.734375
1786397407.3926299,62.11180114746094,58.2,40.734375
1786397407.4158366,62.11180114746094,43.0,40.734375
1786397407.4248307,62.11180114746094,111.6,40.734375
1786397407.4467988,62.11180114746094,45.5,40.734375
1786397407.4601448,62.11180114746094,75.2,40.734375
1786397407.4730823,62.11180114746094,77.3,40.734375
1786397407.4896057,62.11180114746094,0.0,40.73828125
1786397407.5063536,62.11180114746094,58.7,40.73828125
1786397407.5220377,62.11180114746094,0.0,40.73828125
1786397407.5426466,62.11180114746094,97.0,40.73828125
1786397407.5547287,62.11180114746094,0.0,40.73828125
1786397407.5792956,62.11180114746094,81.1,40.73828125
1786397407.6071312,62.11180114746094,72.1,40.7421875
1786397407.6177416,62.11180114746094,95.6,40.7421875
1786397407.6312613,62.11180114746094,73.8,40.7421875
1786397407.6468806,57.47126770019531,64.1,40.7421875
1786397407.6623936,57.47126770019531,0.0,40.7421875
1786397407.677989,57.47126770019531,64.2,40.7421875
1786397407.6948116,57.47126770019531,0.0,40.7421875
1786397407.710954,57.47126770019531,61.9,40.7421875
1786397407.7294986,57.47126770019531,53.8,40.7421875
1786397407.7436566,57.47126770019531,0.0,40.7421875
1786397407.7591958,57.47126770019531,64.3,40.7421875
1786397407.777908,57.47126770019531,0.0,40.7421875
1786397407.7943845,57.47126770019531,60.7,40.7421875
1786397407.8095179,61.7283935546875,66.0,40.7421875
1786397407.82315,61.7283935546875,0.0,40.7421875
1786397407.8482978,61.7283935546875,79.4,40.7421875
1786397407.8620005,61.7283935546875,70.4,40.7421875
1786397407.8764627,61.7283935546875,71.3,40.7421875
1786397407.8898952,61.7283935546875,75.3,40.7421875
1786397407.907206,61.7283935546875,57.7,40.7421875
1786397407.9222605,61.7283935546875,0.0,40.7421875
1786397407.9405887,61.7283935546875,54.5,40.7421875
1786397407.9580905,61.7283935546875,0.0,40.7421875
1786397407.974308,60.240966796875,61.7,40.7421875
1786397407.9919453,60.240966796875,56.6,40.7421875
1786397408.0111797,60.240966796875,0.0,40.7421875
1786397408.0242178,60.240966796875,76.7,40.74609375
1786397408.0443912,60.240966796875,0.0,40.74609375
1786397408.0573301,60.240966796875,77.3,40.74609375
1786397408.0775645,60.240966796875,49.3,40.74609375
1786397408.0933406,60.240966796875,0.0,40.74609375
1786397408.111299,60.240966796875,55.7,40.74609375
1786397408.124096,60.240966796875,78.1,40.74609375
1786397408.1435218,60.240966796875,51.5,40.74609375
1786397408.1580594,60.240966796875,68.8,40.74609375
1786397408.1771407,60.240966796875,52.1,40.74609375
1786397408.1963584,60.240966796875,49.0,40.74609375
1786397408.2162364,60.240966796875,107.1,40.74609375
1786397408.2263188,60.240966796875,98.8,40.74609375
1786397408.24005,60.240966796875,73.4,40.74609375
1786397408.2547746,60.240966796875,68.0,40.74609375
1786397408.2732303,60.240966796875,0.0,40.74609375
1786397408.2915049,60.240966796875,54.6,40.74609375
1786397408.3086936,61.349693298339844,115.8,40.74609375
1786397408.3183835,61.349693298339844,0.0,40.74609375
1786397408.3386965,61.349693298339844,49.0,40.74609375
1786397408.3520305,61.349693298339844,75.4,40.74609375
1786397408.3709984,61.349693298339844,0.0,40.74609375
1786397408.3845158,61.349693298339844,74.0,40.74609375
1786397408.401645,61.349693298339844,57.8,40.74609375
1786397408.416919,61.349693298339844,66.0,40.74609375
1786397408.4395742,61.349693298339844,44.2,40.74609375
1786397408.4490461,61.349693298339844,105.8,40.75
1786397408.4673183,61.7283935546875,0.0,40.75
1786397408.4804773,61.7283935546875,76.2,40.75
1786397408.502067,61.7283935546875,46.1,40.75
1786397408.5150175,61.7283935546875,78.0,40.75
1786397408.530816,61.7283935546875,0.0,40.75
1786397408.550694,61.7283935546875,50.4,40.75390625
1786397408.5643687,61.7283935546875,73.2,40.75390625
1786397408.5781581,61.7283935546875,71.7,40.75390625
1786397408.594102,61.7283935546875,0.0,40.75390625
1786397408.6127422,61.7283935546875,53.7,40.75390625
1786397408.6270685,61.7283935546875,0.0,40.75390625
1786397408.6441085,61.7283935546875,58.7,40.75390625
1786397408.662864,61.7283935546875,53.2,40.75390625
1786397408.6775615,61.7283935546875,0.0,40.75390625
1786397408.6945336,61.7283935546875,58.8,40.75390625
1786397408.7199082,61.7283935546875,78.8,40.75390625
1786397408.7344964,61.7283935546875,68.6,40.75390625
1786397408.7468355,61.7283935546875,81.0,40.75390625
1786397408.7579784,61.7283935546875,89.8,40.75390625
1786397408.7781363,61.7283935546875,49.2,40.75390625
1786397408.7917368,60.975608825683594,73.6,40.75390625
1786397408.8083553,60.975608825683594,0.0,40.75390625
1786397408.8214133,60.975608825683594,0.0,40.75390625
1786397408.8393795,60.975608825683594,111.3,40.75390625
1786397408.8540215,60.975608825683594,0.0,40.75390625
1786397408.8738327,60.975608825683594,50.4,40.75390625
1786397408.8880024,60.975608825683594,0.0,40.75390625
1786397408.9065459,60.975608825683594,53.3,40.75390625
1786397408.921939,60.975608825683594,65.3,40.75390625
1786397408.9433417,60.975608825683594,93.8,40.75390625
1786397408.9547794,62.11180114746094,88.2,40.75390625
1786397408.971963,62.11180114746094,58.1,40.75390625
1786397408.9874942,62.11180114746094,0.0,40.75390625
1786397409.0005126,62.11180114746094,78.3,40.75390625
1786397409.0160017,62.11180114746094,0.0,40.75390625
1786397409.04452,62.11180114746094,69.9,40.75390625
1786397409.060158,62.11180114746094,127.8,40.75390625
1786397409.071291,62.11180114746094,0.0,40.7578125
1786397409.0841513,62.11180114746094,79.3,40.7578125
1786397409.0998008,62.11180114746094,63.9,40.7578125
1786397409.116832,60.975608825683594,0.0,40.7578125
1786397409.1354885,60.975608825683594,53.5,40.7578125
1786397409.1513183,60.975608825683594,63.2,40.7578125
1786397409.1645539,60.975608825683594,0.0,40.7578125
1786397409.181342,60.975608825683594,59.6,40.7578125
1786397409.1981199,60.975608825683594,59.7,40.7578125
1786397409.2116332,60.975608825683594,0.0,40.7578125
1786397409.230529,60.975608825683594,52.9,40.7578125
1786397409.2453067,60.975608825683594,67.7,40.7578125
1786397409.2625654,60.975608825683594,57.9,40.76171875
1786397409.2810407,62.5,0.0,40.76171875
1786397409.2963283,62.5,64.1,40.76171875
1786397409.3146353,62.5,55.5,40.76171875
1786397409.3265936,62.5,82.9,40.76171875
1786397409.3448024,62.5,55.1,40.76171875
1786397409.3576627,62.5,77.9,40.76171875
1786397409.37355,62.5,0.0,40.76171875
1786397409.3908687,62.5,57.7,40.76171875
1786397409.4073172,62.5,0.0,40.76171875
1786397409.4219124,62.5,68.5,40.76171875
1786397409.4394412,61.7283935546875,57.0,40.76171875
1786397409.454582,61.7283935546875,0.0,40.76171875
1786397409.473051,61.7283935546875,54.1,40.76171875
1786397409.4899008,61.7283935546875,59.2,40.76171875
1786397409.5120304,61.7283935546875,45.1,40.76171875
1786397409.5225759,61.7283935546875,95.5,40.76171875
1786397409.542935,61.7283935546875,98.0,40.76171875
1786397409.5509996,61.7283935546875,0.0,40.76171875
1786397409.5739267,61.7283935546875,43.6,40.76171875
1786397409.5842075,61.7283935546875,97.3,40.765625
1786397409.6048412,61.349693298339844,48.2,40.765625
1786397409.618397,61.349693298339844,0.0,40.765625
1786397409.6360223,61.349693298339844,56.2,40.765625
1786397409.65239,61.349693298339844,61.5,40.765625
1786397409.6730506,61.349693298339844,47.8,40.765625
1786397409.6864166,61.349693298339844,75.6,40.765625
1786397409.7066243,61.349693298339844,99.8,40.765625
1786397409.7160444,61.349693298339844,105.8,40.765625
1786397409.7313454,61.349693298339844,0.0,40.765625
1786397409.7500875,61.349693298339844,106.6,40.765625
1786397409.7604535,62.5,0.0,40.765625
1786397409.7764626,62.5,62.4,40.765625
1786397409.7912033,62.5,0.0,40.765625
1786397409.808648,62.5,57.3,40.765625
1786397409.8250294,62.5,0.0,40.765625
1786397409.8433335,62.5,54.6,40.765625
1786397409.85775,62.5,0.0,40.765625
1786397409.8768578,62.5,52.4,40.765625
1786397409.8925176,62.5,63.7,40.765625
1786397409.9155009,62.5,87.1,40.765625
1786397409.9253285,62.11180114746094,102.1,40.765625
1786397409.9433203,62.11180114746094,110.8,40.765625
1786397409.9552917,62.11180114746094,0.0,40.765625
1786397409.9786985,62.11180114746094,42.7,40.765625
1786397409.989965,62.11180114746094,88.7,40.765625
1786397410.0079317,62.11180114746094,55.7,40.765625
1786397410.0231698,62.11180114746094,65.7,40.765625
1786397410.0419269,62.11180114746094,53.1,40.765625
1786397410.0551295,62.11180114746094,76.1,40.765625
1786397410.0764065,62.11180114746094,46.2,40.765625
1786397410.0966802,60.60606002807617,99.6,40.765625
1786397410.107296,60.60606002807617,0.0,40.7734375
1786397410.1221035,60.60606002807617,68.2,40.7734375
1786397410.1373792,60.60606002807617,0.0,40.7734375
1786397410.152622,60.60606002807617,65.6,40.7734375
1786397410.1735463,60.60606002807617,47.8,40.7734375
1786397410.186258,60.60606002807617,0.0,40.7734375
1786397410.205825,60.60606002807617,50.7,40.7734375
1786397410.2167654,60.60606002807617,183.2,40.7734375
1786397410.2392743,60.60606002807617,44.7,40.7734375
1786397410.25263,61.7283935546875,74.8,40.7734375
1786397410.271841,61.7283935546875,51.8,40.7734375
1786397410.290324,61.7283935546875,54.3,40.7734375
1786397410.309912,61.7283935546875,100.9,40.7734375
1786397410.3185313,61.7283935546875,119.5,40.7734375
1786397410.335181,61.7283935546875,60.0,40.7734375
1786397410.348806,61.7283935546875,0.0,40.7734375
1786397410.3687184,61.7283935546875,99.7,40.7734375
1786397410.386007,61.7283935546875,58.1,40.7734375
1786397410.3976038,61.7283935546875,86.3,40.7734375
1786397410.412302,61.349693298339844,0.0,40.7734375
1786397410.427826,61.349693298339844,64.4,40.7734375
1786397410.4449415,61.349693298339844,0.0,40.7734375
1786397410.4615138,61.349693298339844,0.0,40.7734375
1786397410.477102,61.349693298339844,0.0,40.7734375
1786397410.494358,61.349693298339844,58.1,40.7734375
1786397410.5137243,61.349693298339844,103.2,40.7734375
1786397410.527384,61.349693298339844,0.0,40.7734375
1786397410.5429533,61.349693298339844,64.2,40.7734375
1786397410.559029,61.349693298339844,0.0,40.7734375
1786397410.5748332,61.349693298339844,63.4,40.7734375
1786397410.5906143,61.349693298339844,0.0,40.7734375
1786397410.6126883,61.349693298339844,89.5,40.77734375
1786397410.6238618,61.349693298339844,0.0,40.77734375
1786397410.6417615,61.349693298339844,55.3,40.77734375
1786397410.6562178,61.349693298339844,0.0,40.77734375
1786397410.6800017,61.349693298339844,84.1,40.77734375
1786397410.6911378,61.349693298339844,0.0,40.77734375
1786397410.7080104,61.349693298339844,59.3,40.77734375
1786397410.7201207,61.349693298339844,83.1,40.77734375
1786397410.744203,61.7283935546875,40.8,40.77734375
1786397410.75436,61.7283935546875,102.0,40.77734375
1786397410.7726603,61.7283935546875,54.6,40.77734375
1786397410.7882397,61.7283935546875,0.0,40.77734375
1786397410.8032286,61.7283935546875,66.6,40.77734375
1786397410.8155413,61.7283935546875,81.7,40.77734375
1786397410.8354092,61.7283935546875,50.0,40.77734375
1786397410.8506453,61.7283935546875,0.0,40.77734375
1786397410.8699331,61.7283935546875,50.4,40.77734375
1786397410.8838148,61.7283935546875,74.1,40.77734375
1786397410.9032958,62.5,103.3,40.77734375
1786397410.916878,62.5,74.0,40.77734375
1786397410.9296298,62.5,0.0,40.78125
1786397410.945896,62.5,61.4,40.78125
1786397410.962787,62.5,59.3,40.78125
1786397410.9803307,62.5,0.0,40.78125
1786397410.9944248,62.5,71.0,40.78125
1786397411.0109038,62.5,0.0,40.78125
1786397411.0289278,62.5,55.4,40.78125
1786397411.0461855,62.5,58.0,40.78125
1786397411.0598671,61.349693298339844,73.1,40.78125
1786397411.0758958,61.349693298339844,62.3,40.78125
1786397411.0913913,61.349693298339844,0.0,40.78125
1786397411.1086106,61.349693298339844,58.1,40.78125
1786397411.129268,61.349693298339844,48.3,40.78515625
1786397411.1424506,61.349693298339844,76.0,40.78515625
1786397411.1557744,61.349693298339844,0.0,40.78515625
1786397411.1793547,61.349693298339844,42.4,40.78515625
1786397411.1962807,61.349693298339844,117.0,40.78515625
1786397411.2091005,61.349693298339844,0.0,40.78515625
1786397411.2275002,62.5,109.2,40.78515625
1786397411.242513,62.5,66.6,40.78515625
1786397411.2560327,62.5,74.0,40.78515625
1786397411.2728865,62.5,118.8,40.78515625
1786397411.288856,62.5,62.5,40.78515625
1786397411.3036895,62.5,0.0,40.78515625
1786397411.3208256,62.5,58.7,40.78515625
1786397411.3345068,62.5,0.0,40.78515625
1786397411.3514528,62.5,59.1,40.78515625
1786397411.3720324,62.5,48.6,40.78515625
1786397411.3816702,61.7283935546875,0.0,40.78515625
1786397411.3986819,61.7283935546875,58.9,40.78515625
1786397411.4154148,61.7283935546875,59.7,40.78515625
1786397411.43056,61.7283935546875,0.0,40.78515625
1786397411.4460921,61.7283935546875,64.5,40.78515625
1786397411.4630048,61.7283935546875,0.0,40.78515625
1786397411.4803636,61.7283935546875,57.6,40.78515625
1786397411.4952228,61.7283935546875,0.0,40.78515625
1786397411.5118701,61.7283935546875,60.1,40.78515625
1786397411.5279214,61.7283935546875,0.0,40.78515625
1786397411.543581,61.7283935546875,63.9,40.78515625
1786397411.5594912,61.7283935546875,0.0,40.78515625
1786397411.5766308,61.7283935546875,57.9,40.78515625
1786397411.5995135,61.7283935546875,43.7,40.79296875
1786397411.6154168,61.7283935546875,126.3,40.79296875
1786397411.6295547,61.7283935546875,70.7,40.79296875
1786397411.6437848,61.7283935546875,70.4,40.796875
1786397411.659143,61.7283935546875,0.0,40.796875
1786397411.6745574,61.7283935546875,64.9,40.796875
1786397411.6898177,61.7283935546875,65.7,40.796875
1786397411.7148395,62.5,79.7,40.796875
1786397411.726686,62.5,84.0,40.796875
1786397411.7429585,62.5,61.9,40.796875
1786397411.7564802,62.5,74.0,40.796875
1786397411.776159,62.5,50.7,40.80078125
1786397411.7906296,62.5,69.4,40.80078125
1786397411.8095822,62.5,105.5,40.80078125
1786397411.8270304,62.5,57.2,40.80078125
1786397411.8411376,62.5,141.2,40.80078125
1786397411.8575265,62.5,61.4,40.80078125
1786397411.872679,61.7283935546875,132.0,40.80078125
1786397411.8834944,61.7283935546875,0.0,40.80078125
1786397411.903525,61.7283935546875,49.6,40.80078125
1786397411.916882,61.7283935546875,75.7,40.80078125
1786397411.937598,61.7283935546875,96.3,40.80078125
1786397411.9497573,61.7283935546875,82.6,40.80078125
1786397411.9690185,61.7283935546875,51.2,40.80078125
1786397411.985691,61.7283935546875,60.6,40.80078125
1786397411.9994094,61.7283935546875,73.2,40.80078125
1786397412.0163455,61.7283935546875,58.9,40.80078125
1786397412.03247,62.11180114746094,61.9,40.80078125
1786397412.0461981,62.11180114746094,146.0,40.80078125
1786397412.0626707,62.11180114746094,60.7,40.80078125
1786397412.0764296,62.11180114746094,0.0,40.80078125
1786397412.0955062,62.11180114746094,52.7,40.80078125
1786397412.1148021,62.11180114746094,0.0,40.80078125
1786397412.1295145,62.11180114746094,67.9,40.80078125
1786397412.1470308,62.11180114746094,114.5,40.80078125
1786397412.1631157,62.11180114746094,62.1,40.8046875
1786397412.179557,62.11180114746094,60.8,40.8046875
1786397412.1968775,61.349693298339844,57.6,40.8046875
1786397412.2094789,61.349693298339844,79.6,40.8046875
1786397412.2248175,61.349693298339844,0.0,40.8046875
1786397412.2421074,61.349693298339844,57.8,40.8046875
1786397412.2548435,61.349693298339844,78.6,40.8046875
1786397412.2721698,61.349693298339844,0.0,40.8046875
1786397412.2870688,61.349693298339844,67.3,40.8046875
1786397412.3057683,61.349693298339844,53.4,40.8046875
1786397412.3195288,61.349693298339844,0.0,40.8046875
1786397412.3371084,61.349693298339844,113.3,40.8046875
1786397412.3520868,61.7283935546875,0.0,40.8046875
1786397412.3713577,61.7283935546875,51.8,40.8046875
1786397412.389146,61.7283935546875,55.8,40.8046875
1786397412.41367,61.7283935546875,81.8,40.8046875
1786397412.4335916,61.7283935546875,100.7,40.8046875
1786397412.4474258,61.7283935546875,72.1,40.8046875
1786397412.4570177,61.7283935546875,104.6,40.8046875
1786397412.4744253,61.7283935546875,57.5,40.8046875
1786397412.4870827,61.7283935546875,0.0,40.8046875
1786397412.5110562,61.7283935546875,83.2,40.8046875
1786397412.5245972,59.52381134033203,74.1,40.8046875
1786397412.5383666,59.52381134033203,72.6,40.8046875
1786397412.5522625,59.52381134033203,0.0,40.8046875
1786397412.5736394,59.52381134033203,47.0,40.8046875
1786397412.5855088,59.52381134033203,84.1,40.80859375
1786397412.6091032,59.52381134033203,84.0,40.80859375
1786397412.6195202,59.52381134033203,96.5,40.80859375
1786397412.6379294,59.52381134033203,0.0,40.80859375
1786397412.6506803,59.52381134033203,78.6,40.80859375
1786397412.66712,59.52381134033203,60.7,40.80859375
1786397412.6810203,62.11180114746094,0.0,40.8125
1786397412.6981404,62.11180114746094,58.4,40.8125
1786397412.7136202,62.11180114746094,64.7,40.8125
1786397412.7315083,62.11180114746094,55.6,40.8125
1786397412.7463899,62.11180114746094,0.0,40.8125
1786397412.764788,62.11180114746094,108.6,40.8125
1786397412.782253,62.11180114746094,56.9,40.8125
1786397412.7937338,62.11180114746094,88.2,40.8125
1786397412.8102863,62.11180114746094,0.0,40.8125
1786397412.8272169,62.11180114746094,59.1,40.8125
1786397412.8424006,62.5,65.8,40.8125
1786397412.8585556,62.5,61.6,40.8125
1786397412.8733714,62.5,0.0,40.8125
1786397412.889623,62.5,61.6,40.8125
1786397412.907321,62.5,56.3,40.8125
1786397412.9250689,62.5,56.0,40.8125
1786397412.9471266,62.5,90.8,40.8125
1786397412.961115,62.5,71.6,40.8125
1786397412.9737883,62.5,78.4,40.8125
1786397412.9886036,62.5,0.0,40.8125
1786397413.0051985,61.7283935546875,60.2,40.8125
1786397413.020521,61.7283935546875,65.3,40.8125
1786397413.0358634,61.7283935546875,0.0,40.8125
1786397413.0516567,61.7283935546875,127.1,40.8125
1786397413.0732577,61.7283935546875,0.0,40.8125
1786397413.0850983,61.7283935546875,84.3,40.8125
1786397413.1066098,61.7283935546875,46.5,40.8125
1786397413.1205363,61.7283935546875,71.9,40.8125
1786397413.1382792,61.7283935546875,55.1,40.8125
1786397413.1505995,61.7283935546875,83.8,40.8125
1786397413.1696455,62.11180114746094,52.3,40.8125
1786397413.1887276,62.11180114746094,52.3,40.8125
1786397413.2073233,62.11180114746094,107.8,40.81640625
1786397413.2183127,62.11180114746094,91.2,40.81640625
1786397413.235184,62.11180114746094,116.8,40.81640625
1786397413.252009,62.11180114746094,60.0,40.81640625
1786397413.266061,62.11180114746094,71.7,40.81640625
1786397413.283717,62.11180114746094,56.7,40.81640625
1786397413.2994926,62.11180114746094,62.6,40.81640625
1786397413.313261,62.11180114746094,73.9,40.81640625
1786397413.3333495,62.11180114746094,98.8,40.81640625
1786397413.3482645,62.11180114746094,67.7,40.81640625
1786397413.359152,62.11180114746094,90.6,40.81640625
1786397413.3757157,62.11180114746094,60.8,40.81640625
1786397413.390651,62.11180114746094,0.0,40.81640625
1786397413.40759,62.11180114746094,58.9,40.8203125
1786397413.4236841,62.11180114746094,0.0,40.8203125
1786397413.4421668,62.11180114746094,54.3,40.8203125
1786397413.4559643,62.11180114746094,72.4,40.8203125
1786397413.4744592,62.11180114746094,54.0,40.8203125
1786397413.4912093,61.349693298339844,59.8,40.8203125
1786397413.5074043,61.349693298339844,61.7,40.8203125
1786397413.5222144,61.349693298339844,0.0,40.8203125
1786397413.538861,61.349693298339844,60.0,40.8203125
1786397413.556885,61.349693298339844,55.4,40.8203125
1786397413.5739062,61.349693298339844,58.9,40.8203125
1786397413.5881774,61.349693298339844,0.0,40.8203125
1786397413.6054432,61.349693298339844,57.7,40.8203125
1786397413.6213622,61.349693298339844,63.0,40.8203125
1786397413.6386917,61.349693298339844,0.0,40.8203125
1786397413.6546752,60.975608825683594,62.5,40.8203125
1786397413.674859,60.975608825683594,49.5,40.8203125
1786397413.6905196,60.975608825683594,63.8,40.8203125
1786397413.7098927,60.975608825683594,103.2,40.8203125
1786397413.723843,60.975608825683594,71.8,40.82421875
1786397413.7456656,60.975608825683594,90.9,40.82421875
1786397413.7564685,60.975608825683594,91.8,40.82421875
1786397413.7758322,60.975608825683594,52.3,40.82421875
1786397413.7876613,60.975608825683594,84.8,40.82421875
1786397413.8074253,60.975608825683594,50.6,40.82421875
1786397413.8165207,60.975608825683594,109.6,40.82421875
1786397413.8404386,60.975608825683594,83.7,40.82421875
1786397413.8544605,60.975608825683594,71.4,40.82421875
1786397413.8748085,60.975608825683594,98.3,40.82421875
1786397413.8824391,60.975608825683594,0.0,40.82421875
1786397413.9066525,60.975608825683594,82.5,40.82421875
1786397413.917372,60.975608825683594,93.0,40.82421875
1786397413.9308496,60.975608825683594,74.4,40.82421875
1786397413.9457984,60.975608825683594,0.0,40.82421875
1786397413.9633596,60.975608825683594,56.9,40.82421875
1786397413.977614,62.11180114746094,0.0,40.82421875
1786397413.9934568,62.11180114746094,63.2,40.82421875
1786397414.0120335,62.11180114746094,53.6,40.82421875
1786397414.027472,62.11180114746094,65.0,40.82421875
1786397414.0443954,62.11180114746094,59.1,40.82421875
1786397414.0598774,62.11180114746094,0.0,40.82421875
1786397414.078014,62.11180114746094,54.8,40.82421875
1786397414.0923862,62.11180114746094,70.1,40.82421875
1786397414.107246,62.11180114746094,67.4,40.82421875
1786397414.123944,62.11180114746094,59.8,40.82421875
1786397414.1415098,62.11180114746094,56.9,40.82421875
1786397414.1550517,62.11180114746094,0.0,40.82421875
1786397414.1754456,62.11180114746094,49.0,40.82421875
1786397414.189187,62.11180114746094,72.8,40.82421875
1786397414.2094667,62.11180114746094,48.8,40.82421875
1786397414.2256396,62.11180114746094,61.8,40.82421875
1786397414.2407281,62.11180114746094,67.2,40.83203125
1786397414.252937,62.11180114746094,81.8,40.83203125
1786397414.2750726,62.11180114746094,45.0,40.83203125
1786397414.2915134,62.11180114746094,61.0,40.83203125
1786397414.3120801,61.349693298339844,97.1,40.83203125
1786397414.3201504,61.349693298339844,121.4,40.83203125
1786397414.3417628,61.349693298339844,46.7,40.83203125
1786397414.3503304,61.349693298339844,117.2,40.83203125
1786397414.3672907,61.349693298339844,58.8,40.83203125
1786397414.3825057,61.349693298339844,65.9,40.83203125
1786397414.3992798,61.349693298339844,0.0,40.83203125
1786397414.4154236,61.349693298339844,62.3,40.83203125
1786397414.4334266,61.349693298339844,55.4,40.83203125
1786397414.4523237,61.349693298339844,52.9,40.83203125
1786397414.4716105,62.11180114746094,51.6,40.83203125
1786397414.482686,62.11180114746094,91.4,40.83203125
1786397414.4980872,62.11180114746094,64.9,40.83203125
1786397414.5186641,62.11180114746094,48.5,40.83203125
1786397414.5365772,62.11180114746094,53.7,40.83203125
1786397414.5476673,62.11180114746094,97.2,40.83203125
1786397414.5620358,62.11180114746094,69.6,40.83203125
1786397414.5770633,62.11180114746094,66.5,40.83203125
1786397414.594008,62.11180114746094,0.0,40.83203125
1786397414.6097484,62.11180114746094,63.5,40.83203125
1786397414.6301467,60.975608825683594,48.8,40.83203125
1786397414.650769,60.975608825683594,48.6,40.83203125
1786397414.6688359,60.975608825683594,107.2,40.83203125
1786397414.6802504,60.975608825683594,92.6,40.83203125
1786397414.6955945,60.975608825683594,64.9,40.83203125
1786397414.7099595,60.975608825683594,69.9,40.83203125
1786397414.7270894,60.975608825683594,0.0,40.83203125
1786397414.7415164,60.975608825683594,69.7,40.8359375
1786397414.760167,60.975608825683594,53.6,40.8359375
1786397414.7743282,60.975608825683594,0.0,40.8359375
1786397414.7890773,60.975608825683594,67.2,40.8359375
1786397414.8080435,60.975608825683594,53.0,40.8359375
1786397414.820197,60.975608825683594,0.0,40.8359375
1786397414.8409028,60.975608825683594,48.3,40.8359375
1786397414.8555317,60.975608825683594,68.3,40.8359375
1786397414.873079,60.975608825683594,0.0,40.8359375
1786397414.8877478,60.975608825683594,68.2,40.8359375
1786397414.9072802,60.975608825683594,51.1,40.8359375
1786397414.9224236,60.975608825683594,66.0,40.8359375
1786397414.9401517,60.975608825683594,56.4,40.8359375
1786397414.9530923,62.11180114746094,151.4,40.8359375
1786397414.973622,62.11180114746094,49.4,40.8359375
1786397414.9882414,62.11180114746094,68.3,40.8359375
1786397414.9999387,62.11180114746094,85.6,40.8359375
1786397415.0170343,62.11180114746094,0.0,40.8359375
1786397415.0359738,62.11180114746094,52.6,40.8359375
1786397415.0528407,62.11180114746094,0.0,40.8359375
1786397415.0702467,62.11180114746094,56.9,40.83984375
1786397415.0820935,62.11180114746094,86.0,40.83984375
1786397415.1039124,62.11180114746094,91.1,40.83984375
1786397415.1319811,60.975608825683594,71.4,40.83984375
1786397415.1430454,60.975608825683594,90.5,40.83984375
1786397415.1550515,60.975608825683594,83.7,40.83984375
1786397415.174847,60.975608825683594,50.5,40.83984375
1786397415.1884604,60.975608825683594,73.5,40.83984375
1786397415.2064617,60.975608825683594,55.6,40.83984375
1786397415.2217193,60.975608825683594,0.0,40.83984375
1786397415.240872,60.975608825683594,52.3,40.83984375
1786397415.2531533,60.975608825683594,81.1,40.83984375
1786397415.2735152,60.975608825683594,49.1,40.84375
1786397415.2874997,59.17159652709961,71.5,40.84375
1786397415.306102,59.17159652709961,53.8,40.84375
1786397415.3184094,59.17159652709961,0.0,40.84375
1786397415.334988,59.17159652709961,60.0,40.84375
1786397415.3519092,59.17159652709961,119.4,40.84375
1786397415.3697972,59.17159652709961,55.5,40.84375
1786397415.385311,59.17159652709961,0.0,40.84375
1786397415.4006503,59.17159652709961,65.3,40.84375
1786397415.4132433,59.17159652709961,79.8,40.84375
1786397415.430644,59.17159652709961,0.0,40.84375
1786397415.4469097,61.349693298339844,61.5,40.84375
1786397415.465544,61.349693298339844,0.0,40.84375
1786397415.480476,61.349693298339844,67.4,40.84375
1786397415.4994974,61.349693298339844,52.5,40.84375
1786397415.5141108,61.349693298339844,67.5,40.84375
1786397415.5286121,61.349693298339844,0.0,40.84375
1786397415.544676,61.349693298339844,62.1,40.84375
1786397415.5632887,61.349693298339844,53.8,40.84375
1786397415.5766468,61.349693298339844,0.0,40.84375
1786397415.591497,61.349693298339844,67.0,40.84375
1786397415.6080594,62.11180114746094,60.8,40.84375
1786397415.623671,62.11180114746094,0.0,40.84375
1786397415.640904,62.11180114746094,57.6,40.84375
1786397415.6577137,62.11180114746094,0.0,40.84375
1786397415.6733906,62.11180114746094,0.0,40.84375
1786397415.6899788,62.11180114746094,120.2,40.84375
1786397415.707704,62.11180114746094,0.0,40.84375
1786397415.7215488,62.11180114746094,72.6,40.84375
1786397415.7405424,62.11180114746094,52.7,40.84375
1786397415.7522318,62.11180114746094,0.0,40.84375
1786397415.774862,61.349693298339844,44.2,40.84375
1786397415.791675,61.349693298339844,59.3,40.84765625
1786397415.8121014,61.349693298339844,97.9,40.84765625
1786397415.8176677,61.349693298339844,0.0,40.84765625
1786397415.838443,61.349693298339844,48.0,40.84765625
1786397415.853045,61.349693298339844,68.7,40.84765625
1786397415.8713026,61.349693298339844,54.7,40.84765625
1786397415.8904126,61.349693298339844,104.6,40.8515625
1786397415.9087024,61.349693298339844,54.7,40.8515625
1786397415.9202833,61.349693298339844,84.0,40.8515625
1786397415.940693,62.11180114746094,99.6,40.8515625
1786397415.94977,62.11180114746094,110.3,40.8515625
1786397415.9653273,62.11180114746094,0.0,40.8515625
1786397415.9799294,62.11180114746094,68.6,40.8515625
1786397415.996955,62.11180114746094,0.0,40.8515625
1786397416.014871,62.11180114746094,55.9,40.8515625
1786397416.0302987,62.11180114746094,64.8,40.8515625
1786397416.0447023,62.11180114746094,0.0,40.8515625
1786397416.0612078,62.11180114746094,60.5,40.8515625
1786397416.0781949,62.11180114746094,58.9,40.8515625
1786397416.0948255,62.11180114746094,0.0,40.8515625
1786397416.1113157,62.11180114746094,60.7,40.8515625
1786397416.1256702,62.11180114746094,68.9,40.8515625
1786397416.140121,62.11180114746094,0.0,40.8515625
1786397416.1581385,62.11180114746094,55.3,40.8515625
1786397416.1772242,62.11180114746094,0.0,40.8515625
1786397416.1903455,62.11180114746094,76.1,40.8515625
1786397416.2084231,62.11180114746094,55.3,40.8515625
1786397416.227411,62.11180114746094,52.6,40.8515625
1786397416.2469027,62.11180114746094,51.3,40.8515625
1786397416.2616277,62.11180114746094,135.7,40.8515625
1786397416.2758603,62.11180114746094,70.3,40.8515625
1786397416.2935214,62.11180114746094,56.5,40.8515625
1786397416.3080084,62.11180114746094,69.2,40.85546875
1786397416.3212194,62.11180114746094,75.9,40.85546875
1786397416.3375573,62.11180114746094,61.1,40.85546875
1786397416.350564,62.11180114746094,0.0,40.85546875
1786397416.371599,62.11180114746094,47.4,40.85546875
1786397416.3837092,62.11180114746094,82.9,40.85546875
1786397416.4082031,62.11180114746094,40.8,40.85546875
1786397416.4209235,61.7283935546875,155.7,40.85546875
1786397416.434266,61.7283935546875,0.0,40.85546875
1786397416.450257,61.7283935546875,63.5,40.85546875
1786397416.4720232,61.7283935546875,45.6,40.85546875
1786397416.4883173,61.7283935546875,61.8,40.85546875
1786397416.5014846,61.7283935546875,148.2,40.85546875
1786397416.5149262,61.7283935546875,76.7,40.85546875
1786397416.5321379,61.7283935546875,0.0,40.85546875
1786397416.5437639,61.7283935546875,86.3,40.85546875
1786397416.5620632,61.7283935546875,0.0,40.85546875
1786397416.5793183,62.5,58.3,40.85546875
1786397416.5911717,62.5,84.5,40.85546875
1786397416.6116006,62.5,0.0,40.85546875
1786397416.6256118,62.5,71.6,40.85546875
1786397416.6546755,62.5,68.8,40.85546875
1786397416.6683505,62.5,72.8,40.85546875
1786397416.681928,62.5,147.2,40.85546875
1786397416.6927507,62.5,0.0,40.85546875
1786397416.7084944,62.5,63.5,40.859375
1786397416.723678,62.5,0.0,40.859375
1786397416.7425861,60.60606002807617,52.9,40.859375
1786397416.7575734,60.60606002807617,66.9,40.859375
1786397416.776184,60.60606002807617,53.7,40.859375
1786397416.8003435,60.60606002807617,81.2,40.859375
1786397416.8163614,60.60606002807617,127.2,40.859375
1786397416.830436,60.60606002807617,0.0,40.86328125
1786397416.8480875,60.60606002807617,56.7,40.86328125
1786397416.8644962,60.60606002807617,61.0,40.86328125
1786397416.8780348,60.60606002807617,0.0,40.86328125
1786397416.8936949,60.60606002807617,63.8,40.86328125
1786397416.9096138,59.17159652709961,62.9,40.86328125
1786397416.9249253,59.17159652709961,0.0,40.86328125
1786397416.9429479,59.17159652709961,55.5,40.86328125
1786397416.9599302,59.17159652709961,0.0,40.86328125
1786397416.9771185,59.17159652709961,114.9,40.86328125
1786397416.9913309,59.17159652709961,0.0,40.86328125
1786397417.0122895,59.17159652709961,47.8,40.86328125
1786397417.0243645,59.17159652709961,82.7,40.86328125
1786397417.0404255,59.17159652709961,0.0,40.86328125
1786397417.0585334,59.17159652709961,55.2,40.86328125
1786397417.073356,61.349693298339844,0.0,40.86328125
1786397417.090344,61.349693298339844,58.9,40.86328125
1786397417.1071723,61.349693298339844,59.3,40.86328125
1786397417.1211438,61.349693298339844,0.0,40.86328125
1786397417.1404915,61.349693298339844,51.9,40.86328125
1786397417.1562784,61.349693298339844,63.3,40.86328125
1786397417.176862,61.349693298339844,48.5,40.86328125
1786397417.1885176,61.349693298339844,85.8,40.86328125
1786397417.2146418,61.349693298339844,76.6,40.86328125
1786397417.231291,61.349693298339844,59.8,40.86328125
1786397417.2466936,60.60606002807617,130.3,40.86328125
1786397417.2568998,60.60606002807617,0.0,40.86328125
1786397417.2759335,60.60606002807617,104.6,40.86328125
1786397417.289853,60.60606002807617,72.5,40.86328125
1786397417.303061,60.60606002807617,75.3,40.86328125
1786397417.3284311,60.60606002807617,39.2,40.86328125
1786397417.3453588,60.60606002807617,118.6,40.86328125
1786397417.3553774,60.60606002807617,101.2,40.8671875
1786397417.3687336,60.60606002807617,0.0,40.8671875
1786397417.3866842,60.60606002807617,55.5,40.8671875
1786397417.403391,61.349693298339844,0.0,40.8671875
1786397417.4196658,61.349693298339844,61.6,40.90234375
1786397417.436752,61.349693298339844,58.0,40.90234375
1786397417.4546592,61.349693298339844,56.3,40.90234375
1786397417.4681935,61.349693298339844,146.6,40.90234375
1786397417.4847662,61.349693298339844,0.0,40.90234375
1786397417.502414,61.349693298339844,56.1,40.90234375
1786397417.516659,61.349693298339844,0.0,40.90234375
1786397417.5400321,61.349693298339844,85.6,40.90234375
1786397417.5537608,61.349693298339844,145.7,40.90234375
1786397417.568754,61.349693298339844,66.4,40.90625
1786397417.584008,61.349693298339844,65.8,40.90625
1786397417.607587,61.349693298339844,42.4,40.90625
1786397417.6172276,61.349693298339844,103.8,40.90625
1786397417.6375456,61.349693298339844,49.0,40.90625
1786397417.6556578,61.349693298339844,110.2,40.90625
1786397417.6639903,61.349693298339844,122.2,40.90625
1786397417.6786687,61.349693298339844,0.0,40.90625
1786397417.694755,61.349693298339844,62.2,40.90625
1786397417.7110326,61.349693298339844,61.4,40.90625
1786397417.7285588,61.7283935546875,0.0,40.90625
1786397417.7451375,61.7283935546875,60.2,40.90625
1786397417.76229,61.7283935546875,58.3,40.90625
1786397417.7861073,61.7283935546875,83.3,40.90625
1786397417.8023145,61.7283935546875,123.7,40.90625
1786397417.8177354,61.7283935546875,65.3,40.90625
1786397417.8335059,61.7283935546875,63.4,40.90625
1786397417.8469808,61.7283935546875,74.5,40.90625
1786397417.8609116,61.7283935546875,71.8,40.90625
1786397417.877093,61.7283935546875,61.8,40.91015625
1786397417.8922446,60.240966796875,0.0,40.91015625
1786397417.9093056,60.240966796875,58.3,40.91015625
1786397417.9255483,60.240966796875,61.9,40.91015625
1786397417.9480247,60.240966796875,44.5,40.91015625
1786397417.9619102,60.240966796875,72.0,40.91015625
1786397417.9794936,60.240966796875,113.3,40.91015625
1786397417.9952192,60.240966796875,64.0,40.91015625
1786397418.0094113,60.240966796875,69.6,40.91015625
1786397418.0238788,60.240966796875,0.0,40.91015625
1786397418.0410986,60.240966796875,57.9,40.91015625
1786397418.056844,60.975608825683594,63.7,40.91015625
1786397418.0761309,60.975608825683594,51.8,40.91015625
1786397418.0899515,60.975608825683594,72.5,40.91015625
1786397418.1070385,60.975608825683594,0.0,40.91015625
1786397418.1215904,60.975608825683594,68.8,40.91015625
1786397418.1380658,60.975608825683594,60.8,40.91015625
1786397418.1544943,60.975608825683594,0.0,40.91015625
1786397418.1834283,60.975608825683594,68.9,42.88671875
1786397418.192979,60.975608825683594,105.3,42.88671875
1786397418.20711,60.975608825683594,70.8,42.88671875
1786397418.2219748,60.240966796875,0.0,42.88671875
1786397418.2431648,60.240966796875,47.2,42.88671875
1786397418.2564597,60.240966796875,75.3,42.88671875
1786397418.2775161,60.240966796875,47.4,42.88671875
1786397418.2907503,60.240966796875,75.7,42.88671875
1786397418.3105865,60.240966796875,50.3,42.88671875
1786397418.3266926,60.240966796875,124.0,42.88671875
1786397418.3439717,60.240966796875,57.5,42.88671875
1786397418.3550048,60.240966796875,91.9,42.88671875
1786397418.373802,60.240966796875,53.1,42.88671875
1786397418.3891695,62.11180114746094,65.1,42.88671875
1786397418.4101553,62.11180114746094,94.1,42.890625
1786397418.428822,62.11180114746094,54.4,42.890625
1786397418.4392197,62.11180114746094,193.1,42.89453125
1786397418.45223,62.11180114746094,76.3,42.89453125
1786397418.4719477,62.11180114746094,50.9,42.89453125
1786397418.4875245,62.11180114746094,64.1,42.89453125
1786397418.5052414,62.11180114746094,0.0,42.89453125
1786397418.5179036,62.11180114746094,78.8,42.89453125
1786397418.5358799,62.11180114746094,55.5,42.89453125
1786397418.5474427,60.975608825683594,87.2,42.89453125
1786397418.5712907,60.975608825683594,41.4,42.89453125
1786397418.5894163,60.975608825683594,112.0,42.89453125
1786397418.605736,60.975608825683594,120.8,42.89453125
1786397418.6162374,60.975608825683594,93.8,42.89453125
1786397418.6311355,60.975608825683594,69.1,42.89453125
1786397418.6466968,60.975608825683594,0.0,42.89453125
1786397418.6640632,60.975608825683594,0.0,42.89453125
1786397418.6804018,60.975608825683594,61.3,42.89453125
1786397418.6965394,60.975608825683594,0.0,42.89453125
1786397418.7120566,60.60606002807617,64.5,42.89453125
1786397418.730473,60.60606002807617,54.3,42.89453125
1786397418.7500265,60.60606002807617,50.9,42.89453125
1786397418.7711701,60.60606002807617,94.7,42.89453125
1786397418.787886,60.60606002807617,119.8,42.89453125
1786397418.8006465,60.60606002807617,73.4,42.89453125
1786397418.817294,60.60606002807617,63.5,42.89453125
1786397418.834475,60.60606002807617,57.4,42.89453125
1786397418.8479893,60.60606002807617,75.5,42.89453125
1786397418.8599844,60.60606002807617,0.0,42.89453125
1786397418.876162,60.975608825683594,61.6,42.89453125
1786397418.8929713,60.975608825683594,120.2,42.89453125
1786397418.9101536,60.975608825683594,0.0,42.8984375
1786397418.927174,60.975608825683594,58.6,42.8984375
1786397418.9439168,60.975608825683594,60.0,42.8984375
1786397418.9619806,60.975608825683594,55.2,42.8984375
1786397418.977922,60.975608825683594,62.1,42.8984375
1786397418.993744,60.975608825683594,64.0,42.8984375
1786397419.0090332,60.975608825683594,65.4,42.8984375
1786397419.0250087,60.975608825683594,62.6,42.8984375
1786397419.0413814,62.11180114746094,61.2,42.8984375
1786397419.0566013,62.11180114746094,65.7,42.8984375
1786397419.072498,62.11180114746094,62.9,42.8984375
1786397419.08771,62.11180114746094,65.9,42.8984375
1786397419.110369,62.11180114746094,43.4,42.8984375
1786397419.1328845,62.11180114746094,135.4,42.8984375
1786397419.1463902,62.11180114746094,74.1,42.8984375
1786397419.1581564,62.11180114746094,84.8,42.8984375
1786397419.1785984,62.11180114746094,49.0,42.8984375
1786397419.190621,62.11180114746094,83.1,42.8984375
1786397419.206535,60.240966796875,62.9,42.8984375
1786397419.2191486,60.240966796875,79.3,42.8984375
1786397419.242431,60.240966796875,42.8,42.8984375
1786397419.2548783,60.240966796875,80.8,42.90234375
1786397419.2730348,60.240966796875,55.1,42.90234375
1786397419.2889667,60.240966796875,62.8,42.90234375
1786397419.3108995,60.240966796875,45.5,42.90234375
1786397419.3237524,60.240966796875,78.1,42.90234375
1786397419.342402,60.240966796875,53.4,42.90234375
1786397419.3564427,60.240966796875,143.1,42.90234375
1786397419.371449,61.7283935546875,66.3,42.90234375
1786397419.3837738,61.7283935546875,81.3,42.90234375
1786397419.399798,61.7283935546875,62.2,42.90234375
1786397419.416317,61.7283935546875,0.0,42.90234375
1786397419.4334128,61.7283935546875,58.3,42.90234375
1786397419.4504812,61.7283935546875,58.8,42.90234375
1786397419.4637883,61.7283935546875,75.0,42.90625
1786397419.480558,61.7283935546875,59.8,42.90625
1786397419.4930847,61.7283935546875,79.9,42.90625
1786397419.5110722,61.7283935546875,0.0,42.90625
1786397419.526564,62.11180114746094,64.6,42.90625
1786397419.54686,62.11180114746094,49.1,42.90625
1786397419.5602417,62.11180114746094,73.5,42.90625
1786397419.5754678,62.11180114746094,0.0,42.90625
1786397419.5950694,62.11180114746094,50.9,42.90625
1786397419.6084247,62.11180114746094,75.0,42.90625
1786397419.6234963,62.11180114746094,0.0,42.90625
1786397419.64245,62.11180114746094,52.6,42.90625
1786397419.6568096,62.11180114746094,69.8,42.90625
1786397419.6781085,62.11180114746094,46.4,42.90625
1786397419.694745,62.11180114746094,61.0,42.90625
1786397419.7068055,62.11180114746094,83.2,42.90625
1786397419.724556,62.11180114746094,56.3,42.90625
1786397419.742372,62.11180114746094,111.8,42.90625
1786397419.7550662,62.11180114746094,79.4,42.90625
1786397419.7751663,62.11180114746094,49.2,42.90625
1786397419.7905083,62.11180114746094,65.3,42.90625
1786397419.8055806,62.11180114746094,134.1,42.90625
1786397419.8167284,62.11180114746094,89.8,42.90625
1786397419.8343284,62.11180114746094,0.0,42.90625
1786397419.853113,62.11180114746094,53.3,42.90625
1786397419.8638506,62.11180114746094,93.1,42.90625
1786397419.885255,62.11180114746094,46.8,42.90625
1786397419.90206,62.11180114746094,59.3,42.90625
1786397419.9188998,62.11180114746094,59.5,42.90625
1786397419.9399543,62.11180114746094,94.7,42.90625
1786397419.9598866,62.11180114746094,100.7,42.90625
1786397419.9735737,62.11180114746094,73.2,42.90625
1786397419.9842732,62.11180114746094,93.6,42.91015625
1786397420.000649,62.11180114746094,60.8,42.91015625
1786397420.015877,60.240966796875,0.0,42.91015625
1786397420.0311935,60.240966796875,65.4,42.91015625
1786397420.0504744,60.240966796875,51.9,42.91015625
1786397420.0641696,60.240966796875,72.8,42.91015625
1786397420.0808282,60.240966796875,60.2,42.9140625
1786397420.0969138,60.240966796875,0.0,42.9140625
1786397420.1146183,60.240966796875,112.9,42.9140625
1786397420.1296513,60.240966796875,0.0,42.9140625
1786397420.1468813,60.240966796875,58.0,42.9140625
1786397420.1601405,60.240966796875,75.0,42.9140625
1786397420.1795225,62.5,51.9,42.9140625
1786397420.1951995,62.5,64.0,42.9140625
1786397420.2122688,62.5,58.6,42.9140625
1786397420.2256048,62.5,74.9,42.9140625
1786397420.2418096,62.5,0.0,42.9140625
1786397420.258918,62.5,58.4,42.9140625
1786397420.2769272,62.5,111.3,42.9140625
1786397420.2928936,62.5,62.6,42.9140625
1786397420.3085995,62.5,63.5,42.9140625
1786397420.3248372,62.5,61.7,42.9140625
1786397420.3450642,60.975608825683594,49.4,42.9140625
1786397420.3639987,60.975608825683594,52.8,42.9140625
1786397420.3818042,60.975608825683594,112.4,42.9140625
1786397420.394835,60.975608825683594,76.7,42.9140625
1786397420.4100964,60.975608825683594,65.4,42.9140625
1786397420.4210773,60.975608825683594,91.3,42.9140625
1786397420.4384618,60.975608825683594,57.5,42.9140625
1786397420.4527664,60.975608825683594,0.0,42.9140625
1786397420.4786382,60.975608825683594,77.1,42.9140625
1786397420.4913356,60.975608825683594,157.8,42.9140625
1786397420.5070393,61.7283935546875,63.9,42.91796875
1786397420.5181217,61.7283935546875,90.1,42.91796875
1786397420.540188,61.7283935546875,45.3,42.91796875
1786397420.5538023,61.7283935546875,72.4,42.91796875
1786397420.5699322,61.7283935546875,62.4,42.91796875
1786397420.5920305,61.7283935546875,45.3,42.91796875
1786397420.607913,61.7283935546875,126.1,42.91796875
1786397420.6180813,61.7283935546875,0.0,42.91796875
1786397420.6318536,61.7283935546875,71.6,42.91796875
1786397420.6468642,61.7283935546875,67.5,42.91796875
1786397420.6633472,61.349693298339844,0.0,42.91796875
1786397420.6798143,61.349693298339844,60.6,42.91796875
1786397420.697361,61.349693298339844,56.8,42.91796875
1786397420.711053,61.349693298339844,73.5,42.91796875
1786397420.7316241,61.349693298339844,0.0,42.91796875
1786397420.7475374,61.349693298339844,63.1,42.91796875
1786397420.7595825,61.349693298339844,83.7,42.91796875
1786397420.7769735,61.349693298339844,0.0,42.91796875
1786397420.7923071,61.349693298339844,65.2,42.91796875
1786397420.8090847,61.349693298339844,59.6,42.91796875
1786397420.8263788,61.7283935546875,0.0,42.91796875
1786397420.840919,61.7283935546875,68.9,42.91796875
1786397420.8602226,61.7283935546875,51.8,42.91796875
1786397420.8758764,61.7283935546875,63.9,42.91796875
1786397420.8909926,61.7283935546875,0.0,42.91796875
1786397420.9089415,61.7283935546875,55.7,42.921875
1786397420.9237394,61.7283935546875,67.5,42.921875
1786397420.9454055,61.7283935546875,45.9,42.921875
1786397420.9570594,61.7283935546875,86.6,42.921875
1786397420.9758136,61.7283935546875,53.3,42.921875
1786397420.991655,61.7283935546875,62.9,42.921875
1786397421.007801,61.7283935546875,62.0,42.92578125
1786397421.0217674,61.7283935546875,71.8,42.92578125
1786397421.0409257,61.7283935546875,51.8,42.92578125
1786397421.0544767,61.7283935546875,74.8,42.92578125
1786397421.0750833,61.7283935546875,48.5,42.92578125
1786397421.088875,61.7283935546875,72.5,42.92578125
1786397421.1067927,61.7283935546875,55.8,42.92578125
1786397421.128508,61.7283935546875,91.9,42.92578125
1786397421.142914,61.7283935546875,69.5,42.92578125
1786397421.1539142,61.349693298339844,91.2,42.92578125
1786397421.1762826,61.349693298339844,89.0,42.92578125
1786397421.1945271,61.349693298339844,110.0,42.92578125
